reference,comparison,variable,variable_type,reference_mean,comparison_mean,mean_delta,reference_missing_rate,comparison_missing_rate,missing_rate_delta,standardized_mean_difference,wasserstein_distance,wasserstein_over_clean_sd,ks_statistic,prevalence_delta,bernoulli_js_divergence,absolute_effect
other_hospitals,1,age,continuous,66.00460904561136,66.2496632996633,0.24505425405193648,0.0,0.0,0.0,0.020634637307505227,0.3337474119414838,0.0279062298926642,0.014807587824069324,,,0.020634637307505227
other_hospitals,1,alcohol_use,binary,0.12878497508623993,0.12261503928170595,-0.0061699358045339825,0.0,0.0,0.0,-0.018612365053652713,0.006169935804534066,0.018419819407766908,0.006169935804534066,-0.0061699358045339825,4.3302579208597154e-05,0.0061699358045339825
other_hospitals,1,baseline_alt_ast,continuous,24.929446147949406,24.848400673400672,-0.08104547454873412,0.0,0.0,0.0,-0.00814263255755748,0.2695145311984458,0.027383704314904802,0.014753600482487667,,,0.00814263255755748
other_hospitals,1,baseline_egfr,continuous,74.51837868915294,75.35019640852974,0.8318177193768008,0.0,0.0,0.0,0.042011772089281724,0.8471763007185265,0.042901104857337814,0.023373830292189868,,,0.042011772089281724
other_hospitals,1,baseline_mood_vulnerability,binary,0.1132617861249521,0.11419753086419752,0.000935744739245431,0.0,0.0,0.0,0.002947391930699551,0.0009357447392454032,0.0029526908536171683,0.0009357447392454032,0.000935744739245431,1.0858902612045256e-06,0.000935744739245431
other_hospitals,1,baseline_potassium,continuous,4.26603967037179,4.253731762065096,-0.012307908306694593,0.0,0.0,0.0,-0.034488258375575724,0.012650222466563322,0.035338090307139886,0.01711667589398519,,,0.034488258375575724
other_hospitals,1,baseline_qt_risk,binary,0.06793790724415485,0.07856341189674523,0.010625504652590378,0.0,0.0,0.0,0.040789929793289686,0.010625504652590378,0.04222513635567752,0.010625504652590378,0.010625504652590378,0.00020806017600006168,0.010625504652590378
other_hospitals,1,baseline_sodium,continuous,138.98649865848986,138.94913019079686,-0.03736846769299973,0.0,0.0,0.0,-0.014852499418403636,0.051543930424727366,0.020477171859009245,0.01778226883631251,,,0.014852499418403636
other_hospitals,1,ckd,binary,0.0931391337677271,0.0931537598204265,1.4626052699390213e-05,0.0,0.0,0.0,5.032402948977494e-05,1.4626052699417968e-05,5.0325802169095156e-05,1.4626052699417968e-05,1.4626052699390213e-05,3.1656344276515685e-10,1.4626052699390213e-05
other_hospitals,1,depression_history,binary,0.11642391720965888,0.10914702581369248,-0.007276891395966392,0.0,0.0,0.0,-0.023005608291934286,0.007276891395966323,0.02268834480842289,0.007276891395966323,-0.007276891395966392,6.615870377244242e-05,0.007276891395966392
other_hospitals,1,diabetes,binary,0.17401303181295516,0.16610549943883277,-0.007907532374122395,0.0,0.0,0.0,-0.02104947850109947,0.007907532374122339,0.02085755963888792,0.007907532374122339,-0.007907532374122395,5.538311091777626e-05,0.007907532374122395
other_hospitals,1,frailty,binary,0.03631659639708701,0.035072951739618406,-0.0012436446574686025,0.0,0.0,0.0,-0.006703307913329469,0.0012436446574685123,0.006647778627485614,0.0012436446574685123,-0.0012436446574686025,5.617003022945417e-06,0.0012436446574686025
other_hospitals,1,heart_failure,binary,0.07608279034112687,0.08080808080808081,0.004725290466953941,0.0,0.0,0.0,0.017575225716851148,0.004725290466953913,0.01782250584015704,0.004725290466953913,0.004725290466953941,3.861347284806003e-05,0.004725290466953941
other_hospitals,1,infection,binary,0.08288616328095055,0.08810325476992144,0.005217091488970885,0.0,0.0,0.0,0.018658839177334526,0.005217091488970871,0.018922382247150697,0.005217091488970871,0.005217091488970885,4.35214291943254e-05,0.005217091488970885
other_hospitals,1,liver_disease,binary,0.05739747029513224,0.05864197530864197,0.001244505013509735,0.0,0.0,0.0,0.005323404400121216,0.0012445050135098112,0.005350396582834991,0.0012445050135098112,0.001244505013509735,3.542368190079107e-06,0.001244505013509735
other_hospitals,1,monitoring_intensity,continuous,0.39340609428899964,0.3940297418630752,0.0006236475740755698,0.0,0.0,0.0,0.003138393042037606,0.0024215880107664946,0.012135689156737364,0.008456009350349458,,,0.003138393042037606
other_hospitals,1,polypharmacy_burden,count,4.9093522422384055,4.904040404040404,-0.005311838198001517,0.0,0.0,0.0,-0.0023637429892067073,0.04682251155995887,0.021047996605940457,0.008963404325612045,,,0.0023637429892067073
other_hospitals,1,sex_female,binary,0.5382330394787275,0.5269360269360269,-0.011297012542700546,0.0,0.0,0.0,-0.022643608071942066,0.011297012542700546,0.022660370495905344,0.011297012542700546,-0.011297012542700546,6.408480121725905e-05,0.011297012542700546
other_hospitals,1,acei_arb,binary,0.5543311613645074,0.5356341189674523,-0.018697042397055164,0.0,0.0,0.0,-0.03755295688100056,0.01869704239705522,0.037616824581832554,0.01869704239705522,-0.018697042397055164,0.00017622663542759317,0.018697042397055164
other_hospitals,1,aminoglycoside,binary,0.07129168263702568,0.05667789001122334,-0.014613792625802334,0.0,0.0,0.0,-0.05974159190240374,0.014613792625802313,0.056794180871591445,0.014613792625802313,-0.014613792625802334,0.0004466463841349068,0.014613792625802334
other_hospitals,1,antibiotic_hepatic_risk,binary,0.2133001149865849,0.2112794612794613,-0.002020653707123621,0.0,0.0,0.0,-0.004941347854013368,0.0020206537071235653,0.004932780650706187,0.0020206537071235653,-0.002020653707123621,3.0521054494654816e-06,0.002020653707123621
other_hospitals,1,anticholinergic,binary,0.157244154848601,0.15151515151515152,-0.005729003333449473,0.0,0.0,0.0,-0.01585659673624373,0.0057290033334495005,0.015737688064829957,0.0057290033334495005,-0.005729003333449473,3.142851647356727e-05,0.005729003333449473
other_hospitals,1,anticoagulant,binary,0.28248371023380603,0.27048260381593714,-0.01200110641786889,0.0,0.0,0.0,-0.02683500703230022,0.01200110641786889,0.026656842118075487,0.01200110641786889,-0.01200110641786889,9.000389600396803e-05,0.01200110641786889
other_hospitals,1,antiplatelet,binary,0.3203334610962054,0.30331088664421996,-0.01702257445198546,0.0,0.0,0.0,-0.03675316339381642,0.017022574451985406,0.036481790458427754,0.017022574451985406,-0.01702257445198546,0.0001688081464381293,0.01702257445198546
other_hospitals,1,benzodiazepine,binary,0.20505940973553086,0.18574635241301907,-0.01931305732251179,0.0,0.0,0.0,-0.048722003785848865,0.019313057322511762,0.047834786681681375,0.019313057322511762,-0.01931305732251179,0.0002966518211185501,0.01931305732251179
other_hospitals,1,beta_blocker,binary,0.3330778075891146,0.3319304152637486,-0.0011473923253659812,0.0,0.0,0.0,-0.0024355074102925707,0.0011473923253660923,0.0024344536334545215,0.0011473923253660923,-0.0011473923253659812,7.414612195434721e-07,0.0011473923253659812
other_hospitals,1,contrast_agent,binary,0.19135684170180145,0.18378226711560045,-0.007574574586201005,0.0,0.0,0.0,-0.019404587638200663,0.007574574586201033,0.019255632600370172,0.007574574586201033,-0.007574574586201005,4.7065452870150015e-05,0.007574574586201005
other_hospitals,1,corticosteroid,binary,0.18273284783441932,0.18490460157126823,0.0021717537368489137,0.0,0.0,0.0,0.005606916599632041,0.002171753736848858,0.00561979203130938,0.002171753736848858,0.0021717537368489137,3.929677202085271e-06,0.0021717537368489137
other_hospitals,1,diuretic,binary,0.4564967420467612,0.45258136924803594,-0.003915372798725281,0.0,0.0,0.0,-0.007863376012003154,0.003915372798725225,0.007860554845624968,0.003915372798725225,-0.003915372798725281,7.728986389033419e-06,0.003915372798725281
other_hospitals,1,hepatotoxic_drug_A,binary,0.10799156765044078,0.11307519640852974,0.005083628758088959,0.0,0.0,0.0,0.01621349127357511,0.005083628758088876,0.01637926559124525,0.005083628758088876,0.005083628758088959,3.286008433440557e-05,0.005083628758088959
other_hospitals,1,herbal_exposure,binary,0.15389037945573017,0.1366442199775533,-0.01724615947817687,0.0,0.0,0.0,-0.04895796824512717,0.01724615947817687,0.04779399633618132,0.01724615947817687,-0.01724615947817687,0.0002995821587933366,0.01724615947817687
other_hospitals,1,nsaid,binary,0.25776159448064395,0.265993265993266,0.008231671512622052,0.0,0.0,0.0,0.01872379099548181,0.008231671512622052,0.01881946250443198,0.008231671512622052,0.008231671512622052,4.3820094306684394e-05,0.008231671512622052
other_hospitals,1,opioid,binary,0.17631276351092373,0.17424242424242425,-0.002070339268499477,0.0,0.0,0.0,-0.005445352905460422,0.0020703392684995325,0.005432734420685711,0.0020703392684995325,-0.002070339268499477,3.7064739979576593e-06,0.002070339268499477
other_hospitals,1,ppi,binary,0.3898045228056727,0.3872053872053872,-0.0025991356002854626,0.0,0.0,0.0,-0.005332559737451684,0.0025991356002854626,0.005329310310932365,0.0025991356002854626,-0.0025991356002854626,3.5545039930573712e-06,0.0025991356002854626
other_hospitals,1,qt_prolonging_drug,binary,0.14124185511690301,0.12373737373737374,-0.01750448137952927,0.0,0.0,0.0,-0.05164945692463717,0.017504481379529313,0.050261113626706454,0.017504481379529313,-0.01750448137952927,0.00033344743320497337,0.01750448137952927
other_hospitals,1,snri,binary,0.12054426983518589,0.10325476992143659,-0.0172894999137493,0.0,0.0,0.0,-0.05486566187833311,0.017289499913749284,0.0531009333861765,0.017289499913749284,-0.0172894999137493,0.00037633076344795787,0.0172894999137493
other_hospitals,1,ssri,binary,0.27558451513990034,0.2609427609427609,-0.014641754197139423,0.0,0.0,0.0,-0.033051729065464115,0.014641754197139423,0.032769653069211056,0.014641754197139423,-0.014641754197139423,0.0001365278301544569,0.014641754197139423
other_hospitals,1,thiazide,binary,0.20132234572633192,0.2000561167227834,-0.0012662290035485302,0.0,0.0,0.0,-0.0031614981565307554,0.001266229003548558,0.0031577700341326133,0.001266229003548558,-0.0012662290035485302,1.249382384948183e-06,0.0012662290035485302
other_hospitals,1,valproate_like_drug,binary,0.08231123035645842,0.08754208754208755,0.005230857185629129,0.0,0.0,0.0,0.018764716445617856,0.005230857185629212,0.019032489889526712,0.005230857185629212,0.005230857185629129,4.4016822110516836e-05,0.005230857185629129
other_hospitals,1,anticholinergic_burden,binary,0.09151015714833269,0.10016835016835017,0.008658193020017482,0.0,0.0,0.0,0.029415734445932182,0.008658193020017468,0.030028426444232162,0.008658193020017468,0.008658193020017482,0.00010817060240432943,0.008658193020017482
other_hospitals,1,cardiac_repolarization_delay,binary,0.1742046761211192,0.16245791245791247,-0.011746763663206733,0.0,0.0,0.0,-0.031398878332745316,0.011746763663206816,0.030970778147993816,0.011746763663206816,-0.011746763663206733,0.0001232268018453767,0.011746763663206733
other_hospitals,1,cholestatic_pattern,binary,0.1077041011881947,0.11503928170594838,0.00733518051775367,0.0,0.0,0.0,0.023318082896424848,0.0073351805177536145,0.023661389101633214,0.0073351805177536145,0.00733518051775367,6.796832714661108e-05,0.00733518051775367
other_hospitals,1,cns_sedation,binary,0.1600229973169797,0.14983164983164984,-0.010191347485329849,0.0,0.0,0.0,-0.028168494798282692,0.010191347485329794,0.02779756223886282,0.010191347485329794,-0.010191347485329849,9.917855059294288e-05,0.010191347485329849
other_hospitals,1,coagulation_impairment,binary,0.15944806439248754,0.15432098765432098,-0.005127076738166564,0.0,0.0,0.0,-0.014097659651619987,0.005127076738166592,0.014004832392446721,0.005127076738166592,-0.005127076738166564,2.484270481988124e-05,0.005127076738166564
other_hospitals,1,electrolyte_disturbance,binary,0.09486393254120352,0.09708193041526375,0.0022179978740602263,0.0,0.0,0.0,0.007530071609371857,0.0022179978740601847,0.007569263569059059,0.0022179978740601847,0.0022179978740602263,7.08778960521511e-06,0.0022179978740602263
other_hospitals,1,fatigue_pathway,binary,0.09563050977385971,0.09792368125701459,0.002293171483154874,0.0,0.0,0.0,0.007756325661560648,0.0022931714831548877,0.0077976788692069535,0.0022931714831548877,0.002293171483154874,7.5201194753432565e-06,0.002293171483154874
other_hospitals,1,gastric_mucosal_injury,binary,0.09869681870448448,0.11251402918069585,0.013817210476211372,0.0,0.0,0.0,0.044969953544058285,0.013817210476211428,0.04632691109915755,0.013817210476211428,0.013817210476211372,0.00025282107794779435,0.013817210476211372
other_hospitals,1,gastric_protection,binary,0.11077041011881947,0.10970819304152638,-0.0010622170772930928,0.0,0.0,0.0,-0.0033916346843712274,0.0010622170772931483,0.003384499424454636,0.0010622170772931483,-0.0010622170772930928,1.4378990526334135e-06,0.0010622170772930928
other_hospitals,1,hepatic_metabolic_stress,binary,0.14028363357608278,0.13468013468013468,-0.005603498895948106,0.0,0.0,0.0,-0.01627296968780786,0.0056034988959480225,0.01613534256828934,0.0056034988959480225,-0.005603498895948106,3.310098596277051e-05,0.005603498895948106
other_hospitals,1,hepatocellular_injury,binary,0.08029896512073591,0.08754208754208755,0.007243122421351639,0.0,0.0,0.0,0.026125354938202654,0.007243122421351722,0.026653086816077535,0.007243122421351722,0.007243122421351639,8.532650743222898e-05,0.007243122421351639
other_hospitals,1,monoamine_disruption,binary,0.08432349559218091,0.09062850729517397,0.006305011702993052,0.0,0.0,0.0,0.022317540170545245,0.006305011702993024,0.02269031686955696,0.006305011702993024,0.006305011702993052,6.226363704512207e-05,0.006305011702993052
other_hospitals,1,nephrotoxic_stress,binary,0.12677270985051745,0.1282267115600449,0.0014540017095274471,0.0,0.0,0.0,0.004359418464495703,0.0014540017095274749,0.004370069866786777,0.0014540017095274749,0.0014540017095274471,2.37556614848545e-06,0.0014540017095274471
other_hospitals,1,oxidative_hepatic_stress,binary,0.08374856266768876,0.08108866442199776,-0.002659898245691003,0.0,0.0,0.0,-0.00967242012501839,0.002659898245691017,0.009602161528981313,0.002659898245691017,-0.002659898245691003,1.1694656430686419e-05,0.002659898245691003
other_hospitals,1,platelet_inhibition,binary,0.10492525871981602,0.10409652076318743,-0.0008287379566285918,0.0,0.0,0.0,-0.002708985631975345,0.0008287379566286335,0.002704254462306874,0.0008287379566286335,-0.0008287379566285918,9.173258668615893e-07,0.0008287379566285918
other_hospitals,1,potassium_retention,binary,0.14517056343426601,0.14281705948372614,-0.002353503950539876,0.0,0.0,0.0,-0.006703583220357073,0.0023535039505399036,0.006680914532672307,0.0023535039505399036,-0.002353503950539876,5.617244170136012e-06,0.002353503950539876
other_hospitals,1,psychomotor_impairment,binary,0.11096205442698352,0.10578002244668912,-0.005182031980294405,0.0,0.0,0.0,-0.016671185173457483,0.0051820319802943215,0.016498812820980476,0.0051820319802943215,-0.005182031980294405,3.474159507922225e-05,0.005182031980294405
other_hospitals,1,reduced_renal_perfusion,binary,0.17794174013031813,0.1717171717171717,-0.00622456841314642,0.0,0.0,0.0,-0.016388705969072957,0.006224568413146447,0.016274926248783125,0.006224568413146447,-0.00622456841314642,3.357293344243852e-05,0.00622456841314642
other_hospitals,1,serotonergic_shift,binary,0.14564967420467612,0.13720538720538722,-0.008444286999288897,0.0,0.0,0.0,-0.0242347982424959,0.008444286999288897,0.023938130596213233,0.008444286999288897,-0.008444286999288897,7.341430934531797e-05,0.008444286999288897
other_hospitals,1,sleep_disruption,binary,0.09112686853200459,0.07716049382716049,-0.013966374704844103,0.0,0.0,0.0,-0.05032649840663089,0.013966374704844076,0.04852983714504407,0.013966374704844076,-0.013966374704844103,0.0003167280314529046,0.013966374704844103
other_hospitals,1,sodium_water_imbalance,binary,0.11987351475661173,0.10297418630751964,-0.016899328449092088,0.0,0.0,0.0,-0.053726640441172126,0.016899328449092033,0.05202777843384587,0.016899328449092033,-0.016899328449092088,0.00036086718106371433,0.016899328449092088
other_hospitals,1,tubular_injury,binary,0.09975086239938674,0.10493827160493827,0.005187409205551524,0.0,0.0,0.0,0.01711508977427906,0.0051874092055516074,0.01731054821112913,0.0051874092055516074,0.005187409205551524,3.66166302161906e-05,0.005187409205551524
other_hospitals,1,volume_depletion,binary,0.12169413568417017,0.122334455667789,0.0006403199836188256,0.0,0.0,0.0,0.0019563573334747454,0.0006403199836187978,0.0019585710883818015,0.0006403199836187978,0.0006403199836188256,4.784167775269779e-07,0.0006403199836188256
other_hospitals,1,alt_ast_rise,binary,0.056918359524722115,0.057800224466891134,0.0008818649421690195,0.0,0.0,0.0,0.003792519934865042,0.0008818649421690195,0.00380628449198773,0.0008818649421690195,0.0008818649421690195,1.7979111627884452e-06,0.0008818649421690195
other_hospitals,1,anhedonia_like_symptom,binary,0.04292832502874665,0.0409652076318743,-0.001963117396872348,0.0,0.0,0.0,-0.00979281192568373,0.0019631173968723825,0.009685054486238215,0.0019631173968723825,-0.001963117396872348,1.1988156671079967e-05,0.001963117396872348
other_hospitals,1,bilirubin_rise,binary,0.02577615944806439,0.01655443322109989,-0.009221726226964502,0.0,0.0,0.0,-0.06410151872397984,0.0092217262269646,0.0581934015403111,0.0092217262269646,-0.009221726226964502,0.0005171485344490486,0.009221726226964502
other_hospitals,1,cognitive_slowing,binary,0.06908777309313914,0.06734006734006734,-0.0017477057530718015,0.0,0.0,0.0,-0.006932283436227907,0.0017477057530718154,0.006891493509152451,0.0017477057530718154,-0.0017477057530718015,6.007150198316063e-06,0.0017477057530718015
other_hospitals,1,confusion_state,binary,0.07330394787274817,0.06818181818181818,-0.005122129690929997,0.0,0.0,0.0,-0.019978501567531316,0.005122129690929955,0.01965251931104457,0.005122129690929955,-0.005122129690929997,4.989772369790556e-05,0.005122129690929997
other_hospitals,1,creatinine_rise,binary,0.1488118052893829,0.14702581369248036,-0.001785991596902542,0.0,0.0,0.0,-0.005030702027247065,0.0017859915969025142,0.005018199498643444,0.0017859915969025142,-0.001785991596902542,3.1634918051801682e-06,0.001785991596902542
other_hospitals,1,dehydration,binary,0.11460329628210042,0.11307519640852974,-0.0015280998735706791,0.0,0.0,0.0,-0.004811170350893494,0.0015280998735707207,0.0047971603426750255,0.0015280998735707207,-0.0015280998735706791,2.893422565607303e-06,0.0015280998735706791
other_hospitals,1,dizziness,binary,0.14334994250670755,0.14281705948372614,-0.0005328830229814063,0.0,0.0,0.0,-0.0015218364390295167,0.0005328830229813786,0.0015206574662510381,0.0005328830229813786,-0.0005328830229814063,2.8949824482964116e-07,0.0005328830229814063
other_hospitals,1,fatigue_symptom,binary,0.1926983518589498,0.18967452300785634,-0.003023828851093452,0.0,0.0,0.0,-0.007689669309388491,0.003023828851093424,0.007666555549518907,0.003023828851093424,-0.003023828851093452,7.391330632033292e-06,0.003023828851093452
other_hospitals,1,gi_irritation,binary,0.0939057110003833,0.09511784511784512,0.0012121341174618216,0.0,0.0,0.0,0.004143498993556262,0.001212134117461905,0.0041554491872193445,0.001212134117461905,0.0012121341174618216,2.1460771110327448e-06,0.0012121341174618216
other_hospitals,1,hyperkalemia_state,binary,0.059888846301264856,0.06313131313131314,0.0032424668300482795,0.0,0.0,0.0,0.013495764093575715,0.0032424668300482518,0.013665104774557997,0.0032424668300482518,0.0032424668300482795,2.2768394607085448e-05,0.0032424668300482795
other_hospitals,1,hyponatremia_state,binary,0.06985435032579533,0.06902356902356903,-0.0008307813022263022,0.0,0.0,0.0,-0.0032682348572606007,0.0008307813022263577,0.00325922621687068,0.0008307813022263577,-0.0008307813022263022,1.3351737334655613e-06,0.0008307813022263022
other_hospitals,1,hypotension,binary,0.1035837485626677,0.0968013468013468,-0.006782401761320889,0.0,0.0,0.0,-0.02259012898859963,0.006782401761320944,0.022257830947522032,0.006782401761320944,-0.006782401761320889,6.3792081901913e-05,0.006782401761320889
other_hospitals,1,jaundice,binary,0.012073591414334995,0.008417508417508417,-0.0036560829968265776,0.0,0.0,0.0,-0.03631250825772133,0.003656082996826515,0.03347615047422031,0.003656082996826515,-0.0036560829968265776,0.0001656469574992898,0.0036560829968265776
other_hospitals,1,mood_lowering,binary,0.08777309313913377,0.08221099887766554,-0.005562094261468226,0.0,0.0,0.0,-0.0199461171156573,0.005562094261468142,0.019656500603051685,0.005562094261468142,-0.005562094261468226,4.97341319185341e-05,0.005562094261468226
other_hospitals,1,nausea,binary,0.10425450364124185,0.10325476992143659,-0.0009997337198052597,0.0,0.0,0.0,-0.0032784435183460595,0.000999733719805329,0.0032714825751806245,0.000999733719805329,-0.0009997337198052597,1.3435250432349672e-06,0.0009997337198052597
other_hospitals,1,occult_bleeding,binary,0.027405136067458796,0.030303030303030304,0.0028978942355715083,0.0,0.0,0.0,0.017312226156691375,0.0028978942355715187,0.01775009017485838,0.0028978942355715187,0.0028978942355715083,3.74766457276217e-05,0.0028978942355715083
other_hospitals,1,overt_bleeding,binary,0.0233806055960138,0.026094276094276093,0.002713670498262294,0.0,0.0,0.0,0.017471714484435134,0.0027136704982622106,0.017958355437064633,0.0027136704982622106,0.002713670498262294,3.817336979554235e-05,0.002713670498262294
other_hospitals,1,qt_prolongation_state,binary,0.04973169796857033,0.04405162738496072,-0.005680070583609614,0.0,0.0,0.0,-0.026870390296714012,0.005680070583609642,0.02612846926832464,0.005680070583609642,-0.005680070583609614,9.028861066386626e-05,0.005680070583609614
other_hospitals,1,sedation_state,binary,0.1298390187811422,0.12626262626262627,-0.003576392518515936,0.0,0.0,0.0,-0.010703224239181831,0.003576392518515936,0.010640027800382982,0.003576392518515936,-0.003576392518515936,1.4319873169319343e-05,0.003576392518515936
other_hospitals,1,sleep_disturbance_symptom,binary,0.12131084706784208,0.12570145903479238,0.0043906119669503,0.0,0.0,0.0,0.013344920509045597,0.004390611966950231,0.013447997092021128,0.004390611966950231,0.0043906119669503,2.2260902265517366e-05,0.0043906119669503
other_hospitals,1,adr_reported,binary,0.04522805672671522,0.03956228956228956,-0.005665767164425656,0.0,0.0,0.0,-0.02812226409610568,0.0056657671644256835,0.027264964391754916,0.0056657671644256835,-0.005665767164425656,9.89087419497629e-05,0.005665767164425656
other_hospitals,1,creatinine_tested,binary,0.4950172479877348,0.4775533108866442,-0.017463937101090565,0.0,0.0,0.0,-0.0349463545856878,0.01746393710109051,0.03492960869715406,0.01746393710109051,-0.017463937101090565,0.00015261715643734904,0.017463937101090565
other_hospitals,1,ecg_performed,binary,0.2520122652357225,0.2570145903479237,0.005002325112201167,0.0,0.0,0.0,0.011484281018878531,0.0050023251122012224,0.011521627675756207,0.0050023251122012224,0.005002325112201167,1.6485750942838188e-05,0.005002325112201167
other_hospitals,1,electrolyte_abnormality_recorded,binary,0.11163280950555768,0.10802469135802469,-0.003608118147532993,0.0,0.0,0.0,-0.011539664327164441,0.003608118147532924,0.011457465738764624,0.003608118147532924,-0.003608118147532993,1.6645595101489816e-05,0.003608118147532993
other_hospitals,1,electrolytes_tested,binary,0.4318704484476811,0.4222783389450056,-0.009592109502675472,0.0,0.0,0.0,-0.019392493725217952,0.009592109502675417,0.01936483024314558,0.009592109502675417,-0.009592109502675472,4.700498293607825e-05,0.009592109502675472
other_hospitals,1,elevated_alt_ast_recorded,binary,0.02673438098888463,0.027777777777777776,0.0010433967888931472,0.0,0.0,0.0,0.006407974422559187,0.0010433967888932028,0.006468427851143355,0.0010433967888932028,0.0010433967888931472,5.133019250623387e-06,0.0010433967888931472
other_hospitals,1,elevated_creatinine_recorded,binary,0.0947681103871215,0.09006734006734007,-0.0047007703197814305,0.0,0.0,0.0,-0.01623165092603243,0.004700770319781444,0.01604937035635353,0.004700770319781444,-0.0047007703197814305,3.2934368523525586e-05,0.0047007703197814305
other_hospitals,1,fall_reported,binary,0.05730164814105021,0.05751964085297419,0.0002179927119239783,0.0,0.0,0.0,0.0009370969949877024,0.00021799271192401992,0.0009379334909227545,0.00021799271192401992,0.0002179927119239783,1.0976888526899976e-07,0.0002179927119239783
other_hospitals,1,hospital_contact,binary,0.278171713300115,0.2564534231200898,-0.02171829018002519,0.0,0.0,0.0,-0.04908935777802879,0.021718290180025246,0.04846767647407504,0.021718290180025246,-0.02171829018002519,0.00030110292451984797,0.02171829018002519
other_hospitals,1,lft_tested,binary,0.334802606362591,0.3271604938271605,-0.007642112535430512,0.0,0.0,0.0,-0.01624077714061837,0.0076421125354305675,0.01619361255127531,0.0076421125354305675,-0.007642112535430512,3.2968730611046245e-05,0.007642112535430512
other_hospitals,1,mood_screening_done,binary,0.18129551552318895,0.16526374859708193,-0.016031766926107027,0.0,0.0,0.0,-0.042366806876885856,0.016031766926107083,0.0416125447211496,0.016031766926107083,-0.016031766926107027,0.00022433444656422795,0.016031766926107027
other_hospitals,1,qt_recorded,binary,0.01983518589497892,0.016835016835016835,-0.0030001690599620844,0.0,0.0,0.0,-0.022364005428139117,0.0030001690599620323,0.021516817502727135,0.0030001690599620323,-0.0030001690599620844,6.25794197678148e-05,0.0030001690599620844
other_hospitals,1,AKI,binary,0.13568417018014564,0.12906846240179573,-0.006615707778349911,0.0,0.0,0.0,-0.01952208309964932,0.006615707778349966,0.019318592813971903,0.006615707778349966,-0.006615707778349911,4.763874494633576e-05,0.006615707778349911
other_hospitals,1,DILI,binary,0.018493675737830586,0.01936026936026936,0.000866593622438773,0.0,0.0,0.0,0.006359550789525151,0.0008665936224387938,0.006432167097267081,0.0008665936224387938,0.000866593622438773,5.055867987919073e-06,0.000866593622438773
other_hospitals,1,Delirium,binary,0.03775392870831736,0.03647586980920314,-0.0012780588991142192,0.0,0.0,0.0,-0.006760704804502078,0.0012780588991142539,0.006705431335888747,0.0012780588991142539,-0.0012780588991142192,5.713597749480682e-06,0.0012780588991142192
other_hospitals,1,Depression,binary,0.08326945189727865,0.08305274971941638,-0.00021670217786226575,0.0,0.0,0.0,-0.0007847958163078354,0.0002167021778622935,0.0007843313445358211,0.0002167021778622935,-0.00021670217786226575,7.698806729760109e-08,0.00021670217786226575
other_hospitals,1,Falls,binary,0.0778075891146033,0.07716049382716049,-0.000647095287442806,0.0,0.0,0.0,-0.0024203349868139614,0.0006470952874427782,0.0024157193924632748,0.0006470952874427782,-0.000647095287442806,7.322535729017499e-07,0.000647095287442806
other_hospitals,1,GI_bleeding,binary,0.024817937907244157,0.023849607182940515,-0.0009683307243036413,0.0,0.0,0.0,-0.00628449662982333,0.0009683307243036898,0.0062244074377208304,0.0009683307243036898,-0.0009683307243036413,4.93713135509539e-06,0.0009683307243036413
other_hospitals,1,Hospitalization,binary,0.2278650824070525,0.21352413019079686,-0.014340952216255642,0.0,0.0,0.0,-0.034585432709536165,0.014340952216255642,0.03418948055112306,0.014340952216255642,-0.014340952216255642,0.00014949528951263124,0.014340952216255642
other_hospitals,1,Hyperkalemia,binary,0.04973169796857033,0.04489337822671156,-0.0048383197418587764,0.0,0.0,0.0,-0.022790791772137064,0.0048383197418587764,0.022256393969869972,0.0048383197418587764,-0.0048383197418587764,6.494607450130245e-05,0.0048383197418587764
other_hospitals,1,Hyponatremia,binary,0.07665772326561901,0.08080808080808081,0.004150357542461805,0.0,0.0,0.0,0.015410881955288568,0.004150357542461736,0.015600057277709968,0.004150357542461736,0.004150357542461805,2.968831711162314e-05,0.004150357542461805
other_hospitals,1,QT_arrhythmia,binary,0.01657723265619011,0.019079685746352413,0.002502453090162303,0.0,0.0,0.0,0.018911883405485476,0.002502453090162282,0.019599265656441947,0.002502453090162282,0.002502453090162303,4.4739534023889474e-05,0.002502453090162303
other_hospitals,1,active_drug_count,count,6.092851667305481,5.903759820426487,-0.18909184687899394,0.0,0.0,0.0,-0.08370547939951763,0.1895439639786133,0.08167795755740732,0.043012747465283496,,,0.08370547939951763
other_hospitals,1,ddi_renal_double_hit,binary,0.14459563050977386,0.14506172839506173,0.00046609788528786944,0.0,0.0,0.0,0.0013244128276517354,0.0004660978852878417,0.0013252988333779835,0.0004660978852878417,0.00046609788528786944,2.192586524817628e-07,0.00046609788528786944
other_hospitals,1,ddi_renal_triple_whammy,binary,0.06908777309313914,0.0664983164983165,-0.0025894565948226395,0.0,0.0,0.0,-0.010300674322324774,0.002589456594822681,0.010210656618877212,0.002589456594822681,-0.0025894565948226395,1.3263386615869322e-05,0.0025894565948226395
other_hospitals,1,ddi_cns_depression_synergy,binary,0.04005366040628593,0.033950617283950615,-0.006103043122335318,0.0,0.0,0.0,-0.03233531651929272,0.006103043122335228,0.031124462088339154,0.006103043122335228,-0.006103043122335318,0.00013080545780660914,0.006103043122335318
other_hospitals,1,ddi_bleeding_dual,binary,0.09227673438098888,0.0872615039281706,-0.005015230452818278,0.0,0.0,0.0,-0.017545604708514503,0.0050152304528183755,0.017328782554045675,0.0050152304528183755,-0.005015230452818278,3.848262994089204e-05,0.005015230452818278
other_hospitals,1,ddi_bleeding_triple,binary,0.024243004982752014,0.026374859708193043,0.002131854725441029,0.0,0.0,0.0,0.013573667384631484,0.0021318547254410847,0.013860967475489355,0.0021318547254410847,0.002131854725441029,2.3036135869019636e-05,0.002131854725441029
other_hospitals,1,ddi_serotonergic_synergy,binary,0.033537753928708315,0.030303030303030304,-0.0032347236256780112,0.0,0.0,0.0,-0.0184020377942426,0.0032347236256780043,0.017967090149511807,0.0032347236256780043,-0.0032347236256780112,4.2343342241170324e-05,0.0032347236256780112
other_hospitals,1,ddi_qt_multidrug_load,count,0.7639900344959755,0.6955667789001122,-0.06842325559586326,0.0,0.0,0.0,-0.08665238615454796,0.06940793308494847,0.0873990796724982,0.047599305520603596,,,0.08665238615454796
other_hospitals,1,ddi_hepatic_triple_hit,binary,0.0026830203142966655,0.0016835016835016834,-0.000999518630794982,0.0,0.0,0.0,-0.021415961111284132,0.0009995186307949488,0.01932245509405123,0.0009995186307949488,-0.000999518630794982,5.783413542777475e-05,0.000999518630794982
other_hospitals,1,cumulative_adr_burden,continuous,1.9107704101188197,1.8306060606060606,-0.08016434951275908,0.0,0.0,0.0,-0.05168623242842291,0.08035283631425191,0.051304927181295416,0.029757564572947204,,,0.05168623242842291
other_hospitals,1,severe_adr_burden,binary,0.10617094672288233,0.10437710437710437,-0.0017938423457779518,0.0,0.0,0.0,-0.005844945805106919,0.0017938423457779518,0.005823099263316233,0.0017938423457779518,-0.0017938423457779518,4.270433761431787e-06,0.0017938423457779518
other_hospitals,1,statin,binary,0.31343426600229973,0.31425364758698093,0.0008193815846812003,0.0,0.0,0.0,0.0017657045525129294,0.0008193815846812003,0.001766330223249655,0.0008193815846812003,0.0008193815846812003,3.897138502665222e-07,0.0008193815846812003
other_hospitals,1,macrolide,binary,0.14258336527405135,0.12457912457912458,-0.018004240694926774,0.0,0.0,0.0,-0.05294076862361587,0.018004240694926787,0.05149255332408556,0.018004240694926787,-0.018004240694926774,0.00035032617168045607,0.018004240694926774
other_hospitals,1,azole_antifungal,binary,0.08403602912993484,0.08305274971941638,-0.0009832794105184561,0.0,0.0,0.0,-0.003553556860394067,0.0009832794105184561,0.0035440920095121337,0.0009832794105184561,-0.0009832794105184561,1.5784741677628516e-06,0.0009832794105184561
other_hospitals,1,metformin,binary,0.30653507090839405,0.2878787878787879,-0.018656283029606147,0.0,0.0,0.0,-0.040829343798233754,0.018656283029606202,0.040464370245013655,0.018656283029606202,-0.018656283029606147,0.00020831846767358636,0.018656283029606147
other_hospitals,1,digoxin,binary,0.09543886546569567,0.09399551066217733,-0.001443354803518343,0.0,0.0,0.0,-0.0049291029079702245,0.0014433548035183152,0.0049123749261572895,0.0014433548035183152,-0.001443354803518343,3.0370151203627576e-06,0.001443354803518343
other_hospitals,1,triptan,binary,0.08921042545036413,0.0861391694725028,-0.0030712559778613285,0.0,0.0,0.0,-0.010859509134099771,0.003071255977861398,0.010774551073416369,0.003071255977861398,-0.0030712559778613285,1.4741371039765075e-05,0.0030712559778613285
other_hospitals,1,lithium,binary,0.0540436949022614,0.04938271604938271,-0.0046609788528786875,0.0,0.0,0.0,-0.021048958056961945,0.004660978852878639,0.020614323047935902,0.004660978852878639,-0.0046609788528786875,5.5393987749363357e-05,0.0046609788528786875
other_hospitals,1,potassium_supplement,binary,0.133096972019931,0.14393939393939395,0.010842421919462941,0.0,0.0,0.0,0.03139086907061275,0.010842421919462941,0.031919564379422484,0.010842421919462941,0.010842421919462941,0.00012317020812929215,0.010842421919462941
other_hospitals,1,hypertension,binary,0.528459179762361,0.5381593714927049,0.009700191730343866,0.0,0.0,0.0,0.019444495942237513,0.009700191730343755,0.019431885732573574,0.009700191730343755,0.009700191730343866,4.72573437120807e-05,0.009700191730343866
other_hospitals,1,atrial_fibrillation,binary,0.13453430433116137,0.12906846240179573,-0.005465841929365639,0.0,0.0,0.0,-0.016158524926577256,0.005465841929365611,0.016018270375687364,0.005465841929365611,-0.005465841929365639,3.263714852058913e-05,0.005465841929365639
other_hospitals,1,epilepsy,binary,0.03775392870831736,0.03423120089786756,-0.003522727810449801,0.0,0.0,0.0,-0.01891262952834999,0.0035227278104498216,0.018482254193736745,0.0035227278104498216,-0.003522727810449801,4.4724165987146446e-05,0.003522727810449801
other_hospitals,1,hypothyroidism,binary,0.14622460712916827,0.15179573512906847,0.0055711279999001995,0.0,0.0,0.0,0.01564538602469375,0.005571127999900116,0.015767436416572723,0.005571127999900116,0.0055711279999001995,3.059691549986464e-05,0.0055711279999001995
other_hospitals,1,obesity,binary,0.33729398236872365,0.3319304152637486,-0.005363567104975042,0.0,0.0,0.0,-0.011367171982940063,0.005363567104975098,0.011344594182079618,0.005363567104975098,-0.005363567104975042,1.6151182816381447e-05,0.005363567104975042
other_hospitals,1,nephrotoxin_load,count,1.12878497508624,1.0914702581369249,-0.037314716949315097,0.0,0.0,0.0,-0.04367993430965736,0.03731471694931518,0.04350647304087531,0.021831642088445458,,,0.04367993430965736
other_hospitals,1,hepatic_drug_load,count,0.94365657339977,0.9337822671156004,-0.009874306284169632,0.0,0.0,0.0,-0.011384666367136186,0.010038849377037862,0.011458060987568568,0.0035995145871215994,,,0.011384666367136186
other_hospitals,1,qt_drug_load_v3,count,0.8594288999616712,0.7895622895622896,-0.06986661039938158,0.0,0.0,0.0,-0.08294033204403918,0.06997458508254478,0.08240629720726392,0.04306770270741139,,,0.08294033204403918
other_hospitals,1,cns_depressant_load,count,0.620927558451514,0.5990460157126823,-0.021881542738831694,0.0,0.0,0.0,-0.030352373810360513,0.021881542738831583,0.030107523097711683,0.013302287385588696,,,0.030352373810360513
other_hospitals,1,bleeding_risk_load,count,1.3188961287849752,1.2856341189674523,-0.03326200981752292,0.0,0.0,0.0,-0.03347701296380869,0.03431551578989939,0.03432750145091987,0.010148437227778029,,,0.03347701296380869
other_hospitals,1,serotonergic_load,count,0.6616519739363741,0.6245791245791246,-0.03707284935724953,0.0,0.0,0.0,-0.051047121047450794,0.03925922914679786,0.05360199899616364,0.021121633265494266,,,0.051047121047450794
other_hospitals,1,cyp_inhibitor_load,count,0.2266193944039862,0.20763187429854096,-0.018987520105445244,0.0,0.0,0.0,-0.04325913280768969,0.018987520105445244,0.04227704032333549,0.015303905715302157,,,0.04325913280768969
other_hospitals,1,ddi_statin_cyp_inhibitor,binary,0.0665005749329245,0.06060606060606061,-0.005894514326863887,0.0,0.0,0.0,-0.02416401417814075,0.005894514326863942,0.023658014857023027,0.005894514326863942,-0.005894514326863887,7.300131855252664e-05,0.005894514326863887
other_hospitals,1,ddi_metformin_renal_risk,binary,0.035070908394020696,0.03198653198653199,-0.0030843764074887092,0.0,0.0,0.0,-0.01713485154421009,0.0030843764074887092,0.016766644840342453,0.0030843764074887092,-0.0030843764074887092,3.671021562634731e-05,0.0030843764074887092
other_hospitals,1,ddi_lithium_renal_risk,binary,0.0033537753928708316,0.005331088664421998,0.001977313271551166,0.0,0.0,0.0,0.030074821868235718,0.001977313271551151,0.03420093517571105,0.001977313271551151,0.001977313271551166,0.00011402934500084617,0.001977313271551166
other_hospitals,1,ddi_digoxin_electrolyte_risk,binary,0.009198926791874281,0.00813692480359147,-0.0010620019882828114,0.0,0.0,0.0,-0.011456851501892577,0.001062001988282768,0.011124064910328602,0.001062001988282768,-0.0010620019882828114,1.64170808396714e-05,0.0010620019882828114
other_hospitals,1,ddi_serotonergic_high_load,binary,0.1298390187811422,0.1127946127946128,-0.017044405986529412,0.0,0.0,0.0,-0.05222196486041218,0.017044405986529454,0.05070834719588942,0.017044405986529454,-0.017044405986529412,0.00034090676690493125,0.017044405986529412
other_hospitals,1,drug_disease_nsaid_ckd,binary,0.025201226523572248,0.03058361391694725,0.005382387393375002,0.0,0.0,0.0,0.03269133815457623,0.005382387393375043,0.034340500971412925,0.005382387393375043,0.005382387393375002,0.00013375696147036758,0.005382387393375002
other_hospitals,1,drug_disease_nsaid_heart_failure,binary,0.02060176312763511,0.02441077441077441,0.0038090112831393012,0.0,0.0,0.0,0.025682619805218805,0.003809011283139374,0.02681516079171796,0.003809011283139374,0.0038090112831393012,8.253247355055442e-05,0.0038090112831393012
other_hospitals,1,drug_disease_qt_baseline_risk,binary,0.040820237638942124,0.04489337822671156,0.004073140587769433,0.0,0.0,0.0,0.020111894859521164,0.004073140587769419,0.02058456209630902,0.004073140587769419,0.004073140587769433,5.0574157109159945e-05,0.004073140587769433
other_hospitals,1,drug_disease_hepatic_liver_disease,binary,0.03919126101954772,0.037037037037037035,-0.0021542239825106876,0.0,0.0,0.0,-0.011251044599001551,0.002154223982510639,0.011101400363712276,0.002154223982510639,-0.0021542239825106876,1.5824776442241776e-05,0.0021542239825106876
other_hospitals,1,drug_disease_anticoagulant_frailty,binary,0.012073591414334995,0.008417508417508417,-0.0036560829968265776,0.0,0.0,0.0,-0.03631250825772133,0.003656082996826515,0.03347615047422031,0.003656082996826515,-0.0036560829968265776,0.0001656469574992898,0.0036560829968265776
other_hospitals,1,muscle_injury,binary,0.03622077424300498,0.02749719416386083,-0.008723580079144151,0.0,0.0,0.0,-0.049687078542527276,0.008723580079144089,0.04669034757553374,0.008723580079144089,-0.008723580079144151,0.00030935025441501283,0.008723580079144151
other_hospitals,1,lactate_accumulation,binary,0.01609812188577999,0.013468013468013467,-0.0026301084177665236,0.0,0.0,0.0,-0.021794716305958965,0.0026301084177664524,0.02089826109649724,0.0026301084177664524,-0.0026301084177665236,5.944654617246977e-05,0.0026301084177665236
other_hospitals,1,serotonin_toxicity,binary,0.01475661172863166,0.014029180695847363,-0.0007274310327842967,0.0,0.0,0.0,-0.006107561378082092,0.0007274310327842759,0.006032908447244679,0.0007274310327842759,-0.0007274310327842967,4.663234018882932e-06,0.0007274310327842967
other_hospitals,1,digoxin_toxicity,binary,0.010061326178612495,0.009820426487093154,-0.00024089969151934107,0.0,0.0,0.0,-0.002428251486585925,0.0002408996915193029,0.0024138177913528677,0.0002408996915193029,-0.00024089969151934107,7.370674303048733e-07,0.00024089969151934107
other_hospitals,1,lithium_toxicity,binary,0.008623993867382138,0.007575757575757576,-0.0010482362916245623,0.0,0.0,0.0,-0.011694817963439338,0.001048236291624538,0.011336676926928923,0.001048236291624538,-0.0010482362916245623,1.7107364388630256e-05,0.0010482362916245623
other_hospitals,1,Serotonin_syndrome,binary,0.002491376006132618,0.0025252525252525255,3.387651911990761e-05,0.0,0.0,0.0,0.0006772565094133607,3.387651911990197e-05,0.0006795490520979518,3.387651911990197e-05,3.387651911990761e-05,5.7334975479415346e-08,3.387651911990761e-05
other_hospitals,1,Rhabdomyolysis,binary,0.003545419701034879,0.001964085297418631,-0.0015813344036162483,0.0,0.0,0.0,-0.030173859202042342,0.0015813344036161858,0.026604869859465113,0.0015813344036161858,-0.0015813344036162483,0.00011539347197675031,0.0015813344036162483
other_hospitals,1,Lactic_acidosis,binary,0.004503641241855117,0.004208754208754209,-0.00029488703310090805,0.0,0.0,0.0,-0.004477658574030176,0.00029488703310087683,0.004404067273299454,0.00029488703310087683,-0.00029488703310090805,2.5066423745384424e-06,0.00029488703310090805
other_hospitals,2,age,continuous,66.22669459253618,65.58715675057209,-0.6395378419640849,0.0,0.0,0.0,-0.05346402442057771,0.644922474776962,0.05434812455436563,0.029863092364508403,,,0.05346402442057771
other_hospitals,2,alcohol_use,binary,0.12614242193450115,0.13043478260869565,0.004292360674194501,0.0,0.0,0.0,0.012835853520586134,0.004292360674194584,0.012928415353371994,0.004292360674194584,0.004292360674194501,2.0594883822640155e-05,0.004292360674194501
other_hospitals,2,baseline_alt_ast,continuous,24.921515613099768,24.870652173913044,-0.05086343918672398,0.0,0.0,0.0,-0.005159394842907628,0.17342505241546893,0.01744871785929232,0.01329928143316006,,,0.005159394842907628
other_hospitals,2,baseline_egfr,continuous,74.81151942117289,74.48561212814646,-0.3259072930264324,0.0,0.0,0.0,-0.016526336171056987,0.47329876294265605,0.02386458448523864,0.015353636666254222,,,0.016526336171056987
other_hospitals,2,baseline_mood_vulnerability,binary,0.11557501904036557,0.1072654462242563,-0.008309572816109279,0.0,0.0,0.0,-0.026411089778774294,0.008309572816109334,0.0259905943242291,0.008309572816109334,-0.008309572816109279,8.7196002992299e-05,0.008309572816109279
other_hospitals,2,baseline_potassium,continuous,4.26174600152323,4.266393020594966,0.004647019071735592,0.0,0.0,0.0,0.012996160425387275,0.008563569985761115,0.02396538637704957,0.01586188807227845,,,0.012996160425387275
other_hospitals,2,baseline_qt_risk,binary,0.07187738004569688,0.06693363844393593,-0.004943741601760948,0.0,0.0,0.0,-0.01945356029405921,0.00494374160176092,0.0191406624811676,0.00494374160176092,-0.004943741601760948,4.730996497868045e-05,0.004943741601760948
other_hospitals,2,baseline_sodium,continuous,138.98485338918508,138.9533466819222,-0.03150670726287785,0.0,0.0,0.0,-0.012579065733262272,0.052134176628365204,0.02061986991827944,0.014630582051340157,,,0.012579065733262272
other_hospitals,2,ckd,binary,0.09682025894897182,0.08209382151029748,-0.014726437438674342,0.0,0.0,0.0,-0.05161605369950715,0.0147264374386743,0.049799786753360074,0.0147264374386743,-0.014726437438674342,0.00033314888679389885,0.014726437438674342
other_hospitals,2,depression_history,binary,0.113004569687738,0.119279176201373,0.006274606513634998,0.0,0.0,0.0,0.01958491203439217,0.006274606513634984,0.019818820390563822,0.006274606513634984,0.006274606513634998,4.794666662085432e-05,0.006274606513634998
other_hospitals,2,diabetes,binary,0.17155369383092156,0.17334096109839817,0.0017872672674766055,0.0,0.0,0.0,0.004731127585167669,0.0017872672674765777,0.00474086165221592,0.0017872672674765777,0.0017872672674766055,2.7979408284124307e-06,0.0017872672674766055
other_hospitals,2,frailty,binary,0.036176694592536175,0.03546910755148741,-0.0007075870410487642,0.0,0.0,0.0,-0.0038073418678348536,0.000707587041048674,0.0037893674217555364,0.000707587041048674,-0.0007075870410487642,1.8120033495119272e-06,0.0007075870410487642
other_hospitals,2,heart_failure,binary,0.07873191165270373,0.07294050343249428,-0.005791408220209446,0.0,0.0,0.0,-0.021877484343871465,0.005791408220209515,0.021503827423091548,0.005791408220209515,-0.005791408220209446,5.983433149366014e-05,0.005791408220209446
other_hospitals,2,infection,binary,0.08358720487433359,0.08609839816933638,0.002511193295002795,0.0,0.0,0.0,0.009012166398607023,0.0025111932950028226,0.00907328744219229,0.0025111932950028226,0.002511193295002795,1.0152526197843145e-05,0.002511193295002795
other_hospitals,2,liver_disease,binary,0.05864432597105865,0.05491990846681922,-0.0037244175042394287,0.0,0.0,0.0,-0.01609387469446201,0.0037244175042393524,0.015851431461441523,0.0037244175042393524,-0.0037244175042394287,3.2379981440593965e-05,0.0037244175042394287
other_hospitals,2,monitoring_intensity,continuous,0.3947985529322163,0.38985812356979405,-0.004940429362422227,0.0,0.0,0.0,-0.024852006438923456,0.004951356876578346,0.024828017166761484,0.01446109229828102,,,0.024852006438923456
other_hospitals,2,polypharmacy_burden,count,4.906702208682407,4.911899313501144,0.005197104818737586,0.0,0.0,0.0,0.0023237153760558185,0.03148588050144557,0.01408325119603123,0.006971083043879112,,,0.0023237153760558185
other_hospitals,2,sex_female,binary,0.533987052551409,0.5394736842105263,0.005486631659117336,0.0,0.0,0.0,0.011003158707703279,0.005486631659117336,0.01099870237388991,0.005486631659117336,0.005486631659117336,1.5133307646160356e-05,0.005486631659117336
other_hospitals,2,acei_arb,binary,0.5386519421172886,0.5823798627002288,0.04372792058294017,0.0,0.0,0.0,0.08818913238058607,0.04372792058294017,0.08771833147950862,0.04372792058294017,0.04372792058294017,0.0009706116038926422,0.04372792058294017
other_hospitals,2,aminoglycoside,binary,0.06197638994668698,0.08438215102974829,0.02240576108306131,0.0,0.0,0.0,0.08611325077250034,0.02240576108306136,0.0929265209656274,0.02240576108306136,0.02240576108306131,0.0009286041489051525,0.02240576108306131
other_hospitals,2,antibiotic_hepatic_risk,binary,0.20354150799695353,0.24056064073226543,0.037019132735311905,0.0,0.0,0.0,0.08915698095211957,0.03701913273531188,0.0919428946623656,0.03701913273531188,0.037019132735311905,0.0009925669284786397,0.037019132735311905
other_hospitals,2,anticholinergic,binary,0.14908606245239908,0.17591533180778032,0.02682926935538124,0.0,0.0,0.0,0.0727740123579873,0.026829269355381213,0.07532645074605293,0.026829269355381213,0.02682926935538124,0.0006617669573795015,0.02682926935538124
other_hospitals,2,anticoagulant,binary,0.27103960396039606,0.30463386727688785,0.03359426331649179,0.0,0.0,0.0,0.0742508303939835,0.033594263316491846,0.07557824064126033,0.033594263316491846,0.03359426331649179,0.0006884966101559729,0.03359426331649179
other_hospitals,2,antiplatelet,binary,0.3047410510281797,0.3498283752860412,0.045087324257861494,0.0,0.0,0.0,0.09620059846281595,0.04508732425786144,0.09795253686119154,0.04508732425786144,0.045087324257861494,0.0011548349685374156,0.045087324257861494
other_hospitals,2,benzodiazepine,binary,0.19087966488956587,0.22797482837528604,0.03709516348572017,0.0,0.0,0.0,0.09126020294442333,0.03709516348572017,0.0943910678755124,0.03709516348572017,0.03709516348572017,0.0010399870111688601,0.03709516348572017
other_hospitals,2,beta_blocker,binary,0.3212109672505712,0.3675629290617849,0.046351961811213704,0.0,0.0,0.0,0.09766482508106811,0.046351961811213704,0.09926714446646276,0.046351961811213704,0.046351961811213704,0.0011901408936156183,0.046351961811213704
other_hospitals,2,contrast_agent,binary,0.17916984006092918,0.2202517162471396,0.041081876186210425,0.0,0.0,0.0,0.10289636778404615,0.0410818761862104,0.10712508108080497,0.0410818761862104,0.041081876186210425,0.0013218633533875063,0.041081876186210425
other_hospitals,2,corticosteroid,binary,0.1727913175932978,0.21481693363844392,0.042025616045146125,0.0,0.0,0.0,0.10646989110819158,0.0420256160451461,0.11115924495298378,0.0420256160451461,0.042025616045146125,0.0014152488293928279,0.042025616045146125
other_hospitals,2,diuretic,binary,0.4424980959634425,0.4945652173913043,0.05206712142786185,0.0,0.0,0.0,0.10448338337382607,0.05206712142786185,0.10482978314269412,0.05206712142786185,0.05206712142786185,0.0013615109204515915,0.05206712142786185
other_hospitals,2,hepatotoxic_drug_A,binary,0.10491241431835491,0.12242562929061784,0.017513214972262936,0.0,0.0,0.0,0.05519658179340062,0.01751321497226288,0.0571504521908348,0.01751321497226288,0.017513214972262936,0.0003808780894298657,0.017513214972262936
other_hospitals,2,herbal_exposure,binary,0.14099390708301598,0.17505720823798626,0.03406330115497028,0.0,0.0,0.0,0.09348620821163502,0.03406330115497036,0.09787875561736209,0.03406330115497036,0.03406330115497028,0.0010918741222341165,0.03406330115497028
other_hospitals,2,nsaid,binary,0.24933358720487434,0.29147597254004576,0.04214238533517142,0.0,0.0,0.0,0.09498612821088256,0.04214238533517145,0.09741037805211625,0.04214238533517145,0.04214238533517142,0.001126132654250718,0.04214238533517142
other_hospitals,2,opioid,binary,0.16955445544554457,0.1945080091533181,0.024953553707773524,0.0,0.0,0.0,0.06470207867922467,0.024953553707773524,0.06650008809204741,0.024953553707773524,0.024953553707773524,0.0005230868957610624,0.024953553707773524
other_hospitals,2,ppi,binary,0.3794744859101295,0.4181922196796339,0.03871773376950438,0.0,0.0,0.0,0.07913278190956176,0.03871773376950438,0.07978822745233816,0.03871773376950438,0.03871773376950438,0.0007817647215035365,0.03871773376950438
other_hospitals,2,qt_prolonging_drug,binary,0.1268088347296268,0.16676201372997712,0.03995317900035031,0.0,0.0,0.0,0.11307686683422243,0.039953179000350336,0.12006651873178678,0.039953179000350336,0.03995317900035031,0.0015974533611668035,0.03995317900035031
other_hospitals,2,snri,binary,0.10786367098248287,0.1410183066361556,0.03315463565367274,0.0,0.0,0.0,0.10056994271067618,0.033154635653672715,0.10687867199185398,0.033154635653672715,0.03315463565367274,0.001264398931928032,0.03315463565367274
other_hospitals,2,ssri,binary,0.26132901751713633,0.30348970251716245,0.04216068500002612,0.0,0.0,0.0,0.09375758585131408,0.04216068500002612,0.09595957617653107,0.04216068500002612,0.04216068500002612,0.0010971779430313591,0.04216068500002612
other_hospitals,2,thiazide,binary,0.19506854531607007,0.21882151029748284,0.023752964981412772,0.0,0.0,0.0,0.058657748646795044,0.023752964981412772,0.05994386705311302,0.023752964981412772,0.023752964981412772,0.00042991243680026194,0.023752964981412772
other_hospitals,2,valproate_like_drug,binary,0.08044554455445545,0.09324942791762014,0.012803883363164695,0.0,0.0,0.0,0.045478242630239245,0.012803883363164736,0.04707626347847356,0.012803883363164736,0.012803883363164695,0.00025861455312929963,0.012803883363164695
other_hospitals,2,anticholinergic_burden,binary,0.09405940594059406,0.09267734553775744,-0.0013820604028366157,0.0,0.0,0.0,-0.0047502111585147316,0.0013820604028366157,0.004734521012583563,0.0013820604028366157,-0.0013820604028366157,2.8205707169852304e-06,0.0013820604028366157
other_hospitals,2,cardiac_repolarization_delay,binary,0.16203351104341204,0.19879862700228834,0.0367651159588763,0.0,0.0,0.0,0.09571906091270874,0.03676511595887633,0.09977464544967572,0.03676511595887633,0.0367651159588763,0.0011442944829236149,0.0367651159588763
other_hospitals,2,cholestatic_pattern,binary,0.1051028179741051,0.12299771167048056,0.017894893696375452,0.0,0.0,0.0,0.056318171723502515,0.017894893696375425,0.058349262664506484,0.017894893696375425,0.017894893696375452,0.00039651461222771096,0.017894893696375452
other_hospitals,2,cns_sedation,binary,0.15156130997715156,0.17505720823798626,0.023495898260834702,0.0,0.0,0.0,0.06359509353595243,0.023495898260834758,0.06552207544280855,0.023495898260834758,0.023495898260834702,0.0005053992749826808,0.023495898260834702
other_hospitals,2,coagulation_impairment,binary,0.15194211728865195,0.17677345537757438,0.024831338088922433,0.0,0.0,0.0,0.06704071674517761,0.02483133808892246,0.0691748599341284,0.02483133808892246,0.024831338088922433,0.0005616270747446622,0.024831338088922433
other_hospitals,2,electrolyte_disturbance,binary,0.09653465346534654,0.09210526315789473,-0.004429390307451805,0.0,0.0,0.0,-0.015155393631129653,0.004429390307451819,0.014998456931477883,0.004429390307451819,-0.004429390307451805,2.8711488483118596e-05,0.004429390307451805
other_hospitals,2,fatigue_pathway,binary,0.09415460776846915,0.10240274599542334,0.008248138226954194,0.0,0.0,0.0,0.027709697778861696,0.008248138226954138,0.02824282281662789,0.008248138226954138,0.008248138226954194,9.598544426668793e-05,0.008248138226954194
other_hospitals,2,gastric_mucosal_injury,binary,0.10062833206397563,0.10697940503432495,0.006351072970349314,0.0,0.0,0.0,0.02082391296829195,0.006351072970349314,0.021111416035398456,0.006351072970349314,0.006351072970349314,5.4206134038171407e-05,0.006351072970349314
other_hospitals,2,gastric_protection,binary,0.1109101294744859,0.10926773455377574,-0.0016423949207101662,0.0,0.0,0.0,-0.005247276561201625,0.0016423949207101662,0.005230210352040715,0.0016423949207101662,-0.0016423949207101662,3.4417436811205607e-06,0.0016423949207101662
other_hospitals,2,hepatic_metabolic_stress,binary,0.13556740289413557,0.14874141876430205,0.013174015870166478,0.0,0.0,0.0,0.0377320782173669,0.013174015870166422,0.03848353660062516,0.013174015870166422,0.013174015870166478,0.00017795530396942042,0.013174015870166478
other_hospitals,2,hepatocellular_injury,binary,0.08025514089870525,0.08781464530892448,0.007559504410219228,0.0,0.0,0.0,0.027249864121535888,0.007559504410219242,0.027824233512505583,0.007559504410219242,0.007559504410219228,9.283086561960108e-05,0.007559504410219228
other_hospitals,2,monoamine_disruption,binary,0.08653846153846154,0.08409610983981694,-0.002442351698644596,0.0,0.0,0.0,-0.008742962207266806,0.002442351698644596,0.008686773232757567,0.002442351698644596,-0.002442351698644596,9.55503961154664e-06,0.002442351698644596
other_hospitals,2,nephrotoxic_stress,binary,0.12385757806549885,0.1370137299771167,0.013156151911617842,0.0,0.0,0.0,0.039071736711307044,0.013156151911617786,0.0399374409474599,0.013156151911617786,0.013156151911617842,0.00019082289584184623,0.013156151911617842
other_hospitals,2,oxidative_hepatic_stress,binary,0.08358720487433359,0.08152173913043478,-0.002065465743898806,0.0,0.0,0.0,-0.007505171284609064,0.0020654657438987645,0.007462812374375169,0.0020654657438987645,-0.002065465743898806,7.041018966395785e-06,0.002065465743898806
other_hospitals,2,platelet_inhibition,binary,0.10415079969535415,0.10640732265446225,0.0022565229591080954,0.0,0.0,0.0,0.007352379050680817,0.002256522959108165,0.007387389486467828,0.002256522959108165,0.0022565229591080954,6.757209315234013e-06,0.0022565229591080954
other_hospitals,2,potassium_retention,binary,0.14213632901751713,0.1518878718535469,0.009751542836029775,0.0,0.0,0.0,0.027540164301213303,0.009751542836029747,0.02792618734665367,0.009751542836029747,0.009751542836029775,9.480451297229917e-05,0.009751542836029775
other_hospitals,2,psychomotor_impairment,binary,0.10881568926123382,0.11212814645308924,0.003312457191855425,0.0,0.0,0.0,0.010566972023790542,0.003312457191855356,0.010637038954309654,0.003312457191855356,0.003312457191855425,1.3957688630389679e-05,0.003312457191855425
other_hospitals,2,reduced_renal_perfusion,binary,0.17555217060167555,0.17877574370709381,0.003223573105418265,0.0,0.0,0.0,0.008443005145918073,0.0032235731054182093,0.008473304866873413,0.0032235731054182093,0.003223573105418265,8.910485346872387e-06,0.003223573105418265
other_hospitals,2,serotonergic_shift,binary,0.13861386138613863,0.15818077803203662,0.01956691664589799,0.0,0.0,0.0,0.0550624314285671,0.019566916645897936,0.056626552834928255,0.019566916645897936,0.01956691664589799,0.00037893214273081177,0.01956691664589799
other_hospitals,2,sleep_disruption,binary,0.08768088347296268,0.08724256292906178,-0.00043832054390090247,0.0,0.0,0.0,-0.0015515200671725063,0.00043832054390091635,0.0015497654700021958,0.00043832054390091635,-0.00043832054390090247,3.009019213296208e-07,0.00043832054390090247
other_hospitals,2,sodium_water_imbalance,binary,0.11624143183549124,0.11355835240274599,-0.0026830794327452473,0.0,0.0,0.0,-0.008413590406731489,0.002683079432745261,0.008371171435630745,0.002683079432745261,-0.0026830794327452473,8.84858468943369e-06,0.0026830794327452473
other_hospitals,2,tubular_injury,binary,0.09567783701447068,0.11727688787185354,0.021599050857382868,0.0,0.0,0.0,0.07006798101499004,0.021599050857382895,0.07342896477384672,0.021599050857382895,0.021599050857382868,0.0006138824117216043,0.021599050857382868
other_hospitals,2,volume_depletion,binary,0.11957349581111958,0.12871853546910755,0.009145039657987977,0.0,0.0,0.0,0.027736081422338618,0.009145039657987963,0.02818522953642969,0.009145039657987963,0.009145039657987977,9.616188965567204e-05,0.009145039657987977
other_hospitals,2,alt_ast_rise,binary,0.057882711348057884,0.05491990846681922,-0.002962802881238666,0.0,0.0,0.0,-0.012843206124227966,0.0029628028812386242,0.01268749366626743,0.0029628028812386242,-0.002962802881238666,2.061988070702807e-05,0.002962802881238666
other_hospitals,2,anhedonia_like_symptom,binary,0.04103198781416603,0.04662471395881007,0.005592726144644039,0.0,0.0,0.0,0.027322383309160977,0.005592726144644011,0.02819422849368096,0.005592726144644011,0.005592726144644039,9.335729551916412e-05,0.005592726144644039
other_hospitals,2,bilirubin_rise,binary,0.02284843869002285,0.02517162471395881,0.0023231860239359588,0.0,0.0,0.0,0.0151767033865051,0.002323186023935997,0.015548008052877206,0.002323186023935997,0.0023231860239359588,2.8800854498241095e-05,0.0023231860239359588
other_hospitals,2,cognitive_slowing,binary,0.06864051789794363,0.06864988558352403,9.367685580394247e-06,0.0,0.0,0.0,3.7048415152233285e-05,9.367685580352614e-06,3.704958600358626e-05,9.367685580352614e-06,9.367685580394247e-06,1.715730929577592e-10,9.367685580394247e-06
other_hospitals,2,confusion_state,binary,0.0694973343488195,0.07951945080091533,0.01002211645209583,0.0,0.0,0.0,0.038172420033488294,0.01002211645209583,0.03941091885115048,0.01002211645209583,0.01002211645209583,0.0001822027103388843,0.01002211645209583
other_hospitals,2,creatinine_rise,binary,0.1467060167555217,0.15331807780320367,0.006612061047681972,0.0,0.0,0.0,0.018517656119397798,0.006612061047681861,0.018688031186111488,0.006612061047681861,0.006612061047681972,4.2862240106323344e-05,0.006612061047681972
other_hospitals,2,dehydration,binary,0.115003808073115,0.1118421052631579,-0.0031617028099571037,0.0,0.0,0.0,-0.009970517933287348,0.003161702809957201,0.009910469598674124,0.003161702809957201,-0.0031617028099571037,1.2426452114495533e-05,0.0031617028099571037
other_hospitals,2,dizziness,binary,0.14537319116527037,0.13672768878718536,-0.008645502378085007,0.0,0.0,0.0,-0.024840061980627097,0.008645502378085035,0.02452786891767545,0.008645502378085035,-0.008645502378085007,7.712710789913079e-05,0.008645502378085007
other_hospitals,2,fatigue_symptom,binary,0.19297410510281798,0.18878718535469108,-0.004186919748126905,0.0,0.0,0.0,-0.010654021196024403,0.004186919748126905,0.010609657979057911,0.004186919748126905,-0.004186919748126905,1.4188351511331809e-05,0.004186919748126905
other_hospitals,2,gi_irritation,binary,0.09434501142421935,0.09382151029748284,-0.0005235011267365058,0.0,0.0,0.0,-0.0017931535172907517,0.000523501126736492,0.0017909223578501466,0.000523501126736492,-0.0005235011267365058,4.0192508918477873e-07,0.0005235011267365058
other_hospitals,2,hyperkalemia_state,binary,0.06054836252856055,0.06121281464530892,0.0006644521167483708,0.0,0.0,0.0,0.00277884471469136,0.0006644521167483708,0.0027859625498247633,0.0006644521167483708,0.0006644521167483708,9.652498804903654e-07,0.0006644521167483708
other_hospitals,2,hyponatremia_state,binary,0.06968773800456969,0.06950800915331808,-0.00017972885125161486,0.0,0.0,0.0,-0.0007062923348319123,0.00017972885125161486,0.0007058708410256369,0.00017972885125161486,-0.00017972885125161486,6.235611607946956e-08,0.00017972885125161486
other_hospitals,2,hypotension,binary,0.10053313023610053,0.10583524027459955,0.005302110038499022,0.0,0.0,0.0,0.01743038704022531,0.005302110038499008,0.017631998831722864,0.005302110038499008,0.005302110038499022,3.797816815781247e-05,0.005302110038499022
other_hospitals,2,jaundice,binary,0.009900990099009901,0.014874141876430207,0.0049731517774203055,0.0,0.0,0.0,0.044973348233574316,0.004973151777420304,0.05022883295194507,0.004973151777420304,0.0049731517774203055,0.00025440106894014615,0.0049731517774203055
other_hospitals,2,mood_lowering,binary,0.08644325971058645,0.08609839816933638,-0.0003448615412500605,0.0,0.0,0.0,-0.0012282990505741564,0.0003448615412500189,0.0012271889440284686,0.0003448615412500189,-0.0003448615412500605,1.8858986346236093e-07,0.0003448615412500605
other_hospitals,2,nausea,binary,0.10453160700685453,0.10240274599542334,-0.002128861011431185,0.0,0.0,0.0,-0.006989813117395476,0.0021288610114311712,0.006958223336230126,0.0021288610114311712,-0.002128861011431185,6.107208063534054e-06,0.002128861011431185
other_hospitals,2,occult_bleeding,binary,0.028941355674028942,0.02574370709382151,-0.0031976485802074316,0.0,0.0,0.0,-0.01960885718104101,0.003197648580207435,0.019074298233773504,0.003197648580207435,-0.0031976485802074316,4.8085465587100894e-05,0.0031976485802074316
other_hospitals,2,overt_bleeding,binary,0.023705255140898704,0.02517162471395881,0.001466369573060105,0.0,0.0,0.0,0.00949695232179999,0.0014663695730601223,0.009638970423832686,0.0014663695730601223,0.001466369573060105,1.1275409223609795e-05,0.001466369573060105
other_hospitals,2,qt_prolongation_state,binary,0.04731530845392232,0.05120137299771167,0.0038860645437893554,0.0,0.0,0.0,0.017957933721820606,0.0038860645437893693,0.01830351832416358,0.0038860645437893693,0.0038860645437893554,4.031761884924984e-05,0.0038860645437893554
other_hospitals,2,sedation_state,binary,0.12795125666412796,0.1318649885583524,0.003913731894224448,0.0,0.0,0.0,0.0116411991176753,0.003913731894224393,0.011716513934701736,0.003913731894224393,0.003913731894224448,1.6939675014684117e-05,0.003913731894224448
other_hospitals,2,sleep_disturbance_symptom,binary,0.12138233054074639,0.1255720823798627,0.00418975183911631,0.0,0.0,0.0,0.012735678888941683,0.004189751839116296,0.012829525608805958,0.004189751839116296,0.00418975183911631,2.027472247842022e-05,0.00418975183911631
other_hospitals,2,adr_reported,binary,0.04103198781416603,0.05205949656750572,0.011027508753339688,0.0,0.0,0.0,0.052364420932323186,0.011027508753339688,0.05559222702250089,0.011027508753339688,0.011027508753339688,0.0003432874616163227,0.011027508753339688
other_hospitals,2,creatinine_tested,binary,0.4776275704493526,0.5294622425629291,0.05183467211357645,0.0,0.0,0.0,0.10381151275348341,0.0518346721135764,0.10377327864099384,0.0518346721135764,0.05183467211357645,0.001344086566223212,0.05183467211357645
other_hospitals,2,ecg_performed,binary,0.2442878903274943,0.2803203661327231,0.03603247580522881,0.0,0.0,0.0,0.08198179453350554,0.036032475805228836,0.08386194746018992,0.036032475805228836,0.03603247580522881,0.0008392268405459959,0.03603247580522881
other_hospitals,2,electrolyte_abnormality_recorded,binary,0.10586443259710586,0.12528604118993136,0.019421608592825504,0.0,0.0,0.0,0.06077469298556821,0.01942160859282549,0.06312602964930598,0.01942160859282549,0.019421608592825504,0.0004617519176152206,0.019421608592825504
other_hospitals,2,electrolytes_tested,binary,0.4168888042650419,0.46710526315789475,0.05021645889285287,0.0,0.0,0.0,0.1012450762717639,0.050216458892852756,0.10184982293957004,0.050216458892852756,0.05021645889285287,0.0012786203367998704,0.05021645889285287
other_hospitals,2,elevated_alt_ast_recorded,binary,0.026846915460776846,0.02745995423340961,0.0006130387726327631,0.0,0.0,0.0,0.0037718477406211864,0.0006130387726327458,0.003792714601601169,0.0006130387726327458,0.0006130387726327631,1.778384843046613e-06,0.0006130387726327631
other_hospitals,2,elevated_creatinine_recorded,binary,0.09006092916984006,0.10411899313501144,0.014058063965171383,0.0,0.0,0.0,0.0474939761253072,0.014058063965171397,0.04910787558026874,0.014058063965171397,0.014058063965171383,0.0002820238202024656,0.014058063965171383
other_hospitals,2,fall_reported,binary,0.05616907844630617,0.06092677345537757,0.004757695009071403,0.0,0.0,0.0,0.020265812823408298,0.0047576950090714165,0.020663355533316895,0.0047576950090714165,0.004757695009071403,5.134593444932863e-05,0.004757695009071403
other_hospitals,2,hospital_contact,binary,0.263994668697639,0.2986270022883295,0.03463233359069051,0.0,0.0,0.0,0.07707974539676508,0.03463233359069051,0.07856763813180008,0.03463233359069051,0.03463233359069051,0.0007419167020537801,0.03463233359069051
other_hospitals,2,lft_tested,binary,0.3232102056359482,0.3618421052631579,0.0386318996272097,0.0,0.0,0.0,0.08147418282110906,0.0386318996272097,0.0825993501788571,0.0386318996272097,0.0386318996272097,0.0008287104715357443,0.0386318996272097
other_hospitals,2,mood_screening_done,binary,0.16936405178979436,0.20080091533180777,0.031436863542013416,0.0,0.0,0.0,0.0810131882387076,0.03143686354201336,0.08381528597741163,0.03143686354201336,0.031436863542013416,0.0008198622693560854,0.031436863542013416
other_hospitals,2,qt_recorded,binary,0.018564356435643563,0.020594965675057208,0.0020306092394136444,0.0,0.0,0.0,0.014656466452214679,0.002030609239413672,0.015043728796878417,0.002030609239413672,0.0020306092394136444,2.6861869445574224e-05,0.0020306092394136444
other_hospitals,2,AKI,binary,0.13014089870525514,0.1455949656750572,0.01545406696980206,0.0,0.0,0.0,0.04483667163728839,0.015454066969802116,0.04593158510741861,0.015454066969802116,0.01545406696980206,0.0002512786312606234,0.01545406696980206
other_hospitals,2,DILI,binary,0.018373952779893375,0.019736842105263157,0.0013628893253697823,0.0,0.0,0.0,0.009968613039799486,0.001362889325369765,0.010148135447916378,0.001362889325369765,0.0013628893253697823,1.242394559376655e-05,0.0013628893253697823
other_hospitals,2,Delirium,binary,0.03798552932216299,0.03575514874141877,-0.0022303805807442206,0.0,0.0,0.0,-0.011836018511127123,0.0022303805807443178,0.011667534170639704,0.0022303805807443178,-0.0022303805807442206,1.7513376062987425e-05,0.0022303805807442206
other_hospitals,2,Depression,binary,0.08444402132520945,0.07951945080091533,-0.004924570524294125,0.0,0.0,0.0,-0.017951537009776343,0.00492457052429407,0.01771093366587116,0.00492457052429407,-0.004924570524294125,4.028453035130044e-05,0.004924570524294125
other_hospitals,2,Falls,binary,0.07768469154607768,0.07751716247139588,-0.000167529074681802,0.0,0.0,0.0,-0.0006261773112823212,0.0001675290746818714,0.0006258680162917024,0.0001675290746818714,-0.000167529074681802,4.901225707881448e-08,0.000167529074681802
other_hospitals,2,GI_bleeding,binary,0.025038080731150037,0.02316933638443936,-0.001868744346710676,0.0,0.0,0.0,-0.012184681567315274,0.0018687443467105824,0.011960671086225156,0.0018687443467105824,-0.001868744346710676,1.856215783810583e-05,0.001868744346710676
other_hospitals,2,Hospitalization,binary,0.22010662604722012,0.23655606407322655,0.01644943802600643,0.0,0.0,0.0,0.03919550390870859,0.016449438026006402,0.039702412000269124,0.016449438026006402,0.01644943802600643,0.00019199509373947835,0.01644943802600643
other_hospitals,2,Hyperkalemia,binary,0.04979055597867479,0.04462242562929062,-0.005168130349384167,0.0,0.0,0.0,-0.024370556421752034,0.005168130349384126,0.023760211362266106,0.005168130349384126,-0.005168130349384167,7.426484811794663e-05,0.005168130349384167
other_hospitals,2,Hyponatremia,binary,0.08044554455445545,0.06950800915331808,-0.010937535401137372,0.0,0.0,0.0,-0.04154066349230526,0.010937535401137288,0.040214229054161235,0.010937535401137288,-0.010937535401137372,0.0002157876427326985,0.010937535401137372
other_hospitals,2,QT_arrhythmia,binary,0.016184310738766184,0.02030892448512586,0.004124613746359675,0.0,0.0,0.0,0.03082069715484117,0.004124613746359751,0.03268731954474408,0.004124613746359751,0.004124613746359675,0.00011896064163281078,0.004124613746359675
other_hospitals,2,active_drug_count,count,5.827113480578827,6.698512585812357,0.8713991052335297,0.0,0.0,0.0,0.38273943381482967,0.8719703162007804,0.3888331276744383,0.15489228468701477,,,0.38273943381482967
other_hospitals,2,ddi_renal_double_hit,binary,0.13804265041888805,0.16475972540045766,0.02671707498156961,0.0,0.0,0.0,0.07458901537160159,0.02671707498156961,0.07745320191409587,0.02671707498156961,0.02671707498156961,0.0006952456121845536,0.02671707498156961
other_hospitals,2,ddi_renal_triple_whammy,binary,0.06435643564356436,0.08066361556064074,0.016307179917076378,0.0,0.0,0.0,0.06291294056203044,0.01630717991707642,0.06645499872438929,0.01630717991707642,0.016307179917076378,0.0004952371574608568,0.016307179917076378
other_hospitals,2,ddi_cns_depression_synergy,binary,0.034939070830159936,0.04919908466819222,0.014260013838032284,0.0,0.0,0.0,0.07107967874193848,0.014260013838032326,0.07765812572611047,0.014260013838032326,0.014260013838032284,0.000633670021134681,0.014260013838032284
other_hospitals,2,ddi_bleeding_dual,binary,0.08558644325971058,0.1072654462242563,0.02167900296454571,0.0,0.0,0.0,0.07349427409585996,0.021679002964545724,0.0774935376668885,0.021679002964545724,0.02167900296454571,0.0006755567750270997,0.02167900296454571
other_hospitals,2,ddi_bleeding_triple,binary,0.022562833206397563,0.031464530892448515,0.008901697686050952,0.0,0.0,0.0,0.054927686413812425,0.00890169768605098,0.059942051161883246,0.00890169768605098,0.008901697686050952,0.00037852438737188054,0.008901697686050952
other_hospitals,2,ddi_serotonergic_synergy,binary,0.02798933739527799,0.04691075514874142,0.01892141775346343,0.0,0.0,0.0,0.09978280244787033,0.018921417753463454,0.11471543363998427,0.018921417753463454,0.01892141775346343,0.0012545327890481342,0.01892141775346343
other_hospitals,2,ddi_qt_multidrug_load,count,0.7086824067022087,0.8604118993135011,0.15172949261129243,0.0,0.0,0.0,0.18879230929339447,0.15211029992279296,0.19615319463298433,0.08100716998297258,,,0.18879230929339447
other_hospitals,2,ddi_hepatic_triple_hit,binary,0.002284843869002285,0.002860411899313501,0.000575568030311216,0.0,0.0,0.0,0.011362516960799221,0.0005755680303112243,0.01205494169280883,0.0005755680303112243,0.000575568030311216,1.6171567497960345e-05,0.000575568030311216
other_hospitals,2,cumulative_adr_burden,continuous,1.8593050266565117,1.983678489702517,0.12437346304600538,0.0,0.0,0.0,0.07935882434991526,0.12438869533846533,0.08032433322546423,0.06320529958294191,,,0.07935882434991526
other_hospitals,2,severe_adr_burden,binary,0.1033891850723534,0.11270022883295194,0.009311043760598547,0.0,0.0,0.0,0.02999673029365212,0.009311043760598547,0.030581502940268096,0.009311043760598547,0.009311043760598547,0.00011248129814528081,0.009311043760598547
other_hospitals,2,statin,binary,0.30683549124143183,0.3340961098398169,0.027260618598385078,0.0,0.0,0.0,0.05844192840441937,0.027260618598385133,0.059110516126114405,0.027260618598385133,0.027260618598385078,0.0004266647713192925,0.027260618598385078
other_hospitals,2,macrolide,binary,0.1328065498857578,0.153604118993135,0.020797569107377206,0.0,0.0,0.0,0.059399947321576,0.02079756910737718,0.061283679734869916,0.02079756910737718,0.020797569107377206,0.00044098956797019705,0.020797569107377206
other_hospitals,2,azole_antifungal,binary,0.07987433358720487,0.09553775743707094,0.015663423849866062,0.0,0.0,0.0,0.05539506265470402,0.015663423849866076,0.05777760074688309,0.015663423849866076,0.015663423849866062,0.00038374916889840054,0.015663423849866062
other_hospitals,2,metformin,binary,0.29122239146991624,0.33352402745995424,0.042301635990038,0.0,0.0,0.0,0.09136852305902002,0.042301635990038,0.09310859801971427,0.042301635990038,0.042301635990038,0.0010419519883357615,0.042301635990038
other_hospitals,2,digoxin,binary,0.09301218583396802,0.10125858123569793,0.008246395401729917,0.0,0.0,0.0,0.02784878207769712,0.00824639540173,0.028391837672895794,0.00824639540173,0.008246395401729917,9.69518716804783e-05,0.008246395401729917
other_hospitals,2,triptan,binary,0.08672886519421173,0.09353546910755149,0.006806603913339759,0.0,0.0,0.0,0.023770159049053392,0.006806603913339759,0.024185149785492906,0.006806603913339759,0.006806603913339759,7.063287408131291e-05,0.006806603913339759
other_hospitals,2,lithium,binary,0.05178979436405179,0.05606407322654462,0.0042742788624928335,0.0,0.0,0.0,0.01892418087726737,0.004274278862492764,0.01928805549955856,0.004274278862492764,0.0042742788624928335,4.477266413322649e-05,0.0042742788624928335
other_hospitals,2,potassium_supplement,binary,0.13347296268088346,0.14302059496567507,0.009547632284791607,0.0,0.0,0.0,0.027664209085275452,0.009547632284791607,0.028074237850791307,0.009547632284791607,0.009547632284791607,9.566171405125338e-05,0.009547632284791607
other_hospitals,2,hypertension,binary,0.5335110434120335,0.5231693363844394,-0.010341707027594071,0.0,0.0,0.0,-0.020717830265211405,0.010341707027594182,0.020730025682846473,0.010341707027594182,-0.010341707027594071,5.364877634402715e-05,0.010341707027594071
other_hospitals,2,atrial_fibrillation,binary,0.1350913937547601,0.1272883295194508,-0.007803064235309298,0.0,0.0,0.0,-0.023114345842700352,0.007803064235309298,0.02282791420211885,0.007803064235309298,-0.007803064235309298,6.678378821292348e-05,0.007803064235309298
other_hospitals,2,epilepsy,binary,0.036367098248286364,0.03832951945080092,0.0019624212025145527,0.0,0.0,0.0,0.010349705271467712,0.0019624212025145527,0.010482915681432316,0.0019624212025145527,0.0019624212025145527,1.339067455179404e-05,0.0019624212025145527
other_hospitals,2,hypothyroidism,binary,0.14746763137852248,0.14816933638443935,0.000701705005916875,0.0,0.0,0.0,0.0019770805340012434,0.0007017050059169305,0.0019790227371417066,0.0007017050059169305,0.000701705005916875,4.886058451751476e-07,0.000701705005916875
other_hospitals,2,obesity,binary,0.337014470677837,0.3326659038901602,-0.004348566787676811,0.0,0.0,0.0,-0.009214440383730873,0.004348566787676811,0.00919961908312318,0.004348566787676811,-0.004348566787676811,1.0613069610781794e-05,0.004348566787676811
other_hospitals,2,nephrotoxin_load,count,1.080921553693831,1.234553775743707,0.15363222204987603,0.0,0.0,0.0,0.1791926884023599,0.1536322220498761,0.18081436719034832,0.07222768791577272,,,0.1791926884023599
other_hospitals,2,hepatic_drug_load,count,0.9084158415841584,1.0394736842105263,0.13105784262636788,0.0,0.0,0.0,0.14828253117494647,0.13105784262636783,0.1531722658725947,0.05392824091421633,,,0.14828253117494647
other_hospitals,2,qt_drug_load_v3,count,0.8016945925361767,0.9616704805491991,0.15997588801302243,0.0,0.0,0.0,0.18566107047892436,0.15997588801302243,0.19395568438906394,0.07182662026104036,,,0.18566107047892436
other_hospitals,2,cns_depressant_load,count,0.589965727341965,0.6916475972540046,0.10168186991203965,0.0,0.0,0.0,0.1388096194163423,0.10168186991203954,0.14273065437546004,0.06393183984830442,,,0.1388096194163423
other_hospitals,2,bleeding_risk_load,count,1.2592345773038842,1.4642448512585813,0.20501027395469706,0.0,0.0,0.0,0.2026827324089702,0.20501027395469698,0.2105651313281841,0.0788508594742593,,,0.2026827324089702
other_hospitals,2,serotonergic_load,count,0.6254760091393755,0.7325514874141876,0.10707547827481212,0.0,0.0,0.0,0.14465391270358283,0.10707547827481223,0.14963453642000119,0.0567304860216703,,,0.14465391270358283
other_hospitals,2,cyp_inhibitor_load,count,0.21268088347296268,0.24914187643020594,0.036460992957243255,0.0,0.0,0.0,0.08047492662091252,0.036460992957243143,0.08396103076161951,0.029579883265566376,,,0.08047492662091252
other_hospitals,2,ddi_statin_cyp_inhibitor,binary,0.06235719725818736,0.07294050343249428,0.010583306174306924,0.0,0.0,0.0,0.04215002346580684,0.010583306174306917,0.043768267369843135,0.010583306174306917,0.010583306174306924,0.00022219112366967221,0.010583306174306924
other_hospitals,2,ddi_metformin_renal_risk,binary,0.03446306169078446,0.033752860411899316,-0.0007102012788851447,0.0,0.0,0.0,-0.003912822153441853,0.0007102012788852141,0.0038933197667451735,0.0007102012788852141,-0.0007102012788851447,1.913798221597876e-06,0.0007102012788851447
other_hospitals,2,ddi_lithium_renal_risk,binary,0.004284082254379284,0.002574370709382151,-0.001709711544997133,0.0,0.0,0.0,-0.02924941103617338,0.0017097115449971056,0.026177382507527495,0.0017097115449971056,-0.001709711544997133,0.00010805009434140263,0.001709711544997133
other_hospitals,2,ddi_digoxin_electrolyte_risk,binary,0.008663366336633664,0.009725400457665904,0.0010620341210322397,0.0,0.0,0.0,0.01112729640674638,0.0010620341210322293,0.011459998286827738,0.0010620341210322293,0.0010620341210322397,1.5485147813066886e-05,0.0010620341210322397
other_hospitals,2,ddi_serotonergic_high_load,binary,0.11395658796648896,0.16018306636155608,0.04622647839506712,0.0,0.0,0.0,0.1347147102386563,0.046226478395067105,0.14547675006262153,0.046226478395067105,0.04622647839506712,0.002267639560218398,0.04622647839506712
other_hospitals,2,drug_disease_nsaid_ckd,binary,0.026656511805026657,0.02631578947368421,-0.00034072233134244817,0.0,0.0,0.0,-0.0021218777244636756,0.0003407223313425245,0.002115270319773495,0.0003407223313425245,-0.00034072233134244817,5.627987791521693e-07,0.00034072233134244817
other_hospitals,2,drug_disease_nsaid_heart_failure,binary,0.02123000761614623,0.02259725400457666,0.0013672463884304292,0.0,0.0,0.0,0.009339115491118601,0.001367246388430443,0.009484870088174715,0.001367246388430443,0.0013672463884304292,1.0903877332696496e-05,0.0013672463884304292
other_hospitals,2,drug_disease_qt_baseline_risk,binary,0.041984006092916984,0.041475972540045765,-0.000508033552871219,0.0,0.0,0.0,-0.0025405319508297296,0.0005080335528712121,0.002533168494804466,0.0005080335528712121,-0.000508033552871219,8.067912973051925e-07,0.000508033552871219
other_hospitals,2,drug_disease_hepatic_liver_disease,binary,0.03779512566641279,0.041189931350114416,0.003394805683701624,0.0,0.0,0.0,0.017431050884996753,0.0033948056837016516,0.01780177253487623,0.0033948056837016516,0.003394805683701624,3.7988547062199336e-05,0.003394805683701624
other_hospitals,2,drug_disease_anticoagulant_frailty,binary,0.010186595582635186,0.014016018306636156,0.0038294227240009693,0.0,0.0,0.0,0.035028986145047035,0.003829422724000886,0.03813661235042188,0.003829422724000886,0.0038294227240009693,0.00015397014091453787,0.0038294227240009693
other_hospitals,2,muscle_injury,binary,0.03313023610053313,0.036613272311212815,0.003483036210679684,0.0,0.0,0.0,0.01898664140958363,0.003483036210679691,0.01946084683317616,0.003483036210679691,0.003483036210679684,4.507560347997335e-05,0.003483036210679684
other_hospitals,2,lactate_accumulation,binary,0.015613099771515614,0.014874141876430207,-0.000738957895085407,0.0,0.0,0.0,-0.006031331485376001,0.0007389578950853792,0.0059606306715609516,0.0007389578950853792,-0.000738957895085407,4.547517131217875e-06,0.000738957895085407
other_hospitals,2,serotonin_toxicity,binary,0.014565879664889566,0.014588100686498856,2.2221021609290098e-05,0.0,0.0,0.0,0.0001854038480095509,2.2221021609314384e-05,0.0001854734989922079,2.2221021609314384e-05,2.2221021609290098e-05,4.29682373013914e-09,2.2221021609290098e-05
other_hospitals,2,digoxin_toxicity,binary,0.010186595582635186,0.009439359267734555,-0.0007472363149006317,0.0,0.0,0.0,-0.007580573703606556,0.0007472363149007011,0.007441607712024225,0.0007472363149007011,-0.0007472363149006317,7.184753430575718e-06,0.0007472363149006317
other_hospitals,2,lithium_toxicity,binary,0.007806549885757807,0.010011441647597255,0.002204891761839448,0.0,0.0,0.0,0.023466375916400453,0.002204891761839467,0.025052987820976754,0.002204891761839467,0.002204891761839448,6.899953529837532e-05,0.002204891761839448
other_hospitals,2,Serotonin_syndrome,binary,0.0030464584920030465,0.0008581235697940503,-0.0021883349222089963,0.0,0.0,0.0,-0.04959059545099792,0.0021883349222089343,0.039708062628036965,0.0021883349222089343,-0.0021883349222089963,0.0003257071314250383,0.0021883349222089963
other_hospitals,2,Rhabdomyolysis,binary,0.003332063975628332,0.002574370709382151,-0.0007576932662461812,0.0,0.0,0.0,-0.013963636639066053,0.0007576932662461955,0.01314805519666152,0.0007576932662461955,-0.0007576932662461812,2.4438795996217506e-05,0.0007576932662461812
other_hospitals,2,Lactic_acidosis,binary,0.004093678598629094,0.005434782608695652,0.001341104010066558,0.0,0.0,0.0,0.01947707240330845,0.001341104010066596,0.021003726058189117,0.001341104010066596,0.001341104010066558,4.7572095729271635e-05,0.001341104010066558
other_hospitals,3,age,continuous,66.04544253632761,66.13412698412698,0.08868444779936624,0.0,0.0,0.0,0.0074189343611816595,0.21443439518443186,0.01804547498258653,0.014960117484702828,,,0.0074189343611816595
other_hospitals,3,alcohol_use,binary,0.1275712398565767,0.12610229276895943,-0.0014689470876172728,0.0,0.0,0.0,-0.004414046554763041,0.001468947087617245,0.004403163147053228,0.001468947087617245,-0.0014689470876172728,2.435475931681719e-06,0.0014689470876172728
other_hospitals,3,baseline_alt_ast,continuous,24.90954897150406,24.90652557319224,-0.003023398311817971,0.0,0.0,0.0,-0.00030780401026318224,0.26164879311804357,0.026241862046475706,0.017421564904318454,,,0.00030780401026318224
other_hospitals,3,baseline_egfr,continuous,74.69945272692961,74.82572016460905,0.12626743767944504,0.0,0.0,0.0,0.006408443938028026,0.3002659481523422,0.01512923108060171,0.01060026078373355,,,0.006408443938028026
other_hospitals,3,baseline_mood_vulnerability,binary,0.11219097943008115,0.11757789535567313,0.005386915925591984,0.0,0.0,0.0,0.016893712575901294,0.0053869159255919286,0.01706873953060635,0.0053869159255919286,0.005386915925591984,3.567504486759942e-05,0.005386915925591984
other_hospitals,3,baseline_potassium,continuous,4.261632383468579,4.266875367430923,0.0052429839623435726,0.0,0.0,0.0,0.014632707272288981,0.00978159168163573,0.027427432198124727,0.013706678098282299,,,0.014632707272288981
other_hospitals,3,baseline_qt_risk,binary,0.07114549915078316,0.06907701352145797,-0.002068485629325198,0.0,0.0,0.0,-0.008101150506736246,0.0020684856293251563,0.008046461686864141,0.0020684856293251563,-0.002068485629325198,8.203722148511917e-06,0.002068485629325198
other_hospitals,3,baseline_sodium,continuous,138.98073221362523,138.96531452087007,-0.01541769275516458,0.0,0.0,0.0,-0.006084737834217931,0.05591015309201132,0.02236246008998721,0.011427344393732192,,,0.006084737834217931
other_hospitals,3,ckd,binary,0.09237591998490281,0.09553203997648442,0.0031561199915816074,0.0,0.0,0.0,0.010817505860561346,0.0031561199915816074,0.010899864850464642,0.0031561199915816074,0.0031561199915816074,1.4627500105638997e-05,0.0031561199915816074
other_hospitals,3,depression_history,binary,0.11209662200415173,0.12228101116990006,0.010184389165748334,0.0,0.0,0.0,0.031667401045746654,0.010184389165748375,0.03228166076389997,0.010184389165748375,0.010184389165748334,0.00012535654110326947,0.010184389165748334
other_hospitals,3,diabetes,binary,0.1709756557841102,0.17519106407995297,0.004215408295842771,0.0,0.0,0.0,0.011142633899453967,0.004215408295842771,0.011196669652044149,0.004215408295842771,0.004215408295842771,1.5519624661409917e-05,0.004215408295842771
other_hospitals,3,frailty,binary,0.03670503868654463,0.03380364491475603,-0.0029013937717886004,0.0,0.0,0.0,-0.015732849545078066,0.002901393771788552,0.01542993821503145,0.002901393771788552,-0.0029013937717886004,3.094683438840907e-05,0.0029013937717886004
other_hospitals,3,heart_failure,binary,0.07765616153991318,0.07613168724279835,-0.0015244742971148306,0.0,0.0,0.0,-0.005722029152046616,0.0015244742971147751,0.005696206447303641,0.0015244742971147751,-0.0015244742971148306,4.092730613431761e-06,0.0015244742971148306
other_hospitals,3,infection,binary,0.08614832987356105,0.07818930041152264,-0.007959029462038414,0.0,0.0,0.0,-0.028984832700136468,0.007959029462038414,0.028366047527422264,0.007959029462038414,-0.007959029462038414,0.00010503074850888735,0.007959029462038414
other_hospitals,3,liver_disease,binary,0.058595961502170224,0.05496766607877719,-0.0036282954233930326,0.0,0.0,0.0,-0.01567852748553711,0.0036282954233929354,0.015448302678098784,0.0036282954233929354,-0.0036282954233930326,3.073007331285283e-05,0.0036282954233930326
other_hospitals,3,monitoring_intensity,continuous,0.3941095489715041,0.39186801881246325,-0.0022415301590408276,0.0,0.0,0.0,-0.011227438000543039,0.0038458914136295613,0.01936309561272842,0.015572469997833294,,,0.011227438000543039
other_hospitals,3,polypharmacy_burden,count,4.9046046423853555,4.9185773074661965,0.01397266508084094,0.0,0.0,0.0,0.006296968348222967,0.0750525955281571,0.033323750873843976,0.013995186606371113,,,0.006296968348222967
other_hospitals,3,sex_female,binary,0.5322702396678619,0.544973544973545,0.012703305305683088,0.0,0.0,0.0,0.02548481577800412,0.012703305305683144,0.025459691781473538,0.012703305305683144,0.012703305305683088,8.11735488498778e-05,0.012703305305683088
other_hospitals,3,acei_arb,binary,0.5624646159652764,0.5094062316284539,-0.05305838433682253,0.0,0.0,0.0,-0.10654275843951018,0.05305838433682264,0.1069546886009436,0.05305838433682264,-0.05305838433682253,0.0014155866311288939,0.05305838433682253
other_hospitals,3,aminoglycoside,binary,0.0703906397433478,0.058788947677836566,-0.011601692065511239,0.0,0.0,0.0,-0.04721275106330092,0.011601692065511204,0.045353795135703576,0.011601692065511204,-0.011601692065511239,0.00027882673033428895,0.011601692065511239
other_hospitals,3,antibiotic_hepatic_risk,binary,0.2217399509341385,0.184891240446796,-0.036848710487342506,0.0,0.0,0.0,-0.09165356061581548,0.036848710487342506,0.08870292730649967,0.036848710487342506,-0.036848710487342506,0.001049011636701071,0.036848710487342506
other_hospitals,3,anticholinergic,binary,0.1636157765616154,0.13139329805996472,-0.03222247850165069,0.0,0.0,0.0,-0.09096177412150855,0.03222247850165072,0.08710507068651882,0.03222247850165072,-0.03222247850165069,0.0010338875755768707,0.03222247850165069
other_hospitals,3,anticoagulant,binary,0.29052651443668615,0.2448559670781893,-0.04567054735849685,0.0,0.0,0.0,-0.10328812800761702,0.04567054735849685,0.10059473362107009,0.04567054735849685,-0.04567054735849685,0.0013312498186954479,0.04567054735849685
other_hospitals,3,antiplatelet,binary,0.32694848084544254,0.28189300411522633,-0.045055476730216204,0.0,0.0,0.0,-0.09802982328924596,0.04505547673021626,0.09604699306643845,0.04505547673021626,-0.045055476730216204,0.0011991780535081792,0.045055476730216204
other_hospitals,3,benzodiazepine,binary,0.20683147763729007,0.17930629041740154,-0.02752518721988853,0.0,0.0,0.0,-0.0697782493203093,0.027525187219888503,0.06795778717895264,0.027525187219888503,-0.02752518721988853,0.0006083075135729253,0.02752518721988853
other_hospitals,3,beta_blocker,binary,0.3482732591054916,0.284538506760729,-0.06373475234476261,0.0,0.0,0.0,-0.1373652275553273,0.06373475234476256,0.1337776205870667,0.06373475234476256,-0.06373475234476261,0.0023505699581582874,0.06373475234476261
other_hospitals,3,contrast_agent,binary,0.19852802415550103,0.1610817166372722,-0.03744630751822883,0.0,0.0,0.0,-0.09762621825050531,0.03744630751822886,0.09387585783940264,0.03744630751822886,-0.03744630751822883,0.001190315825983992,0.03744630751822883
other_hospitals,3,corticosteroid,binary,0.19484808454425362,0.1472663139329806,-0.04758177061127303,0.0,0.0,0.0,-0.12661237472412346,0.047581770611273,0.12013059090742768,0.047581770611273,-0.04758177061127303,0.002001260404498358,0.04758177061127303
other_hospitals,3,diuretic,binary,0.4687676920173618,0.4141681363903586,-0.05459955562700319,0.0,0.0,0.0,-0.11012167301885395,0.05459955562700314,0.10941277480502413,0.05459955562700314,-0.05459955562700319,0.0015120708584289693,0.05459955562700319
other_hospitals,3,hepatotoxic_drug_A,binary,0.11483298735610492,0.09200470311581423,-0.022828284240290694,0.0,0.0,0.0,-0.07502118976343038,0.022828284240290708,0.0716023587944951,0.022828284240290708,-0.022828284240290694,0.000703820873093456,0.022828284240290694
other_hospitals,3,herbal_exposure,binary,0.1549348933761087,0.13256907701352147,-0.02236581636258722,0.0,0.0,0.0,-0.0637820943191453,0.022365816362587165,0.061810897705726446,0.022365816362587165,-0.02236581636258722,0.0005084446564590601,0.02236581636258722
other_hospitals,3,nsaid,binary,0.2709001698433667,0.22545561434450323,-0.04544455549886345,0.0,0.0,0.0,-0.10535240880661204,0.04544455549886339,0.1022548044872354,0.04544455549886339,-0.04544455549886345,0.0013850626246455534,0.04544455549886345
other_hospitals,3,opioid,binary,0.18352519343272317,0.15167548500881833,-0.03184970842390483,0.0,0.0,0.0,-0.08534874797032707,0.03184970842390478,0.08227847267103221,0.03184970842390478,-0.03184970842390483,0.000910047732714859,0.03184970842390483
other_hospitals,3,ppi,binary,0.4012077750518966,0.3515579071134627,-0.0496498679384339,0.0,0.0,0.0,-0.1026159931406626,0.049649867938433845,0.10129671252726281,0.049649867938433845,-0.0496498679384339,0.0013135245014850652,0.0496498679384339
other_hospitals,3,qt_prolonging_drug,binary,0.14398943196829592,0.11434450323339213,-0.02964492873490379,0.0,0.0,0.0,-0.08847728466977245,0.029644928734903875,0.08443947768728133,0.029644928734903875,-0.02964492873490379,0.0009785000126205203,0.02964492873490379
other_hospitals,3,snri,binary,0.12238158143045857,0.09670781893004116,-0.02567376250041742,0.0,0.0,0.0,-0.08227254213249453,0.02567376250041753,0.07833910838369526,0.02567376250041753,-0.02567376250041742,0.0008464011935682197,0.02567376250041742
other_hospitals,3,ssri,binary,0.2861860728439328,0.22721928277483833,-0.0589667900690945,0.0,0.0,0.0,-0.13530147687505045,0.058966790069094444,0.13046401235555488,0.058966790069094444,-0.0589667900690945,0.0022817819184758423,0.0589667900690945
other_hospitals,3,thiazide,binary,0.21117191923004341,0.1693121693121693,-0.04185974991787411,0.0,0.0,0.0,-0.10680316663975453,0.04185974991787411,0.10256220866923231,0.04185974991787411,-0.04185974991787411,0.0014241739312555006,0.04185974991787411
other_hospitals,3,valproate_like_drug,binary,0.09030005661445556,0.06290417401528513,-0.027395882599170432,0.0,0.0,0.0,-0.10314478140808468,0.027395882599170363,0.09558554072703375,0.027395882599170363,-0.027395882599170432,0.0013329438228370013,0.027395882599170432
other_hospitals,3,anticholinergic_burden,binary,0.09473485563313833,0.09053497942386832,-0.004199876209270009,0.0,0.0,0.0,-0.014486700831954778,0.0041998762092699815,0.014341470751343852,0.0041998762092699815,-0.004199876209270009,2.6233727483934927e-05,0.004199876209270009
other_hospitals,3,cardiac_repolarization_delay,binary,0.1814493300622759,0.13932980599647266,-0.04211952406580324,0.0,0.0,0.0,-0.11496690245019277,0.042119524065803216,0.1092906443628199,0.042119524065803216,-0.04211952406580324,0.0016507604320455324,0.04211952406580324
other_hospitals,3,cholestatic_pattern,binary,0.11322891111530478,0.09817754262198707,-0.015051368493317716,0.0,0.0,0.0,-0.04896899292092259,0.015051368493317674,0.047499775854786076,0.015051368493317674,-0.015051368493317716,0.00029979285838269316,0.015051368493317716
other_hospitals,3,cns_sedation,binary,0.16389884883940367,0.13727219282774838,-0.026626656011655286,0.0,0.0,0.0,-0.07450172021442933,0.02662665601165526,0.07192821211183337,0.02662665601165526,-0.026626656011655286,0.000693625231685778,0.026626656011655286
other_hospitals,3,coagulation_impairment,binary,0.16672957161728627,0.13139329805996472,-0.03533627355732155,0.0,0.0,0.0,-0.09933997863837571,0.03533627355732161,0.09480286155898694,0.03533627355732161,-0.03533627355732155,0.001232996967701374,0.03533627355732155
other_hospitals,3,electrolyte_disturbance,binary,0.09445178335535007,0.09847148736037625,0.004019704005026187,0.0,0.0,0.0,0.01361612500896206,0.004019704005026159,0.013744634756200056,0.004019704005026159,0.004019704005026187,2.317530053574891e-05,0.004019704005026187
other_hospitals,3,fatigue_pathway,binary,0.09803736554066805,0.09053497942386832,-0.007502386116799736,0.0,0.0,0.0,-0.025675309870190906,0.007502386116799653,0.025229539422190254,0.007502386116799653,-0.007502386116799736,8.240883439979791e-05,0.007502386116799736
other_hospitals,3,gastric_mucosal_injury,binary,0.10700132100396301,0.0873015873015873,-0.01969973370237571,0.0,0.0,0.0,-0.06655314329767996,0.019699733702375655,0.06372948039614687,0.019699733702375655,-0.01969973370237571,0.0005539127464805694,0.01969973370237571
other_hospitals,3,gastric_protection,binary,0.1101151160596339,0.11169900058788948,0.0015838845282555858,0.0,0.0,0.0,0.0050439610387776465,0.0015838845282556413,0.005059797443371995,0.0015838845282556413,0.0015838845282555858,3.180196717907731e-06,0.0015838845282555858
other_hospitals,3,hepatic_metabolic_stress,binary,0.14332892998678995,0.1249265138154027,-0.018402416171387243,0.0,0.0,0.0,-0.054019058491776656,0.01840241617138727,0.05251711595865928,0.01840241617138727,-0.018402416171387243,0.00036474035884998153,0.018402416171387243
other_hospitals,3,hepatocellular_injury,binary,0.08492168333647858,0.07348618459729571,-0.01143549873918287,0.0,0.0,0.0,-0.04235428637606842,0.011435498739182814,0.04102198589117471,0.011435498739182814,-0.01143549873918287,0.000224314925565257,0.01143549873918287
other_hospitals,3,monoamine_disruption,binary,0.08643140215134931,0.08436213991769548,-0.0020692622336538347,0.0,0.0,0.0,-0.0074042558574361796,0.002069262233653779,0.007363921846140054,0.002069262233653779,-0.0020692622336538347,6.852935144917131e-06,0.0020692622336538347
other_hospitals,3,nephrotoxic_stress,binary,0.1311568220418947,0.1146384479717813,-0.01651837407011339,0.0,0.0,0.0,-0.05032778904598569,0.016518374070113362,0.04893292271687526,0.016518374070113362,-0.01651837407011339,0.0003166202883441169,0.01651837407011339
other_hospitals,3,oxidative_hepatic_stress,binary,0.08312889224381959,0.08289241622574955,-0.00023647601807003094,0.0,0.0,0.0,-0.0008571129967050973,0.00023647601806997542,0.0008565583704780114,0.00023647601806997542,-0.00023647601807003094,9.183034777404897e-08,0.00023647601807003094
other_hospitals,3,platelet_inhibition,binary,0.10483110020758633,0.1043503821281599,-0.00048071807942642875,0.0,0.0,0.0,-0.001570844439916433,0.000480718079426401,0.0015692527244625157,0.000480718079426401,-0.00048071807942642875,3.0844408505626927e-07,0.00048071807942642875
other_hospitals,3,potassium_retention,binary,0.1467257973202491,0.13786008230452676,-0.008865715015722336,0.0,0.0,0.0,-0.02537976307348007,0.00886571501572242,0.025056258450788668,0.00886571501572242,-0.008865715015722336,8.051480703169956e-05,0.008865715015722336
other_hospitals,3,psychomotor_impairment,binary,0.11219097943008115,0.10170487948265726,-0.010486099947423888,0.0,0.0,0.0,-0.033935317711490956,0.010486099947423888,0.033225784691417105,0.010486099947423888,-0.010486099947423888,0.00014396090968794416,0.010486099947423888
other_hospitals,3,reduced_renal_perfusion,binary,0.17805246272881675,0.1710758377425044,-0.006976624986312352,0.0,0.0,0.0,-0.018379958429216726,0.006976624986312352,0.018236829476562987,0.006976624986312352,-0.006976624986312352,4.222663482062448e-05,0.006976624986312352
other_hospitals,3,serotonergic_shift,binary,0.14832987356104926,0.1284538506760729,-0.019876022884976363,0.0,0.0,0.0,-0.05758365792160948,0.019876022884976363,0.05592158443545333,0.019876022884976363,-0.019876022884976363,0.00041444998186889164,0.019876022884976363
other_hospitals,3,sleep_disruption,binary,0.08605397244763163,0.09229864785420341,0.006244675406571781,0.0,0.0,0.0,0.02191260578723606,0.006244675406571809,0.022267124259305326,0.006244675406571809,0.006244675406571781,6.0024266874482684e-05,0.006244675406571781
other_hospitals,3,sodium_water_imbalance,binary,0.11454991507831666,0.11875367430922987,0.004203759230913207,0.0,0.0,0.0,0.013095903498999724,0.004203759230913207,0.013199528140507464,0.004203759230913207,0.004203759230913207,2.1437944078123205e-05,0.004203759230913207
other_hospitals,3,tubular_injury,binary,0.10445367050386865,0.09053497942386832,-0.013918691080000337,0.0,0.0,0.0,-0.046935701764095644,0.013918691080000323,0.045508499263339705,0.013918691080000323,-0.013918691080000337,0.00027543007349185595,0.013918691080000337
other_hospitals,3,volume_depletion,binary,0.12341951311568221,0.11699000587889477,-0.006429507236787438,0.0,0.0,0.0,-0.019771848521573036,0.0064295072367874795,0.019547439410883796,0.0064295072367874795,-0.006429507236787438,4.886611294306945e-05,0.006429507236787438
other_hospitals,3,alt_ast_rise,binary,0.05765238724287602,0.05555555555555555,-0.002096831687320465,0.0,0.0,0.0,-0.00907397477349594,0.002096831687320444,0.008995998123340256,0.002096831687320444,-0.002096831687320465,1.0292470770961889e-05,0.002096831687320465
other_hospitals,3,anhedonia_like_symptom,binary,0.042838271371956976,0.0411522633744856,-0.0016860079974713796,0.0,0.0,0.0,-0.008405807953186748,0.0016860079974713171,0.008326279757865526,0.0016860079974713171,-0.0016860079974713796,8.832613290776629e-06,0.0016860079974713796
other_hospitals,3,bilirubin_rise,binary,0.022928854500849218,0.02498530276308054,0.0020564482622313224,0.0,0.0,0.0,0.01344857343481859,0.0020564482622312807,0.013739265450094199,0.0020564482622312807,0.0020564482622313224,2.261377318814317e-05,0.0020564482622313224
other_hospitals,3,cognitive_slowing,binary,0.06746555953953576,0.07231040564373897,0.004844846104203215,0.0,0.0,0.0,0.019003373752312758,0.004844846104203215,0.019315523489935777,0.004844846104203215,0.004844846104203215,4.514536572077128e-05,0.004844846104203215
other_hospitals,3,confusion_state,binary,0.0735987922249481,0.06701940035273368,-0.006579391872214416,0.0,0.0,0.0,-0.02573633254669621,0.006579391872214457,0.025197117078645647,0.006579391872214457,-0.006579391872214416,8.280926133413216e-05,0.006579391872214416
other_hospitals,3,creatinine_rise,binary,0.15031137950556708,0.1422692533803645,-0.008042126125202581,0.0,0.0,0.0,-0.02275810524206648,0.008042126125202609,0.02250323982254663,0.008042126125202609,-0.008042126125202581,6.474003339701105e-05,0.008042126125202581
other_hospitals,3,dehydration,binary,0.11341762596716362,0.11669606114050558,0.003278435173341962,0.0,0.0,0.0,0.010274446045881007,0.0032784351733419204,0.01033872009882863,0.0032784351733419204,0.003278435173341962,1.3195577887067651e-05,0.003278435173341962
other_hospitals,3,dizziness,binary,0.14285714285714285,0.14432686654908877,0.0014697236919459233,0.0,0.0,0.0,0.004191130296578235,0.0014697236919458678,0.004200085292837964,0.0014697236919458678,0.0014697236919459233,2.1956952503222405e-06,0.0014697236919459233
other_hospitals,3,fatigue_symptom,binary,0.18956406869220607,0.19929453262786595,0.009730463935659878,0.0,0.0,0.0,0.024588593026194764,0.009730463935659905,0.02482539645453776,0.009730463935659905,0.009730463935659878,7.55698854357635e-05,0.009730463935659878
other_hospitals,3,gi_irritation,binary,0.09426306850349123,0.09406231628453851,-0.00020075221895271556,0.0,0.0,0.0,-0.0006873783421930501,0.00020075221895266004,0.0006870502936095319,0.00020075221895266004,-0.00020075221895271556,5.906112628136466e-08,0.00020075221895271556
other_hospitals,3,hyperkalemia_state,binary,0.05982260803925269,0.06349206349206349,0.003669455452810798,0.0,0.0,0.0,0.015256016349147352,0.0036694554528108325,0.015472626659770528,0.0036694554528108325,0.003669455452810798,2.909559276053611e-05,0.003669455452810798
other_hospitals,3,hyponatremia_state,binary,0.06963578033591243,0.06966490299823633,2.9122662323896598e-05,0.0,0.0,0.0,0.00011440535379773998,2.9122662323910475e-05,0.00011441641907865131,2.9122662323910475e-05,2.9122662323896598e-05,1.636073087892376e-09,2.9122662323896598e-05
other_hospitals,3,hypotension,binary,0.10294395168899792,0.09847148736037625,-0.004472464328621667,0.0,0.0,0.0,-0.014861993338936804,0.004472464328621695,0.014717589257373416,0.004472464328621695,-0.004472464328621667,2.7610374813379296e-05,0.004472464328621667
other_hospitals,3,jaundice,binary,0.011228533685601057,0.010875955320399765,-0.00035257836520129204,0.0,0.0,0.0,-0.003372441000410915,0.0003525783652013059,0.003346155921829214,0.0003525783652013059,-0.00035257836520129204,1.421725368561588e-06,0.00035257836520129204
other_hospitals,3,mood_lowering,binary,0.08511039818833742,0.09024103468547913,0.005130636497141711,0.0,0.0,0.0,0.01814156850556938,0.005130636497141738,0.018386352801829205,0.005130636497141738,0.005130636497141711,4.11415402497724e-05,0.005130636497141711
other_hospitals,3,nausea,binary,0.10228344970749198,0.10934744268077601,0.007063992973284028,0.0,0.0,0.0,0.022966286311600803,0.007063992973284083,0.023311915440143067,0.007063992973284083,0.007063992973284028,6.59335645936984e-05,0.007063992973284028
other_hospitals,3,occult_bleeding,binary,0.02764672579732025,0.029688418577307467,0.0020416927799872184,0.0,0.0,0.0,0.012235426671197576,0.0020416927799871143,0.012452498552960437,0.0020416927799871143,0.0020416927799872184,1.871635131758711e-05,0.0020416927799872184
other_hospitals,3,overt_bleeding,binary,0.02491036044536705,0.021457965902410347,-0.003452394542956705,0.0,0.0,0.0,-0.02294282731425413,0.0034523945429567604,0.02215175526378227,0.0034523945429567604,-0.003452394542956705,6.584751658266169e-05,0.003452394542956705
other_hospitals,3,qt_prolongation_state,binary,0.05048122287224004,0.04144620811287478,-0.009035014759365266,0.0,0.0,0.0,-0.04315587615298236,0.00903501475936519,0.04126787953968576,0.00903501475936519,-0.009035014759365266,0.00023305420107145713,0.009035014759365266
other_hospitals,3,sedation_state,binary,0.13096810719003585,0.12257495590828923,-0.008393151281746614,0.0,0.0,0.0,-0.02522811419149181,0.008393151281746558,0.024878512959732244,0.008393151281746558,-0.008393151281746614,7.955729216473778e-05,0.008393151281746614
other_hospitals,3,sleep_disturbance_symptom,binary,0.12389130024532931,0.11787184009406232,-0.006019460151266989,0.0,0.0,0.0,-0.018465978082151824,0.0060194601512670864,0.018270824325339094,0.0060194601512670864,-0.006019460151266989,4.2624292259777364e-05,0.006019460151266989
other_hospitals,3,adr_reported,binary,0.04491413474240423,0.04027042915931805,-0.0046437055830861815,0.0,0.0,0.0,-0.022997438708931468,0.004643705583086244,0.022420843612396775,0.004643705583086244,-0.0046437055830861815,6.61329182397067e-05,0.0046437055830861815
other_hospitals,3,creatinine_tested,binary,0.5082090960558596,0.43562610229276894,-0.07258299376309069,0.0,0.0,0.0,-0.14578122707699012,0.07258299376309063,0.14518555673892258,0.07258299376309063,-0.07258299376309069,0.002644843312924531,0.07258299376309069
other_hospitals,3,ecg_performed,binary,0.26986223815814303,0.20164609053497942,-0.06821614762316361,0.0,0.0,0.0,-0.16123064828326963,0.06821614762316364,0.1536787168614897,0.06821614762316364,-0.06821614762316361,0.003237367297888375,0.06821614762316361
other_hospitals,3,electrolyte_abnormality_recorded,binary,0.11747499528212871,0.08965314520870077,-0.02782185007342794,0.0,0.0,0.0,-0.09140604538710646,0.027821850073427967,0.08640716937383004,0.027821850073427967,-0.02782185007342794,0.001045040434629039,0.02782185007342794
other_hospitals,3,electrolytes_tested,binary,0.4474429137573127,0.3733098177542622,-0.07413309600305051,0.0,0.0,0.0,-0.151136734565658,0.07413309600305051,0.14909213853018982,0.07413309600305051,-0.07413309600305051,0.002842128524471608,0.07413309600305051
other_hospitals,3,elevated_alt_ast_recorded,binary,0.02887337233440272,0.021164021164021163,-0.007709351170381556,0.0,0.0,0.0,-0.04937642654376841,0.007709351170381518,0.046039557615761624,0.007709351170381518,-0.007709351170381556,0.000305754452400673,0.007709351170381556
other_hospitals,3,elevated_creatinine_recorded,binary,0.09747122098509153,0.08142269253380365,-0.01604852845128789,0.0,0.0,0.0,-0.056256349153545944,0.016048528451287902,0.054108623242444025,0.016048528451287902,-0.01604852845128789,0.00039576914727038363,0.01604852845128789
other_hospitals,3,fall_reported,binary,0.06020003774297037,0.048500881834215165,-0.011699155908755206,0.0,0.0,0.0,-0.05162171454550465,0.011699155908755143,0.04918565228480699,0.011699155908755143,-0.011699155908755206,0.00033348908685702436,0.011699155908755206
other_hospitals,3,hospital_contact,binary,0.2825061332326854,0.24191651969429748,-0.04058961353838794,0.0,0.0,0.0,-0.09238171311703383,0.04058961353838786,0.09015542798770693,0.04058961353838786,-0.04058961353838794,0.0010653476027393007,0.04058961353838794
other_hospitals,3,lft_tested,binary,0.3487450462351387,0.28336272780717225,-0.06538231842796643,0.0,0.0,0.0,-0.1409759539798458,0.06538231842796649,0.13719262721165368,0.06538231842796649,-0.06538231842796643,0.002475320733094203,0.06538231842796643
other_hospitals,3,mood_screening_done,binary,0.18399698056237027,0.15608465608465608,-0.02791232447771419,0.0,0.0,0.0,-0.07435170720308504,0.02791232447771419,0.07203520129800746,0.02791232447771419,-0.02791232447771419,0.0006907186281676324,0.02791232447771419
other_hospitals,3,qt_recorded,binary,0.020003774297037178,0.016166960611405056,-0.003836813685632122,0.0,0.0,0.0,-0.028794874030950164,0.0038368136856320456,0.027403279233793508,0.0038368136856320456,-0.003836813685632122,0.0001038132914988973,0.003836813685632122
other_hospitals,3,AKI,binary,0.13729005472730704,0.12375073486184597,-0.013539319865461072,0.0,0.0,0.0,-0.04019903864861026,0.013539319865461086,0.039340955813384586,0.013539319865461086,-0.013539319865461072,0.00020199283217261837,0.013539319865461072
other_hospitals,3,DILI,binary,0.019626344593319495,0.015873015873015872,-0.0037533287203036225,0.0,0.0,0.0,-0.028428511111113677,0.0037533287203035393,0.02705833541218459,0.0037533287203035393,-0.0037533287203036225,0.00010118779508627403,0.0037533287203036225
other_hospitals,3,Delirium,binary,0.037082468390262316,0.03850676072898295,0.0014242923387206355,0.0,0.0,0.0,0.007468842727616828,0.0014242923387206563,0.007537377617681717,0.0014242923387206563,0.0014242923387206355,6.973251312759898e-06,0.0014242923387206355
other_hospitals,3,Depression,binary,0.08133610115116059,0.0890652557319224,0.007729154580761802,0.0,0.0,0.0,0.02768784550036717,0.007729154580761732,0.0282756106450381,0.007729154580761732,0.007729154580761802,9.583883912548611e-05,0.007729154580761802
other_hospitals,3,Falls,binary,0.07709001698433667,0.07936507936507936,0.0022750623807426956,0.0,0.0,0.0,0.008472381130707914,0.0022750623807427095,0.00852932310830091,0.0022750623807427095,0.0022750623807426956,8.972785910944933e-06,0.0022750623807426956
other_hospitals,3,GI_bleeding,binary,0.024344215889790525,0.025279247501469725,0.0009350316116791997,0.0,0.0,0.0,0.0060111211818540435,0.0009350316116791824,0.0060670851000888745,0.0009350316116791824,0.0009350316116791997,4.516917108428434e-06,0.0009350316116791997
other_hospitals,3,Hospitalization,binary,0.22560860539724475,0.21987066431510877,-0.005737941082135989,0.0,0.0,0.0,-0.013790639184707073,0.0057379410821361,0.013727706804016093,0.0057379410821361,-0.005737941082135989,2.3772108861048894e-05,0.005737941082135989
other_hospitals,3,Hyperkalemia,binary,0.04793357237214569,0.05026455026455026,0.002330977892404572,0.0,0.0,0.0,0.010787982659647881,0.002330977892404551,0.010911504359073485,0.002330977892404551,0.002330977892404572,1.4548447521292888e-05,0.002330977892404572
other_hospitals,3,Hyponatremia,binary,0.07520286846574825,0.0855379188712522,0.010335050405503948,0.0,0.0,0.0,0.03802213910926077,0.010335050405503865,0.0391897198551526,0.010335050405503865,0.010335050405503948,0.00018075982189839045,0.010335050405503948
other_hospitals,3,QT_arrhythmia,binary,0.018588412908095868,0.012933568489124045,-0.005654844418971823,0.0,0.0,0.0,-0.04541408325813501,0.005654844418971794,0.04186719976722883,0.005654844418971794,-0.005654844418971823,0.00025905012402856176,0.005654844418971823
other_hospitals,3,active_drug_count,count,6.293923381770146,5.268371546149324,-1.0255518356208215,0.0,0.0,0.0,-0.46353415203292947,1.0255518356208215,0.44946586643739705,0.18486444759745807,,,0.46353415203292947
other_hospitals,3,ddi_renal_double_hit,binary,0.1521041705982261,0.12169312169312169,-0.030411048905104404,0.0,0.0,0.0,-0.08855768388616107,0.030411048905104376,0.08468170408727174,0.030411048905104376,-0.030411048905104404,0.0009801415388440574,0.030411048905104404
other_hospitals,3,ddi_renal_triple_whammy,binary,0.07331571994715984,0.053203997648442095,-0.020111722298717744,0.0,0.0,0.0,-0.08268875527113248,0.020111722298717716,0.07715868437644699,0.020111722298717716,-0.020111722298717744,0.0008566218257446178,0.020111722298717744
other_hospitals,3,ddi_cns_depression_synergy,binary,0.040384978297792036,0.03262786596119929,-0.007757112336592743,0.0,0.0,0.0,-0.04136984780090781,0.00775711233659282,0.0394041201869028,0.00775711233659282,-0.007757112336592743,0.0002142309313478358,0.007757112336592743
other_hospitals,3,ddi_bleeding_dual,binary,0.09813172296659747,0.06878306878306878,-0.029348654183528694,0.0,0.0,0.0,-0.10626533314399995,0.02934865418352861,0.0986533695584437,0.02934865418352861,-0.029348654183528694,0.0014143025491415023,0.029348654183528694
other_hospitals,3,ddi_bleeding_triple,binary,0.027080581241743725,0.01763668430335097,-0.009443896938392756,0.0,0.0,0.0,-0.0639087678889672,0.00944389693839276,0.058181352444236556,0.00944389693839276,-0.009443896938392756,0.0005137948843530592,0.009443896938392756
other_hospitals,3,ddi_serotonergic_synergy,binary,0.03670503868654463,0.020282186948853614,-0.016422851737691015,0.0,0.0,0.0,-0.09882835306646663,0.01642285173769098,0.08733857158278248,0.01642285173769098,-0.016422851737691015,0.0012348542068604815,0.016422851737691015
other_hospitals,3,ddi_qt_multidrug_load,count,0.7818456312511795,0.63668430335097,-0.1451613279002094,0.0,0.0,0.0,-0.18795254102827513,0.14516132790020936,0.1800383531760812,0.07768877892171594,,,0.18795254102827513
other_hospitals,3,ddi_hepatic_triple_hit,binary,0.002642007926023778,0.001763668430335097,-0.0008783394956886812,0.0,0.0,0.0,-0.018735661764725523,0.000878339495688607,0.01711078040307854,0.000878339495688607,-0.0008783394956886812,4.416899054037729e-05,0.0008783394956886812
other_hospitals,3,cumulative_adr_burden,continuous,1.924442347612757,1.7841975308641975,-0.1402448167485595,0.0,0.0,0.0,-0.0906291999380986,0.14045981189089954,0.08961863890204706,0.07383759805600404,,,0.0906291999380986
other_hospitals,3,severe_adr_burden,binary,0.11002075863370447,0.09229864785420341,-0.01772211077950106,0.0,0.0,0.0,-0.058797383739472006,0.017722110779501032,0.056635428524747476,0.017722110779501032,-0.01772211077950106,0.00043226690144806176,0.01772211077950106
other_hospitals,3,statin,binary,0.32779769767880734,0.26954732510288065,-0.05825037257592669,0.0,0.0,0.0,-0.1275327760972572,0.05825037257592658,0.12409256462424863,0.05825037257592658,-0.05825037257592669,0.002027276009862586,0.05825037257592669
other_hospitals,3,macrolide,binary,0.1412530666163427,0.12786596119929453,-0.013387105417048184,0.0,0.0,0.0,-0.03923687714630095,0.01338710541704824,0.038437500705084233,0.01338710541704824,-0.013387105417048184,0.00019243651289030557,0.013387105417048184
other_hospitals,3,azole_antifungal,binary,0.08803547839214947,0.07054673721340388,-0.01748874117874559,0.0,0.0,0.0,-0.06476087336021756,0.017488741178745548,0.0617221029585643,0.017488741178745548,-0.01748874117874559,0.0005246800284687521,0.01748874117874559
other_hospitals,3,metformin,binary,0.316286091715418,0.2566137566137566,-0.05967233510166137,0.0,0.0,0.0,-0.13227697190823612,0.05967233510166137,0.12832042175903183,0.05967233510166137,-0.05967233510166137,0.002180627843518683,0.05967233510166137
other_hospitals,3,digoxin,binary,0.09945272692960937,0.08142269253380365,-0.018030034395805722,0.0,0.0,0.0,-0.0628955904853542,0.01803003439580575,0.0602469339045725,0.01803003439580575,-0.018030034395805722,0.000494741184704015,0.018030034395805722
other_hospitals,3,triptan,binary,0.09294206454047933,0.07436801881246326,-0.018574045728016075,0.0,0.0,0.0,-0.06712362602322429,0.01857404572801613,0.06397095573553345,0.01857404572801613,-0.018574045728016075,0.000563628921559917,0.018574045728016075
other_hospitals,3,lithium,binary,0.05416116248348745,0.04879482657260435,-0.005366335910883098,0.0,0.0,0.0,-0.024287083085292642,0.005366335910883091,0.023709658256912555,0.005366335910883091,-0.005366335910883098,7.375363117909334e-05,0.005366335910883098
other_hospitals,3,potassium_supplement,binary,0.1416304963200604,0.11787184009406232,-0.02375865622599807,0.0,0.0,0.0,-0.07074830899349699,0.023758656225998154,0.06814066149558866,0.023758656225998154,-0.02375865622599807,0.0006256482622301,0.02375865622599807
other_hospitals,3,hypertension,binary,0.5321758822419325,0.5270429159318049,-0.005132966310127607,0.0,0.0,0.0,-0.010284116685956593,0.005132966310127662,0.010287255249647192,0.005132966310127662,-0.005132966310127607,1.3220091530665628e-05,0.005132966310127607
other_hospitals,3,atrial_fibrillation,binary,0.13238346857897718,0.1355085243974133,0.003125055818436112,0.0,0.0,0.0,0.00917539973106463,0.003125055818436029,0.009220978126464306,0.003125055818436029,0.003125055818436112,1.0523481020985868e-05,0.003125055818436112
other_hospitals,3,epilepsy,binary,0.03595017927910927,0.03968253968253968,0.003732360403430411,0.0,0.0,0.0,0.019567507770892653,0.0037323604034303903,0.020048565511638406,0.0037323604034303903,0.003732360403430411,4.787504785030354e-05,0.003732360403430411
other_hospitals,3,hypothyroidism,binary,0.15097188148707302,0.13727219282774838,-0.013699688659324638,0.0,0.0,0.0,-0.03901415397520553,0.013699688659324694,0.03826499200091072,0.013699688659324694,-0.013699688659324638,0.00019025228633488345,0.013699688659324638
other_hospitals,3,obesity,binary,0.3376108699754671,0.3306878306878307,-0.006923039287636379,0.0,0.0,0.0,-0.014677421498815386,0.006923039287636379,0.0146396935967748,0.006923039287636379,-0.006923039287636379,2.6927248755504417e-05,0.006923039287636379
other_hospitals,3,nephrotoxin_load,count,1.1564446121909795,1.0035273368606703,-0.1529172753303092,0.0,0.0,0.0,-0.17979755796593536,0.1529390202515111,0.1785627311861744,0.07270530894485097,,,0.17979755796593536
other_hospitals,3,hepatic_drug_load,count,0.9839592375919984,0.8077601410934744,-0.17619909649852405,0.0,0.0,0.0,-0.20718504823095873,0.1761990964985239,0.19908717523567124,0.07907967727430515,,,0.20718504823095873
other_hospitals,3,qt_drug_load_v3,count,0.8812983581807888,0.7181069958847737,-0.16319136229601516,0.0,0.0,0.0,-0.19839327423871916,0.1631913622960151,0.189198318779597,0.07656231434302768,,,0.19839327423871916
other_hospitals,3,cns_depressant_load,count,0.6442725042460842,0.5252792475014697,-0.11899325674461447,0.0,0.0,0.0,-0.1676673891716293,0.11943592121193763,0.16281663079383868,0.07829841331969617,,,0.1676673891716293
other_hospitals,3,bleeding_risk_load,count,1.3694093225136819,1.1266901822457378,-0.24271914026794406,0.0,0.0,0.0,-0.24979092042886183,0.24271914026794403,0.2404745986648416,0.09674354272915853,,,0.24979092042886183
other_hospitals,3,serotonergic_load,count,0.6850349122475938,0.5499706055261611,-0.13506430672143277,0.0,0.0,0.0,-0.18951471797657185,0.13506430672143283,0.1823751213998557,0.08500982792777884,,,0.18951471797657185
other_hospitals,3,cyp_inhibitor_load,count,0.22928854500849216,0.1984126984126984,-0.03087584659579376,0.0,0.0,0.0,-0.07085312457909847,0.030875846595793788,0.0684103365424651,0.025907132101172903,,,0.07085312457909847
other_hospitals,3,ddi_statin_cyp_inhibitor,binary,0.06944706548405359,0.05114638447971781,-0.01830068100433578,0.0,0.0,0.0,-0.07693892913039033,0.018300681004335684,0.07198959990384915,0.018300681004335684,-0.01830068100433578,0.0007415469137961039,0.01830068100433578
other_hospitals,3,ddi_metformin_renal_risk,binary,0.03585582185317984,0.029394473838918283,-0.006461348014261559,0.0,0.0,0.0,-0.03637653391492618,0.00646134801426157,0.03475139964352526,0.00646134801426157,-0.006461348014261559,0.00016561428472675185,0.006461348014261559
other_hospitals,3,ddi_lithium_renal_risk,binary,0.0038686544631062465,0.003821281599059377,-4.7372864046869596e-05,0.0,0.0,0.0,-0.0007654553107594715,4.737286404687957e-05,0.0007631174207909602,4.737286404687957e-05,-4.7372864046869596e-05,7.324067984061272e-08,4.7372864046869596e-05
other_hospitals,3,ddi_digoxin_electrolyte_risk,binary,0.009624457444800906,0.006760728982951205,-0.0028637284618497003,0.0,0.0,0.0,-0.03177329569211387,0.0028637284618496794,0.029332140335886547,0.0028637284618496794,-0.0028637284618497003,0.00012680589554886056,0.0028637284618497003
other_hospitals,3,ddi_serotonergic_high_load,binary,0.13625212304208342,0.09200470311581423,-0.044247419926269196,0.0,0.0,0.0,-0.13949526894304592,0.04424741992626924,0.1289801318357301,0.04424741992626924,-0.044247419926269196,0.002434255270141376,0.044247419926269196
other_hospitals,3,drug_disease_nsaid_ckd,binary,0.026986223815814305,0.025279247501469725,-0.0017069763143445806,0.0,0.0,0.0,-0.010700187522780335,0.001706976314344577,0.010534087984385371,0.001706976314344577,-0.0017069763143445806,1.4313820823667076e-05,0.0017069763143445806
other_hospitals,3,drug_disease_nsaid_heart_failure,binary,0.022457067371202115,0.0188124632569077,-0.0036446041142944134,0.0,0.0,0.0,-0.025639758927627945,0.0036446041142944585,0.024598346795706234,0.0036446041142944585,-0.0036446041142944134,8.226607300053791e-05,0.0036446041142944134
other_hospitals,3,drug_disease_qt_baseline_risk,binary,0.043781845631251176,0.035861258083480306,-0.00792058754777087,0.0,0.0,0.0,-0.04051458748566334,0.007920587547770919,0.03871077566835556,0.007920587547770919,-0.00792058754777087,0.00020542074578292044,0.00792058754777087
other_hospitals,3,drug_disease_hepatic_liver_disease,binary,0.040196263445933196,0.03380364491475603,-0.0063926185311771674,0.0,0.0,0.0,-0.03387094499012036,0.006392618531177119,0.03254578336300712,0.006392618531177119,-0.0063926185311771674,0.0001435362362824154,0.0063926185311771674
other_hospitals,3,drug_disease_anticoagulant_frailty,binary,0.011983393093036422,0.008524397413286302,-0.00345899567975012,0.0,0.0,0.0,-0.034340585089490644,0.0034589956797501653,0.031789082576826194,0.0034589956797501653,-0.00345899567975012,0.00014806558299147732,0.00345899567975012
other_hospitals,3,muscle_injury,binary,0.034063030760520856,0.03380364491475603,-0.0002593858457648271,0.0,0.0,0.0,-0.0014326151744990313,0.0002593858457647924,0.0014299808985879171,0.0002593858457647924,-0.0002593858457648271,2.5654875151791864e-07,0.0002593858457648271
other_hospitals,3,lactate_accumulation,binary,0.015380260426495566,0.01557907113462669,0.00019881070813112384,0.0,0.0,0.0,0.0016104482653504807,0.00019881070813110302,0.0016155621078628114,0.00019881070813110302,0.00019881070813112384,3.241949354978709e-07,0.00019881070813112384
other_hospitals,3,serotonin_toxicity,binary,0.015002830722777883,0.013227513227513227,-0.0017753174952646559,0.0,0.0,0.0,-0.015049849256023875,0.0017753174952646056,0.014604003796289946,0.0017753174952646056,-0.0017753174952646559,2.8329068359545624e-05,0.0017753174952646559
other_hospitals,3,digoxin_toxicity,binary,0.009624457444800906,0.011169900058788948,0.001545442613988042,0.0,0.0,0.0,0.015236221144063544,0.001545442613988035,0.01582941268295984,0.001545442613988035,0.001545442613988042,2.9042613037216e-05,0.001545442613988042
other_hospitals,3,lithium_toxicity,binary,0.008303453481789017,0.008524397413286302,0.00022094393149728504,0.0,0.0,0.0,0.0024188996736359005,0.00022094393149718616,0.0024348000315434107,0.00022094393149718616,0.00022094393149728504,7.314042222990354e-07,0.00022094393149728504
other_hospitals,3,Serotonin_syndrome,binary,0.002358935648235516,0.0029394473838918285,0.0005805117356563125,0.0,0.0,0.0,0.011293726810075714,0.0005805117356563194,0.011966462898085718,0.0005805117356563194,0.0005805117356563125,1.5974991387972997e-05,0.0005805117356563125
other_hospitals,3,Rhabdomyolysis,binary,0.0030194376297414606,0.003527336860670194,0.0005078992309287332,0.0,0.0,0.0,0.008891911414913096,0.0005078992309287544,0.00925701948889098,0.0005078992309287544,0.0005078992309287332,9.892970951510104e-06,0.0005078992309287332
other_hospitals,3,Lactic_acidosis,binary,0.004151726740894509,0.005291005291005291,0.001139278550110782,0.0,0.0,0.0,0.01662029548850909,0.001139278550110867,0.017718173609128748,0.001139278550110867,0.001139278550110782,3.461075374569522e-05,0.001139278550110782
other_hospitals,4,age,continuous,65.99070923341618,66.29256642170718,0.3018571882909953,0.0,0.0,0.0,0.025420726934482232,0.3256829718557206,0.02723119296783135,0.01738299927196213,,,0.025420726934482232
other_hospitals,4,alcohol_use,binary,0.12636207226151788,0.1297343131712832,0.003372240909765317,0.0,0.0,0.0,0.010092323298352272,0.0033722409097654005,0.01014949614394908,0.0033722409097654005,0.003372240909765317,1.2731871353749446e-05,0.003372240909765317
other_hospitals,4,baseline_alt_ast,continuous,24.87473714394953,25.00958168456755,0.13484454061801898,0.0,0.0,0.0,0.013546489082658038,0.20759052735902017,0.02109283993713374,0.011392220941404796,,,0.013546489082658038
other_hospitals,4,baseline_egfr,continuous,74.89073790862169,74.2552289429056,-0.6355089657160846,0.0,0.0,0.0,-0.0319842783519671,0.6931065227420261,0.03522123740937664,0.018696860770125112,,,0.0319842783519671
other_hospitals,4,baseline_mood_vulnerability,binary,0.11298030969221946,0.11503674392312041,0.002056434230900947,0.0,0.0,0.0,0.006470437687441052,0.00205643423090085,0.0064960119285574006,0.00205643423090085,0.002056434230900947,5.233328700550498e-06,0.002056434230900947
other_hospitals,4,baseline_potassium,continuous,4.262236666029439,4.264886941775014,0.0026502757455748593,0.0,0.0,0.0,0.007422805099553246,0.007568510615121253,0.02114875882771515,0.014125145793995153,,,0.007422805099553246
other_hospitals,4,baseline_qt_risk,binary,0.0715924297457465,0.06783493499152063,-0.0037574947542258763,0.0,0.0,0.0,-0.014755124325006247,0.003757494754225932,0.014574561441894129,0.003757494754225932,-0.0037574947542258763,2.721579711395712e-05,0.0037574947542258763
other_hospitals,4,baseline_sodium,continuous,138.955801949914,139.03962690785752,0.08382495794353417,0.0,0.0,0.0,0.03336889808151392,0.08431845028750318,0.03345058106052239,0.020632855895934554,,,0.03336889808151392
other_hospitals,4,ckd,binary,0.09023131332441216,0.10175240248728094,0.011521089162868786,0.0,0.0,0.0,0.03911769186725649,0.011521089162868758,0.040211419650957134,0.011521089162868758,0.011521089162868786,0.00019130510300707348,0.011521089162868786
other_hospitals,4,depression_history,binary,0.11680367042630473,0.10797060486150367,-0.008833065564801054,0.0,0.0,0.0,-0.02796944310170752,0.008833065564801013,0.027501385966731174,0.008833065564801013,-0.008833065564801054,9.778949247853325e-05,0.008833065564801054
other_hospitals,4,diabetes,binary,0.17147772892372395,0.17354437535330694,0.0020666464295829856,0.0,0.0,0.0,0.005469885600209135,0.0020666464295829856,0.005482898763200272,0.0020666464295829856,0.0020666464295829856,3.73994675957601e-06,0.0020666464295829856
other_hospitals,4,frailty,binary,0.034792582680175876,0.0395703787450537,0.004777796064877826,0.0,0.0,0.0,0.02525379607452607,0.004777796064877937,0.0260719760854717,0.004777796064877937,0.004777796064877826,7.97594585597648e-05,0.004777796064877826
other_hospitals,4,heart_failure,binary,0.07665838271840948,0.0791407574901074,0.0024823747716979233,0.0,0.0,0.0,0.009262225778952533,0.0024823747716978817,0.009330530078180308,0.0024823747716978817,0.0024823747716979233,1.0723791978191604e-05,0.0024823747716979233
other_hospitals,4,infection,binary,0.08420952016822787,0.08422837761447145,1.8857446243580878e-05,0.0,0.0,0.0,6.790193392366667e-05,1.8857446243525366e-05,6.790538561012423e-05,1.8857446243525366e-05,1.8857446243580878e-05,5.76334028424267e-10,1.8857446243580878e-05
other_hospitals,4,liver_disease,binary,0.056203402791053333,0.06218202374222725,0.005978620951173914,0.0,0.0,0.0,0.02533677918435003,0.005978620951173963,0.025958554845268746,0.005978620951173963,0.005978620951173914,8.026329675814596e-05,0.005978620951173914
other_hospitals,4,monitoring_intensity,continuous,0.3919328044350984,0.39839089881288864,0.006458094377790213,0.0,0.0,0.0,0.03240285249640719,0.0064714609031106575,0.03253727461604969,0.018366882477261093,,,0.03240285249640719
other_hospitals,4,polypharmacy_burden,count,4.911393614987574,4.897964951950255,-0.013428663037319488,0.0,0.0,0.0,-0.005993735748204069,0.06133543787476444,0.02748398503504251,0.012538580768063246,,,0.005993735748204069
other_hospitals,4,sex_female,binary,0.5369910151022749,0.5305257207461843,-0.006465294356090556,0.0,0.0,0.0,-0.012960434081223627,0.006465294356090667,0.012966121400115266,0.006465294356090667,-0.006465294356090556,2.0995874403117185e-05,0.006465294356090556
other_hospitals,4,acei_arb,binary,0.5427260562034028,0.5698134539287734,0.02708739772537061,0.0,0.0,0.0,0.05454142438088442,0.0270873977253705,0.05437367921098161,0.0270873977253705,0.02708739772537061,0.00037161793699808706,0.02708739772537061
other_hospitals,4,aminoglycoside,binary,0.06662206079143568,0.07037874505370266,0.003756684262266982,0.0,0.0,0.0,0.014872322827659447,0.0037566842622670515,0.01506492237806669,0.0037566842622670515,0.003756684262266982,2.7649949065399002e-05,0.003756684262266982
other_hospitals,4,antibiotic_hepatic_risk,binary,0.21248327279678839,0.21368004522328998,0.0011967724265015967,0.0,0.0,0.0,0.002922632232774164,0.0011967724265016244,0.002925629371874536,0.0011967724265016244,0.0011967724265015967,1.067721242252169e-06,0.0011967724265015967
other_hospitals,4,anticholinergic,binary,0.1531255974001147,0.16365178066704353,0.010526183266928835,0.0,0.0,0.0,0.02883355497138444,0.01052618326692889,0.029230586267729834,0.01052618326692889,0.010526183266928835,0.00010391634794387587,0.010526183266928835
other_hospitals,4,anticoagulant,binary,0.2735614605238004,0.2967778405879028,0.02321638006410237,0.0,0.0,0.0,0.05143810378501886,0.023216380064102426,0.05207959636207848,0.023216380064102426,0.02321638006410237,0.00033058562292756586,0.02321638006410237
other_hospitals,4,antiplatelet,binary,0.3118906518830052,0.3281514980214811,0.016260846138475893,0.0,0.0,0.0,0.034863589417961895,0.016260846138475893,0.03510049430729675,0.016260846138475893,0.016260846138475893,0.00015189985138450244,0.016260846138475893
other_hospitals,4,benzodiazepine,binary,0.19776333397056012,0.2071791972866026,0.009415863316042494,0.0,0.0,0.0,0.02343338809330034,0.009415863316042494,0.02363937577496098,0.009415863316042494,0.009415863316042494,6.863605202889981e-05,0.009415863316042494
other_hospitals,4,beta_blocker,binary,0.32842668705792394,0.34567552289429054,0.017248835836366605,0.0,0.0,0.0,0.0364959086638386,0.017248835836366716,0.0367277103080063,0.017248835836366716,0.017248835836366605,0.00016645212291924606,0.017248835836366605
other_hospitals,4,contrast_agent,binary,0.1885872682087555,0.19191633691351045,0.003329068704754967,0.0,0.0,0.0,0.008481785368966698,0.0033290687047550227,0.008510315570276624,0.0033290687047550227,0.003329068704754967,8.992517755517155e-06,0.003329068704754967
other_hospitals,4,corticosteroid,binary,0.18266105907092334,0.1851328434143584,0.002471784343435063,0.0,0.0,0.0,0.006380475160572518,0.0024717843434350906,0.006397149437863189,0.0024717843434350906,0.002471784343435063,5.088787738262847e-06,0.002471784343435063
other_hospitals,4,diuretic,binary,0.45411967119097685,0.4595816845675523,0.005462013376575425,0.0,0.0,0.0,0.010965098280738507,0.005462013376575481,0.010970309487715157,0.005462013376575481,0.005462013376575425,1.5028798347910613e-05,0.005462013376575425
other_hospitals,4,hepatotoxic_drug_A,binary,0.10934811699483846,0.10910118711136235,-0.00024692988347610467,0.0,0.0,0.0,-0.0007916427810136456,0.00024692988347618794,0.0007912505080431311,0.00024692988347618794,-0.00024692988347610467,7.833728925522269e-08,0.00024692988347610467
other_hospitals,4,herbal_exposure,binary,0.14815522844580387,0.15347654041831543,0.0053213119725115665,0.0,0.0,0.0,0.014869838462313855,0.005321311972511511,0.014978902667195237,0.005321311972511511,0.0053213119725115665,2.7638708610194362e-05,0.0053213119725115665
other_hospitals,4,nsaid,binary,0.2613267061747276,0.25551158846806105,-0.005815117706666539,0.0,0.0,0.0,-0.013283927318736054,0.005815117706666539,0.01323550187187736,0.005815117706666539,-0.005815117706666539,2.2057227304556276e-05,0.005815117706666539
other_hospitals,4,opioid,binary,0.17367616134582298,0.18202374222724704,0.008347580881424066,0.0,0.0,0.0,0.021831525770465498,0.008347580881424066,0.022035118426712606,0.008347580881424066,0.008347580881424066,5.957438372607062e-05,0.008347580881424066
other_hospitals,4,ppi,binary,0.38596826610590707,0.3985302430751837,0.012561976969276634,0.0,0.0,0.0,0.025730612100076832,0.012561976969276634,0.025803985257585448,0.012561976969276634,0.012561976969276634,8.274708141121304e-05,0.012561976969276634
other_hospitals,4,qt_prolonging_drug,binary,0.13506021793156184,0.141888072357264,0.006827854425702162,0.0,0.0,0.0,0.019769103003077496,0.006827854425702107,0.0199768769145929,0.006827854425702107,0.006827854425702162,4.8851688469166155e-05,0.006827854425702162
other_hospitals,4,snri,binary,0.11374498183903652,0.12323346523459582,0.0094884833955593,0.0,0.0,0.0,0.02936231951815936,0.0094884833955593,0.02988486686704136,0.0094884833955593,0.0094884833955593,0.00010777045841404162,0.0094884833955593
other_hospitals,4,ssri,binary,0.2641942267252915,0.29451667608818544,0.03032244936289391,0.0,0.0,0.0,0.06761969877759626,0.030322449362893855,0.06877348345934955,0.030322449362893855,0.03032244936289391,0.0005711143325746234,0.03032244936289391
other_hospitals,4,thiazide,binary,0.19632957369527815,0.21481062747314866,0.018481053777870515,0.0,0.0,0.0,0.04574383077833235,0.01848105377787057,0.04652590990201896,0.01848105377787057,0.018481053777870515,0.00026149670721002487,0.018481053777870515
other_hospitals,4,valproate_like_drug,binary,0.08143758363601605,0.09016393442622951,0.008726350790213458,0.0,0.0,0.0,0.031161573740521267,0.008726350790213444,0.03190552473568375,0.008726350790213444,0.008726350790213458,0.00012139890363032377,0.008726350790213458
other_hospitals,4,anticholinergic_burden,binary,0.09453259415025808,0.09129451667608819,-0.0032380774741698898,0.0,0.0,0.0,-0.011153986416705983,0.0032380774741698204,0.011067767737980534,0.0032380774741698204,-0.0032380774741698898,1.5551657653928102e-05,0.0032380774741698898
other_hospitals,4,cardiac_repolarization_delay,binary,0.1670808640795259,0.18343697003957038,0.01635610596004447,0.0,0.0,0.0,0.043031009732454696,0.016356105960044443,0.043844501752350454,0.016356105960044443,0.01635610596004447,0.00023142134655838344,0.01635610596004447
other_hospitals,4,cholestatic_pattern,binary,0.11221563754540241,0.10175240248728094,-0.010463235058121467,0.0,0.0,0.0,-0.03385627140290338,0.010463235058121523,0.03315015365772693,0.010463235058121523,-0.010463235058121467,0.00014329095930347337,0.010463235058121467
other_hospitals,4,cns_sedation,binary,0.15417702160198815,0.16704352741661957,0.012866505814631418,0.0,0.0,0.0,0.03504764217725212,0.012866505814631446,0.03562960888763003,0.012866505814631446,0.012866505814631418,0.00015352973289196707,0.012866505814631418
other_hospitals,4,coagulation_impairment,binary,0.15436818963869242,0.1693046919163369,0.014936502277644481,0.0,0.0,0.0,0.0405635230615274,0.014936502277644537,0.04134084489237984,0.014936502277644537,0.014936502277644481,0.0002056520079774136,0.014936502277644481
other_hospitals,4,electrolyte_disturbance,binary,0.09587077040718792,0.09412097230073488,-0.0017497981064530377,0.0,0.0,0.0,-0.005967772103804351,0.0017497981064530377,0.005943326356904152,0.0017497981064530377,-0.0017497981064530377,4.451805372231567e-06,0.0017497981064530377
other_hospitals,4,fatigue_pathway,binary,0.0970177786274135,0.09383832673827021,-0.0031794518891432866,0.0,0.0,0.0,-0.010821788123585068,0.003179451889143259,0.010742045673536479,0.003179451889143259,-0.0031794518891432866,1.4639071942174867e-05,0.0031794518891432866
other_hospitals,4,gastric_mucosal_injury,binary,0.102466067673485,0.10146975692481629,-0.0009963107486687106,0.0,0.0,0.0,-0.0032924388149917962,0.0009963107486686829,0.0032853325957363433,0.0009963107486686829,-0.0009963107486687106,1.3550203441657811e-06,0.0009963107486687106
other_hospitals,4,gastric_protection,binary,0.11020837316000764,0.11136235161107971,0.0011539784510720685,0.0,0.0,0.0,0.0036766639769918344,0.001153978451072013,0.0036850742765674777,0.001153978451072013,0.0011539784510720685,1.689733345496393e-06,0.0011539784510720685
other_hospitals,4,hepatic_metabolic_stress,binary,0.13620722615178743,0.14669304691916338,0.010485820767375947,0.0,0.0,0.0,0.030093114612959628,0.01048582076737603,0.03057015019585129,0.01048582076737603,0.010485820767375947,0.00011319618107503201,0.010485820767375947
other_hospitals,4,hepatocellular_injury,binary,0.0830625119480023,0.07942340305257208,-0.003639108895430218,0.0,0.0,0.0,-0.013320222532183165,0.0036391088954301765,0.013186291030469206,0.0036391088954301765,-0.003639108895430218,2.2179262246557253e-05,0.003639108895430218
other_hospitals,4,monoamine_disruption,binary,0.0864079525903269,0.08451102317693612,-0.0018969294133907716,0.0,0.0,0.0,-0.006785346853170153,0.0018969294133907022,0.006751467136532878,0.0018969294133907022,-0.0018969294133907716,5.755158390716045e-06,0.0018969294133907716
other_hospitals,4,nephrotoxic_stress,binary,0.1267444083349264,0.12832108535895986,0.0015766770240334682,0.0,0.0,0.0,0.004726705315936553,0.0015766770240335237,0.004739228484985709,0.0015766770240335237,0.0015766770240334682,2.792717860188444e-06,0.0015766770240334682
other_hospitals,4,oxidative_hepatic_stress,binary,0.08181991970942458,0.08677218767665347,0.0049522679672288905,0.0,0.0,0.0,0.017825438424654384,0.004952267967228918,0.018068024821891404,0.004952267967228918,0.0049522679672288905,3.972036283393329e-05,0.0049522679672288905
other_hospitals,4,platelet_inhibition,binary,0.10495125215064041,0.1040135669869983,-0.0009376851636421074,0.0,0.0,0.0,-0.003065482945305606,0.0009376851636421213,0.0030594255385356928,0.0009376851636421213,-0.0009376851636421074,1.1746489872358314e-06,0.0009376851636421074
other_hospitals,4,potassium_retention,binary,0.14423628369336647,0.1455624646693047,0.0013261809759382293,0.0,0.0,0.0,0.003767573184991362,0.0013261809759381737,0.003774753506539987,0.0013261809759381737,0.0013261809759382293,1.7743249879988198e-06,0.0013261809759382293
other_hospitals,4,psychomotor_impairment,binary,0.10657618046262665,0.11871113623516111,0.012134955772534456,0.0,0.0,0.0,0.0383897945268547,0.01213495577253454,0.03932596229450757,0.01213495577253454,0.012134955772534456,0.00018423346241208585,0.012134955772534456
other_hospitals,4,reduced_renal_perfusion,binary,0.17386732938252725,0.18371961560203504,0.009852286219507789,0.0,0.0,0.0,0.025714073815649944,0.009852286219507844,0.025995796569580322,0.009852286219507844,0.009852286219507789,8.264671591643336e-05,0.009852286219507789
other_hospitals,4,serotonergic_shift,binary,0.14136876314280253,0.14980214810627474,0.008433384963472207,0.0,0.0,0.0,0.023913307887000336,0.008433384963472124,0.024205934519024593,0.008433384963472124,0.008433384963472207,7.14791522498791e-05,0.008433384963472207
other_hospitals,4,sleep_disruption,binary,0.08545211240680559,0.09383832673827021,0.008386214331464623,0.0,0.0,0.0,0.02935917445748542,0.008386214331464581,0.029998623729250454,0.008386214331464581,0.008386214331464623,0.00010775775170752651,0.008386214331464623
other_hospitals,4,sodium_water_imbalance,binary,0.11164213343528961,0.12719050310910118,0.015548369673811568,0.0,0.0,0.0,0.047961476310585185,0.015548369673811568,0.049371556371524586,0.015548369673811568,0.015548369673811568,0.00028755214016802037,0.015548369673811568
other_hospitals,4,tubular_injury,binary,0.10437774804052763,0.09129451667608819,-0.013083231364439438,0.0,0.0,0.0,-0.04404818042616668,0.01308323136443934,0.042790624287645525,0.01308323136443934,-0.013083231364439438,0.00024257614245855015,0.013083231364439438
other_hospitals,4,volume_depletion,binary,0.12272987956413688,0.11927642736009045,-0.0034534522040464283,0.0,0.0,0.0,-0.010589306874534219,0.003453452204046359,0.01052474608061483,0.003453452204046359,-0.0034534522040464283,1.401670385259453e-05,0.0034534522040464283
other_hospitals,4,alt_ast_rise,binary,0.056107818772701205,0.060203504804974564,0.004095686032273359,0.0,0.0,0.0,0.01750079253453709,0.0040956860322733935,0.01779728560652355,0.0040956860322733935,0.004095686032273359,3.828924290914175e-05,0.004095686032273359
other_hospitals,4,anhedonia_like_symptom,binary,0.042917224240107056,0.040983606557377046,-0.00193361768273001,0.0,0.0,0.0,-0.009645250981576235,0.0019336176827299267,0.009540695740256554,0.0019336176827299267,-0.00193361768273001,1.1629574366961849e-05,0.00193361768273001
other_hospitals,4,bilirubin_rise,binary,0.022175492257694513,0.027133973996608253,0.00495848173891374,0.0,0.0,0.0,0.03197973694259644,0.004958481738913667,0.03367298559417322,0.004958481738913667,0.00495848173891374,0.00012801621178884243,0.00495848173891374
other_hospitals,4,cognitive_slowing,binary,0.06939399732364748,0.06642170717919729,-0.0029722901444501904,0.0,0.0,0.0,-0.011814337042805722,0.002972290144450218,0.011696268359145124,0.002972290144450218,-0.0029722901444501904,1.7448010010478e-05,0.0029722901444501904
other_hospitals,4,confusion_state,binary,0.0715924297457465,0.07320520067834935,0.0016127709326028417,0.0,0.0,0.0,0.006223409995981915,0.001612770932602814,0.0062556119399727215,0.001612770932602814,0.0016127709326028417,4.841400021882863e-06,0.0016127709326028417
other_hospitals,4,creatinine_rise,binary,0.14758172433569108,0.15065008479366873,0.003068360457977648,0.0,0.0,0.0,0.008614165649106095,0.003068360457977648,0.008650948189423123,0.003068360457977648,0.003068360457977648,9.275449154441174e-06,0.003068360457977648
other_hospitals,4,dehydration,binary,0.11384056585738865,0.11531938948558508,0.0014788236281964295,0.0,0.0,0.0,0.004642891291848211,0.0014788236281964018,0.00465598878336328,0.0014788236281964018,0.0014788236281964295,2.6945570176288244e-06,0.0014788236281964295
other_hospitals,4,dizziness,binary,0.1412731791244504,0.1489542114188807,0.007681032294430318,0.0,0.0,0.0,0.021809064137222667,0.007681032294430401,0.02205272278167193,0.007681032294430401,0.007681032294430318,5.94533043783822e-05,0.007681032294430318
other_hospitals,4,fatigue_symptom,binary,0.19250621296119289,0.19022046353872243,-0.002285749422470451,0.0,0.0,0.0,-0.005810645342234368,0.0022857494224703956,0.005797445153404015,0.0022857494224703956,-0.002285749422470451,4.220434844633375e-06,0.002285749422470451
other_hospitals,4,gi_irritation,binary,0.09434142611355381,0.09383832673827021,-0.0005030993752836027,0.0,0.0,0.0,-0.0017232168543805284,0.0005030993752835888,0.0017211562890226471,0.0005030993752835888,-0.0005030993752836027,3.711846664181302e-07,0.0005030993752836027
other_hospitals,4,hyperkalemia_state,binary,0.06260753202064614,0.055115884680610516,-0.007491647340035629,0.0,0.0,0.0,-0.031833850996219035,0.007491647340035712,0.03092454392374996,0.007491647340035712,-0.007491647340035629,0.00012672277126173992,0.007491647340035629
other_hospitals,4,hyponatremia_state,binary,0.06939399732364748,0.07037874505370266,0.0009847477300551771,0.0,0.0,0.0,0.0038624382469691246,0.000984747730055191,0.003875083910731389,0.000984747730055191,0.0009847477300551771,1.8648110518482077e-06,0.0009847477300551771
other_hospitals,4,hypotension,binary,0.1003632192697381,0.10627473148671567,0.005911512216977569,0.0,0.0,0.0,0.01942271934609249,0.005911512216977499,0.01967332191393657,0.005911512216977499,0.005911512216977569,4.7156584282939326e-05,0.005911512216977569
other_hospitals,4,jaundice,binary,0.011374498183903651,0.010457885811192764,-0.0009166123727108871,0.0,0.0,0.0,-0.008821406000241512,0.000916612372710901,0.008643779663164333,0.000916612372710901,-0.0009166123727108871,9.729789609136229e-06,0.0009166123727108871
other_hospitals,4,mood_lowering,binary,0.0861212005352705,0.08705483323911814,0.0009336327038476366,0.0,0.0,0.0,0.0033198189936248746,0.0009336327038476089,0.003327949420873207,0.0009336327038476089,0.0009336327038476366,1.3776520739791197e-06,0.0009336327038476366
other_hospitals,4,nausea,binary,0.10495125215064041,0.10118711136235162,-0.0037641407882887945,0.0,0.0,0.0,-0.012380275004268592,0.0037641407882887945,0.012281423344274936,0.0037641407882887945,-0.0037641407882887945,1.915912356450426e-05,0.0037641407882887945
other_hospitals,4,occult_bleeding,binary,0.028579621487287325,0.026851328434143583,-0.0017282930531437417,0.0,0.0,0.0,-0.010528476990297778,0.0017282930531437035,0.010372550144769597,0.0017282930531437035,-0.0017282930531437417,1.3857903130661659e-05,0.0017282930531437417
other_hospitals,4,overt_bleeding,binary,0.024278340661441408,0.023459581684567552,-0.0008187589768738554,0.0,0.0,0.0,-0.0053639758795126285,0.0008187589768738901,0.005319656638615382,0.0008187589768738901,-0.0008187589768738554,3.5966759239639055e-06,0.0008187589768738554
other_hospitals,4,qt_prolongation_state,binary,0.04559357675396674,0.05624646693046919,0.01065289017650245,0.0,0.0,0.0,0.04847292973424305,0.010652890176502505,0.05106801077625514,0.010652890176502505,0.01065289017650245,0.00029404105383177767,0.01065289017650245
other_hospitals,4,sedation_state,binary,0.12693557637163067,0.13482193329564726,0.007886356924016596,0.0,0.0,0.0,0.023384675765105795,0.007886356924016624,0.023689811399072218,0.007886356924016624,0.007886356924016596,6.835505952636472e-05,0.007886356924016596
other_hospitals,4,sleep_disturbance_symptom,binary,0.1231122156375454,0.12040700960994913,-0.002705206027596274,0.0,0.0,0.0,-0.008272670566966754,0.002705206027596274,0.00823337246581747,0.002705206027596274,-0.002705206027596274,8.5546433691207e-06,0.002705206027596274
other_hospitals,4,adr_reported,binary,0.0439686484419805,0.04324477105709441,-0.000723877384886093,0.0,0.0,0.0,-0.0035446288750254212,0.0007238773848859958,0.0035306720821544407,0.0007238773848859958,-0.000723877384886093,1.5705615479462724e-06,0.000723877384886093
other_hospitals,4,creatinine_tested,binary,0.4812655324029822,0.5180893159977389,0.03682378359475669,0.0,0.0,0.0,0.07369756610680253,0.03682378359475663,0.07369931937482078,0.03682378359475663,0.03682378359475669,0.0006781491108400674,0.03682378359475669
other_hospitals,4,ecg_performed,binary,0.2467979353852036,0.2724703222159412,0.02567238683073761,0.0,0.0,0.0,0.05857986596086098,0.025672386830737692,0.059544237201981966,0.025672386830737692,0.02567238683073761,0.00042871737228478927,0.02567238683073761
other_hospitals,4,electrolyte_abnormality_recorded,binary,0.10781877270120435,0.11927642736009045,0.011457654658886096,0.0,0.0,0.0,0.03612017561184231,0.011457654658886152,0.03694213540317275,0.011457654658886152,0.011457654658886096,0.00016309171444448683,0.011457654658886096
other_hospitals,4,electrolytes_tested,binary,0.42133435289619575,0.45336348219332956,0.03202912929713381,0.0,0.0,0.0,0.06460080955053248,0.03202912929713375,0.06486610893972629,0.03202912929713375,0.03202912929713381,0.0005212107280487422,0.03202912929713381
other_hospitals,4,elevated_alt_ast_recorded,binary,0.025520932900019118,0.03137365743357829,0.005852724533559173,0.0,0.0,0.0,0.0352104604915561,0.005852724533559228,0.03711278570027971,0.005852724533559228,0.005852724533559173,0.00015519065050950904,0.005852724533559173
other_hospitals,4,elevated_creatinine_recorded,binary,0.09195182565475053,0.09836065573770492,0.006408830082954384,0.0,0.0,0.0,0.021842342839126918,0.006408830082954342,0.022179110994538148,0.006408830082954342,0.006408830082954384,5.963909471563334e-05,0.006408830082954384
other_hospitals,4,fall_reported,binary,0.05572548269929268,0.06218202374222725,0.006456541042934569,0.0,0.0,0.0,0.02741444755515095,0.006456541042934583,0.028146465222960288,0.006456541042934583,0.006456541042934569,9.397058187120603e-05,0.006456541042934569
other_hospitals,4,hospital_contact,binary,0.26581915503727777,0.2928208027133974,0.027001647676119622,0.0,0.0,0.0,0.06020946037972635,0.027001647676119567,0.061121725328256486,0.027001647676119567,0.027001647676119622,0.00045287163707150805,0.027001647676119622
other_hospitals,4,lft_tested,binary,0.3245077423054865,0.35754663651780666,0.03303889421232015,0.0,0.0,0.0,0.06973665303287355,0.0330388942123202,0.0705671835029621,0.0330388942123202,0.03303889421232015,0.0006073402198686906,0.03303889421232015
other_hospitals,4,mood_screening_done,binary,0.17415408143758362,0.18626342566421708,0.012109344226633456,0.0,0.0,0.0,0.031509022865872996,0.012109344226633456,0.03193039440501588,0.012109344226633456,0.012109344226633456,0.00012409086814727226,0.012109344226633456
other_hospitals,4,qt_recorded,binary,0.017874211431848596,0.022611644997173545,0.004737433565324949,0.0,0.0,0.0,0.03364408346333807,0.004737433565324856,0.03575576958032654,0.004737433565324856,0.004737433565324949,0.00014176852908605623,0.004737433565324949
other_hospitals,4,AKI,binary,0.13286178550946282,0.13736574335782928,0.004503957848366463,0.0,0.0,0.0,0.013175722869304523,0.0045039578483664355,0.013269364138373046,0.0045039578483664355,0.004503957848366463,2.16998897298083e-05,0.004503957848366463
other_hospitals,4,DILI,binary,0.018352131523609254,0.01978518937252685,0.0014330578489175974,0.0,0.0,0.0,0.010478286883394564,0.0014330578489175627,0.010676836732712467,0.0014330578489175627,0.0014330578489175974,1.3727105169966593e-05,0.0014330578489175974
other_hospitals,4,Delirium,binary,0.03689543108392277,0.03900508762012436,0.0021096565362015915,0.0,0.0,0.0,0.011041097264839215,0.002109656536201543,0.011191511348757241,0.002109656536201543,0.0021096565362015915,1.5239652471206087e-05,0.0021096565362015915
other_hospitals,4,Depression,binary,0.08382718409481935,0.08140192198982477,-0.00242526210499458,0.0,0.0,0.0,-0.008809650760413457,0.0024252621049946077,0.008751400135789324,0.0024252621049946077,-0.00242526210499458,9.701374919689892e-06,0.00242526210499458
other_hospitals,4,Falls,binary,0.07799655897533932,0.07659694742792539,-0.0013996115474139287,0.0,0.0,0.0,-0.005240797238121071,0.0013996115474139703,0.0052191950139804325,0.0013996115474139703,-0.0013996115474139287,3.4332641898850895e-06,0.0013996115474139287
other_hospitals,4,GI_bleeding,binary,0.024087172624737144,0.026003391746749576,0.0019162191220124317,0.0,0.0,0.0,0.012263040034603344,0.0019162191220124525,0.012498179102688679,0.0019162191220124525,0.0019162191220124317,1.88015348096397e-05,0.0019162191220124317
other_hospitals,4,Hospitalization,binary,0.22328426687057923,0.22696438665912946,0.0036801197885502346,0.0,0.0,0.0,0.008811278800271605,0.003680119788550207,0.008836938707083875,0.003680119788550207,0.0036801197885502346,9.704726683481646e-06,0.0036801197885502346
other_hospitals,4,Hyperkalemia,binary,0.04654941693748805,0.054267947993216506,0.007718531055728457,0.0,0.0,0.0,0.035284274382800344,0.007718531055728506,0.03663771995936589,0.007718531055728506,0.007718531055728457,0.00015571875998427365,0.007718531055728457
other_hospitals,4,Hyponatremia,binary,0.07857006308545211,0.07518371961560204,-0.0033863434698500755,0.0,0.0,0.0,-0.012711946593732636,0.003386343469850117,0.012585523808798366,0.003386343469850117,-0.0033863434698500755,2.0199890880042413e-05,0.0033863434698500755
other_hospitals,4,QT_arrhythmia,binary,0.01749187535844007,0.01639344262295082,-0.0010984327354892492,0.0,0.0,0.0,-0.008511325305454422,0.0010984327354892631,0.008378903816210474,0.0010984327354892631,-0.0010984327354892492,9.056727981948123e-06,0.0010984327354892492
other_hospitals,4,active_drug_count,count,5.962722232842669,6.287167891464104,0.3244456586214346,0.0,0.0,0.0,0.14224957343418873,0.32444565862143515,0.14152503980208328,0.05798951093726479,,,0.14224957343418873
other_hospitals,4,ddi_renal_double_hit,binary,0.1440451156566622,0.14669304691916338,0.0026479312625011797,0.0,0.0,0.0,0.007512499354572915,0.0026479312625011797,0.007541053146269226,0.0026479312625011797,0.0026479312625011797,7.054690046461747e-06,0.0026479312625011797
other_hospitals,4,ddi_renal_triple_whammy,binary,0.06690881284649207,0.07292255511588468,0.006013742269392608,0.0,0.0,0.0,0.02358449272836677,0.006013742269392552,0.024068061117616453,0.006013742269392552,0.006013742269392608,6.95388254459508e-05,0.006013742269392608
other_hospitals,4,ddi_cns_depression_synergy,binary,0.03861594341426113,0.03815715093273036,-0.0004587924815307731,0.0,0.0,0.0,-0.002387958702709455,0.0004587924815308009,0.0023811376923789725,0.0004587924815308009,-0.0004587924815307731,7.127964096945562e-07,0.0004587924815307731
other_hospitals,4,ddi_bleeding_dual,binary,0.087937296883961,0.10005652911249294,0.012119232228531937,0.0,0.0,0.0,0.04153814715328486,0.012119232228531951,0.04279334188383738,0.012119232228531951,0.012119232228531937,0.00021571987962988462,0.012119232228531937
other_hospitals,4,ddi_bleeding_triple,binary,0.025234180844962723,0.023459581684567552,-0.001774599160395171,0.0,0.0,0.0,-0.01151431433879323,0.0017745991603952405,0.011315025060036586,0.0017745991603952405,-0.001774599160395171,1.6575461089443383e-05,0.001774599160395171
other_hospitals,4,ddi_serotonergic_synergy,binary,0.03259415025807685,0.03306953080836631,0.00047538055028946424,0.0,0.0,0.0,0.0026677380629380213,0.00047538055028939485,0.0026771162042829835,0.00047538055028939485,0.00047538055028946424,8.896092300274944e-07,0.00047538055028946424
other_hospitals,4,ddi_qt_multidrug_load,count,0.7315044924488625,0.7911249293386093,0.05962043688974683,0.0,0.0,0.0,0.07521527450786365,0.06045902590321511,0.07640494404234624,0.04313659739698078,,,0.07521527450786365
other_hospitals,4,ddi_hepatic_triple_hit,binary,0.0021028484037468936,0.0033917467495760316,0.001288898345829138,0.0,0.0,0.0,0.024626127483667503,0.0012888983458291259,0.028136611384810235,0.0012888983458291259,0.001288898345829138,7.650319775043691e-05,0.001288898345829138
other_hospitals,4,cumulative_adr_burden,continuous,1.8666660294398774,1.9604352741661955,0.09376924472631809,0.0,0.0,0.0,0.059943858108765354,0.09678951599473459,0.06235636720422188,0.033291497539508524,,,0.059943858108765354
other_hospitals,4,severe_adr_burden,binary,0.10323073982030205,0.11305822498586772,0.00982748516556567,0.0,0.0,0.0,0.03164807717104401,0.009827485165565641,0.032299628003990145,0.009827485165565641,0.00982748516556567,0.00012520726750459314,0.00982748516556567
other_hospitals,4,statin,binary,0.3063467788185815,0.3352176370830978,0.028870858264516297,0.0,0.0,0.0,0.061881069473806574,0.028870858264516297,0.0626299163829933,0.028870858264516297,0.028870858264516297,0.00047832181888257056,0.028870858264516297
other_hospitals,4,macrolide,binary,0.13534696998661824,0.14584511023176935,0.01049814024515111,0.0,0.0,0.0,0.03020484924903106,0.010498140245151166,0.030687899805388833,0.010498140245151166,0.01049814024515111,0.00011403848506464287,0.01049814024515111
other_hospitals,4,azole_antifungal,binary,0.08315809596635443,0.0856416054267948,0.002483509460440375,0.0,0.0,0.0,0.008934008987781746,0.002483509460440403,0.008994278335146511,0.002483509460440403,0.002483509460440375,9.977195343140416e-06,0.002483509460440375
other_hospitals,4,metformin,binary,0.2929650162492831,0.32786885245901637,0.03490383620973325,0.0,0.0,0.0,0.07549468022254753,0.03490383620973325,0.07669107561485372,0.03490383620973325,0.03490383620973325,0.0007116995162264553,0.03490383620973325
other_hospitals,4,digoxin,binary,0.09233416172815904,0.1031656302996043,0.010831468571445249,0.0,0.0,0.0,0.036478582015148406,0.010831468571445346,0.037414775478191165,0.010831468571445346,0.010831468571445249,0.00016635749707655592,0.010831468571445249
other_hospitals,4,triptan,binary,0.08478302427834065,0.09920859242509893,0.014425568146758272,0.0,0.0,0.0,0.049927550771623856,0.014425568146758327,0.051786485815102444,0.014425568146758327,0.014425568146758272,0.0003116916799180973,0.014425568146758272
other_hospitals,4,lithium,binary,0.05142420187344676,0.0570944036178632,0.005670201744416438,0.0,0.0,0.0,0.02503279735028109,0.005670201744416459,0.025673123579402688,0.005670201744416459,0.005670201744416438,7.835159495599999e-05,0.005670201744416438
other_hospitals,4,potassium_supplement,binary,0.13515580194991397,0.13793103448275862,0.002775232532844646,0.0,0.0,0.0,0.008082529283568996,0.002775232532844729,0.008117327960477183,0.002775232532844729,0.002775232532844646,8.165898437797981e-06,0.002775232532844646
other_hospitals,4,hypertension,binary,0.5295354616708087,0.535048049745619,0.005512588074810365,0.0,0.0,0.0,0.01104841007682661,0.005512588074810365,0.011044462117704289,0.005512588074810365,0.005512588074810365,1.5258033931514698e-05,0.005512588074810365
other_hospitals,4,atrial_fibrillation,binary,0.13056776906901166,0.14075749010740532,0.010189721038393662,0.0,0.0,0.0,0.029760389394398862,0.010189721038393662,0.030243109003640134,0.010189721038393662,0.010189721038393662,0.00011070817759299386,0.010189721038393662
other_hospitals,4,epilepsy,binary,0.037373351175683425,0.035330695308083665,-0.0020426558675997603,0.0,0.0,0.0,-0.010913854795795567,0.002042655867599774,0.010769244693562033,0.002042655867599774,-0.0020426558675997603,1.4890473187310774e-05,0.0020426558675997603
other_hospitals,4,hypothyroidism,binary,0.1458612120053527,0.1529112492933861,0.007050037288033384,0.0,0.0,0.0,0.019778400201302056,0.007050037288033328,0.019973642982038894,0.007050037288033328,0.007050037288033384,4.889723900762793e-05,0.007050037288033384
other_hospitals,4,obesity,binary,0.3317721277002485,0.34821933295647256,0.016447205256224062,0.0,0.0,0.0,0.0347254162526633,0.016447205256224007,0.034930907614194456,0.016447205256224007,0.016447205256224062,0.000150697415480551,0.016447205256224062
other_hospitals,4,nephrotoxin_load,count,1.1106862932517683,1.1447145279819106,0.03402823473014238,0.0,0.0,0.0,0.03988214339898559,0.034566617522036325,0.040250664068804495,0.022335159173596464,,,0.03988214339898559
other_hospitals,4,hepatic_drug_load,count,0.9281208181991971,0.9796495195025439,0.05152870130334675,0.0,0.0,0.0,0.058894799328967136,0.05152870130334669,0.059381345159356336,0.026132151902619027,,,0.058894799328967136
other_hospitals,4,qt_drug_load_v3,count,0.8238386541770216,0.8942905596382137,0.07045190546119207,0.0,0.0,0.0,0.08330604723431724,0.07384138283328323,0.08731495111109752,0.04659377786403818,,,0.08330604723431724
other_hospitals,4,cns_depressant_load,count,0.6060026763525138,0.6430186546071227,0.037015978254608894,0.0,0.0,0.0,0.050989237525968366,0.03701597825460884,0.05131446475366281,0.02620758168759335,,,0.050989237525968366
other_hospitals,4,bleeding_risk_load,count,1.293634104377748,1.3600904465799888,0.06645634220224084,0.0,0.0,0.0,0.06697930353137728,0.07315684132480202,0.07312904040878504,0.03187756730082078,,,0.06697930353137728
other_hospitals,4,serotonergic_load,count,0.6363983941884916,0.6989824759751272,0.06258408178663555,0.0,0.0,0.0,0.08568561220881138,0.0637393029920445,0.08761589801054818,0.04774656759357049,,,0.08568561220881138
other_hospitals,4,cyp_inhibitor_load,count,0.21850506595297267,0.23148671565856416,0.012981649705591486,0.0,0.0,0.0,0.029046009588581903,0.012981649705591458,0.02943802516620372,0.011267080982951594,,,0.029046009588581903
other_hospitals,4,ddi_statin_cyp_inhibitor,binary,0.06165169183712483,0.07490107405313737,0.013249382216012538,0.0,0.0,0.0,0.05254926926277478,0.013249382216012573,0.05508598146000753,0.013249382216012573,0.013249382216012538,0.0003454464656643878,0.013249382216012538
other_hospitals,4,ddi_metformin_renal_risk,binary,0.031733894092907666,0.041831543244771056,0.01009764915186339,0.0,0.0,0.0,0.053665171090808386,0.010097649151863397,0.057605138878606,0.010097649151863397,0.01009764915186339,0.0003608312118685065,0.01009764915186339
other_hospitals,4,ddi_lithium_renal_risk,binary,0.0039189447524373925,0.003674392312040701,-0.00024455244039669165,0.0,0.0,0.0,-0.0039764682863474305,0.00024455244039667257,0.003914173662918947,0.00024455244039667257,-0.00024455244039669165,1.976870223566292e-06,0.00024455244039669165
other_hospitals,4,ddi_digoxin_electrolyte_risk,binary,0.008220225578283311,0.011023176936122103,0.0028029513578387913,0.0,0.0,0.0,0.028716653765962535,0.002802951357838812,0.031043170460721657,0.002802951357838812,0.0028029513578387913,0.00010342354243411374,0.0028029513578387913
other_hospitals,4,ddi_serotonergic_high_load,binary,0.12186962339896769,0.1362351611079706,0.01436553770900291,0.0,0.0,0.0,0.04285904975324018,0.014365537709002951,0.04391315610246703,0.014365537709002951,0.01436553770900291,0.00022961053888383414,0.01436553770900291
other_hospitals,4,drug_disease_nsaid_ckd,binary,0.027432613267061746,0.024024872809496892,-0.0034077404575648534,0.0,0.0,0.0,-0.02152496388386258,0.0034077404575647563,0.02086282276949997,0.0034077404575647563,-0.0034077404575648534,5.7950113507096055e-05,0.0034077404575648534
other_hospitals,4,drug_disease_nsaid_heart_failure,binary,0.02198432422099025,0.02035048049745619,-0.0016338437235340585,0.0,0.0,0.0,-0.011350879515061377,0.0016338437235341452,0.011142459033927946,0.0016338437235341452,-0.0016338437235340585,1.610870510326167e-05,0.0016338437235340585
other_hospitals,4,drug_disease_qt_baseline_risk,binary,0.04081437583636016,0.04494064443188242,0.004126268595522259,0.0,0.0,0.0,0.020369552041861888,0.004126268595522231,0.020854490515799025,0.004126268595522231,0.004126268595522259,5.1878624560553876e-05,0.004126268595522259
other_hospitals,4,drug_disease_hepatic_liver_disease,binary,0.037373351175683425,0.0423968343697004,0.005023483194016971,0.0,0.0,0.0,0.025672834502132435,0.00502348319401702,0.026484696021721512,0.00502348319401702,0.005023483194016971,8.242559195891365e-05,0.005023483194016971
other_hospitals,4,drug_disease_anticoagulant_frailty,binary,0.010323073982030204,0.013566986998304126,0.0032439130162739225,0.0,0.0,0.0,0.029862999232768316,0.003243913016273914,0.03209356471293988,0.003243913016273914,0.0032439130162739225,0.00011179090089553337,0.0032439130162739225
other_hospitals,4,muscle_injury,binary,0.03259415025807685,0.03815715093273036,0.005563000674653512,0.0,0.0,0.0,0.030118061961359938,0.005563000674653429,0.031328162756102784,0.005563000674653429,0.005563000674653512,0.0001134744582003079,0.005563000674653512
other_hospitals,4,lactate_accumulation,binary,0.014624354807876123,0.017806670435274168,0.0031823156273980448,0.0,0.0,0.0,0.025197786428390653,0.0031823156273980135,0.026509649272257758,0.0031823156273980135,0.0031823156273980448,7.947922416123322e-05,0.0031823156273980448
other_hospitals,4,serotonin_toxicity,binary,0.013955266679411202,0.01639344262295082,0.0024381759435396187,0.0,0.0,0.0,0.019945817839625398,0.0024381759435396777,0.020784886773767337,0.0024381759435396777,0.0024381759435396187,4.9777325155336556e-05,0.0024381759435396187
other_hospitals,4,digoxin_toxicity,binary,0.010131905945325941,0.009609949123798756,-0.0005219568215271853,0.0,0.0,0.0,-0.005279723790757149,0.0005219568215272252,0.005211951191279994,0.0005219568215272252,-0.0005219568215271853,3.4848131854600727e-06,0.0005219568215271853
other_hospitals,4,lithium_toxicity,binary,0.008698145670043969,0.007348784624081402,-0.0013493610459625674,0.0,0.0,0.0,-0.015125470858350545,0.001349361045962616,0.014531547671513701,0.001349361045962616,-0.0013493610459625674,2.8629372139260935e-05,0.0013493610459625674
other_hospitals,4,Serotonin_syndrome,binary,0.0021028484037468936,0.003674392312040701,0.0015715439082938073,0.0,0.0,0.0,0.02928572659885087,0.0015715439082938376,0.034306755350349175,0.0015715439082938376,0.0015715439082938073,0.00010854243010078365,0.0015715439082938073
other_hospitals,4,Rhabdomyolysis,binary,0.0026763525138596826,0.0045223289994347085,0.001845976485575026,0.0,0.0,0.0,0.03082827799205942,0.0018459764855750516,0.03573028237438803,0.0018459764855750516,0.001845976485575026,0.00012010197307012286,0.001845976485575026
other_hospitals,4,Lactic_acidosis,binary,0.004970368954310839,0.002826455624646693,-0.0021439133296641457,0.0,0.0,0.0,-0.034409296270944696,0.0021439133296641266,0.030485610994725604,0.0021439133296641266,-0.0021439133296641457,0.00014987194608047036,0.0021439133296641457
