scenario,variable,effective_column,variable_type,n_patients,missing_rate,prevalence,n_complete,mean,std,median,q05,q25,q75,q95
clean,age,age,continuous,14000,0.0,,14000,65.81977857142859,11.98675475357688,65.8,46.0,57.6,74.1,85.6
clean,alcohol_use,alcohol_use,binary,14000,0.0,0.129,14000,0.129,0.33519994033412354,0.0,0.0,0.0,0.0,1.0
clean,baseline_alt_ast,baseline_alt_ast,continuous,14000,0.0,,14000,24.89476428571429,10.011603789825022,24.4,8.9,17.9,31.2,42.004999999999924
clean,baseline_egfr,baseline_egfr,continuous,14000,0.0,,14000,74.49969285714286,19.95391567136508,74.7,41.1,61.2,88.0,107.1
clean,baseline_mood_vulnerability,baseline_mood_vulnerability,binary,14000,0.0,0.11507142857142857,14000,0.11507142857142857,0.3191081241491028,0.0,0.0,0.0,0.0,1.0
clean,baseline_potassium,baseline_potassium,continuous,14000,0.0,,14000,4.269931428571429,0.3602045385384164,4.27,3.67,4.03,4.52,4.86
clean,baseline_qt_risk,baseline_qt_risk,binary,14000,0.0,0.06907142857142858,14000,0.06907142857142858,0.25357556334657055,0.0,0.0,0.0,0.0,1.0
clean,baseline_sodium,baseline_sodium,continuous,14000,0.0,,14000,138.95499285714286,2.5130788032565854,138.95,134.9,137.2,140.7,143.1
clean,ckd,ckd,binary,14000,0.0,0.09121428571428572,14000,0.09121428571428572,0.28791359779614156,0.0,0.0,0.0,0.0,1.0
clean,depression_history,depression_history,binary,14000,0.0,0.12007142857142857,14000,0.12007142857142857,0.325045043974285,0.0,0.0,0.0,0.0,1.0
clean,diabetes,diabetes,binary,14000,0.0,0.17085714285714285,14000,0.17085714285714285,0.37638408519999456,0.0,0.0,0.0,0.0,1.0
clean,frailty,frailty,binary,14000,0.0,0.03578571428571429,14000,0.03578571428571429,0.18575547620131014,0.0,0.0,0.0,0.0,0.0
clean,heart_failure,heart_failure,binary,14000,0.0,0.08185714285714285,14000,0.08185714285714285,0.274146951506684,0.0,0.0,0.0,0.0,1.0
clean,infection,infection,binary,14000,0.0,0.08292857142857143,14000,0.08292857142857143,0.27577422553492514,0.0,0.0,0.0,0.0,1.0
clean,liver_disease,liver_disease,binary,14000,0.0,0.06092857142857143,14000,0.06092857142857143,0.23919924877023524,0.0,0.0,0.0,0.0,1.0
clean,monitoring_intensity,monitoring_intensity,continuous,14000,0.0,,14000,0.38979985714285714,0.1950191556891114,0.375,0.095,0.238,0.527,0.732
clean,polypharmacy_burden,polypharmacy_burden,count,14000,0.0,,14000,4.926785714285714,2.2550254252152784,5.0,2.0,3.0,6.0,9.0
clean,sex_female,sex_female,binary,14000,0.0,0.5417142857142857,14000,0.5417142857142857,0.4982568798996628,1.0,0.0,0.0,1.0,1.0
clean,acei_arb,acei_arb,binary,14000,0.0,0.5342857142857143,14000,0.5342857142857143,0.4988231047134028,1.0,0.0,0.0,1.0,1.0
clean,aminoglycoside,aminoglycoside,binary,14000,0.0,0.06664285714285714,14000,0.06664285714285714,0.24940245935975427,0.0,0.0,0.0,0.0,1.0
clean,antibiotic_hepatic_risk,antibiotic_hepatic_risk,binary,14000,0.0,0.2077142857142857,14000,0.2077142857142857,0.40567112446474396,0.0,0.0,0.0,0.0,1.0
clean,anticholinergic,anticholinergic,binary,14000,0.0,0.15492857142857142,14000,0.15492857142857142,0.36183657800680336,0.0,0.0,0.0,0.0,1.0
clean,anticoagulant,anticoagulant,binary,14000,0.0,0.2725,14000,0.2725,0.44524571867677737,0.0,0.0,0.0,1.0,1.0
clean,antiplatelet,antiplatelet,binary,14000,0.0,0.29714285714285715,14000,0.29714285714285715,0.45699997767159334,0.0,0.0,0.0,1.0,1.0
clean,benzodiazepine,benzodiazepine,binary,14000,0.0,0.1972142857142857,14000,0.1972142857142857,0.3978954777633063,0.0,0.0,0.0,0.0,1.0
clean,beta_blocker,beta_blocker,binary,14000,0.0,0.32785714285714285,14000,0.32785714285714285,0.46943246237844893,0.0,0.0,0.0,1.0,1.0
clean,contrast_agent,contrast_agent,binary,14000,0.0,0.18292857142857144,14000,0.18292857142857144,0.38660795282000265,0.0,0.0,0.0,0.0,1.0
clean,corticosteroid,corticosteroid,binary,14000,0.0,0.17064285714285715,14000,0.17064285714285715,0.37619658750310264,0.0,0.0,0.0,0.0,1.0
clean,diuretic,diuretic,binary,14000,0.0,0.44471428571428573,14000,0.44471428571428573,0.4969340899917396,0.0,0.0,0.0,1.0,1.0
clean,hepatotoxic_drug_A,hepatotoxic_drug_A,binary,14000,0.0,0.10692857142857143,14000,0.10692857142857143,0.3090224134926402,0.0,0.0,0.0,0.0,1.0
clean,herbal_exposure,herbal_exposure,binary,14000,0.0,0.15214285714285714,14000,0.15214285714285714,0.3591593074991449,0.0,0.0,0.0,0.0,1.0
clean,nsaid,nsaid,binary,14000,0.0,0.2615,14000,0.2615,0.43945164694195876,0.0,0.0,0.0,1.0,1.0
clean,opioid,opioid,binary,14000,0.0,0.1707142857142857,14000,0.1707142857142857,0.37625911067686707,0.0,0.0,0.0,0.0,1.0
clean,ppi,ppi,binary,14000,0.0,0.382,14000,0.382,0.4858765275252551,0.0,0.0,0.0,1.0,1.0
clean,qt_prolonging_drug,qt_prolonging_drug,binary,14000,0.0,0.1362857142857143,14000,0.1362857142857143,0.3430917054773358,0.0,0.0,0.0,0.0,1.0
clean,snri,snri,binary,14000,0.0,0.10792857142857143,14000,0.10792857142857143,0.3102901785393137,0.0,0.0,0.0,0.0,1.0
clean,ssri,ssri,binary,14000,0.0,0.25671428571428573,14000,0.25671428571428573,0.4368203992769681,0.0,0.0,0.0,1.0,1.0
clean,thiazide,thiazide,binary,14000,0.0,0.19257142857142856,14000,0.19257142857142856,0.39431925323193107,0.0,0.0,0.0,0.0,1.0
clean,valproate_like_drug,valproate_like_drug,binary,14000,0.0,0.07892857142857143,14000,0.07892857142857143,0.2696272464733791,0.0,0.0,0.0,0.0,1.0
clean,anticholinergic_burden,anticholinergic_burden,binary,14000,0.0,0.0945,14000,0.0945,0.29252307601281646,0.0,0.0,0.0,0.0,1.0
clean,cardiac_repolarization_delay,cardiac_repolarization_delay,binary,14000,0.0,0.17842857142857144,14000,0.17842857142857144,0.38287310734306035,0.0,0.0,0.0,0.0,1.0
clean,cholestatic_pattern,cholestatic_pattern,binary,14000,0.0,0.11064285714285714,14000,0.11064285714285714,0.31368936116183865,0.0,0.0,0.0,0.0,1.0
clean,cns_sedation,cns_sedation,binary,14000,0.0,0.15614285714285714,14000,0.15614285714285714,0.36299072344361977,0.0,0.0,0.0,0.0,1.0
clean,coagulation_impairment,coagulation_impairment,binary,14000,0.0,0.15121428571428572,14000,0.15121428571428572,0.35825762449695897,0.0,0.0,0.0,0.0,1.0
clean,electrolyte_disturbance,electrolyte_disturbance,binary,14000,0.0,0.09028571428571429,14000,0.09028571428571429,0.2865906559565972,0.0,0.0,0.0,0.0,1.0
clean,fatigue_pathway,fatigue_pathway,binary,14000,0.0,0.09742857142857143,14000,0.09742857142857143,0.29654046081093083,0.0,0.0,0.0,0.0,1.0
clean,gastric_mucosal_injury,gastric_mucosal_injury,binary,14000,0.0,0.10328571428571429,14000,0.10328571428571429,0.30433168666802357,0.0,0.0,0.0,0.0,1.0
clean,gastric_protection,gastric_protection,binary,14000,0.0,0.11178571428571428,14000,0.11178571428571428,0.31510263148273926,0.0,0.0,0.0,0.0,1.0
clean,hepatic_metabolic_stress,hepatic_metabolic_stress,binary,14000,0.0,0.13785714285714284,14000,0.13785714285714284,0.34474998335084533,0.0,0.0,0.0,0.0,1.0
clean,hepatocellular_injury,hepatocellular_injury,binary,14000,0.0,0.07657142857142857,14000,0.07657142857142857,0.2659102196192527,0.0,0.0,0.0,0.0,1.0
clean,monoamine_disruption,monoamine_disruption,binary,14000,0.0,0.08242857142857143,14000,0.08242857142857143,0.2750165486671962,0.0,0.0,0.0,0.0,1.0
clean,nephrotoxic_stress,nephrotoxic_stress,binary,14000,0.0,0.12228571428571429,14000,0.12228571428571429,0.32761550385680305,0.0,0.0,0.0,0.0,1.0
clean,oxidative_hepatic_stress,oxidative_hepatic_stress,binary,14000,0.0,0.08728571428571429,14000,0.08728571428571429,0.2822532876112286,0.0,0.0,0.0,0.0,1.0
clean,platelet_inhibition,platelet_inhibition,binary,14000,0.0,0.11242857142857143,14000,0.11242857142857143,0.31589300048450275,0.0,0.0,0.0,0.0,1.0
clean,potassium_retention,potassium_retention,binary,14000,0.0,0.14142857142857143,14000,0.14142857142857143,0.34846309792034635,0.0,0.0,0.0,0.0,1.0
clean,psychomotor_impairment,psychomotor_impairment,binary,14000,0.0,0.10821428571428572,14000,0.10821428571428572,0.3106508555945608,0.0,0.0,0.0,0.0,1.0
clean,reduced_renal_perfusion,reduced_renal_perfusion,binary,14000,0.0,0.175,14000,0.175,0.3799671038392666,0.0,0.0,0.0,0.0,1.0
clean,serotonergic_shift,serotonergic_shift,binary,14000,0.0,0.13985714285714285,14000,0.13985714285714285,0.3468387556905652,0.0,0.0,0.0,0.0,1.0
clean,sleep_disruption,sleep_disruption,binary,14000,0.0,0.08792857142857143,14000,0.08792857142857143,0.28319099165598827,0.0,0.0,0.0,0.0,1.0
clean,sodium_water_imbalance,sodium_water_imbalance,binary,14000,0.0,0.11271428571428571,14000,0.11271428571428571,0.3162432220778875,0.0,0.0,0.0,0.0,1.0
clean,tubular_injury,tubular_injury,binary,14000,0.0,0.10028571428571428,14000,0.10028571428571428,0.300380574931067,0.0,0.0,0.0,0.0,1.0
clean,volume_depletion,volume_depletion,binary,14000,0.0,0.12114285714285715,14000,0.12114285714285715,0.3262932198286113,0.0,0.0,0.0,0.0,1.0
clean,alt_ast_rise,alt_ast_rise,binary,14000,0.0,0.05928571428571429,14000,0.05928571428571429,0.23615867201385374,0.0,0.0,0.0,0.0,1.0
clean,anhedonia_like_symptom,anhedonia_like_symptom,binary,14000,0.0,0.04314285714285714,14000,0.04314285714285714,0.20317861851190974,0.0,0.0,0.0,0.0,0.0
clean,bilirubin_rise,bilirubin_rise,binary,14000,0.0,0.021642857142857144,14000,0.021642857142857144,0.14551441123665732,0.0,0.0,0.0,0.0,0.0
clean,cognitive_slowing,cognitive_slowing,binary,14000,0.0,0.06921428571428571,14000,0.06921428571428571,0.2538181797416153,0.0,0.0,0.0,0.0,1.0
clean,confusion_state,confusion_state,binary,14000,0.0,0.069,14000,0.069,0.25345413786324344,0.0,0.0,0.0,0.0,1.0
clean,creatinine_rise,creatinine_rise,binary,14000,0.0,0.14635714285714285,14000,0.14635714285714285,0.35346390139848327,0.0,0.0,0.0,0.0,1.0
clean,dehydration,dehydration,binary,14000,0.0,0.11621428571428571,14000,0.11621428571428571,0.3204817085423193,0.0,0.0,0.0,0.0,1.0
clean,dizziness,dizziness,binary,14000,0.0,0.14307142857142857,14000,0.14307142857142857,0.35014567668037716,0.0,0.0,0.0,0.0,1.0
clean,fatigue_symptom,fatigue_symptom,binary,14000,0.0,0.1977142857142857,14000,0.1977142857142857,0.3982754661522292,0.0,0.0,0.0,0.0,1.0
clean,gi_irritation,gi_irritation,binary,14000,0.0,0.09971428571428571,14000,0.09971428571428571,0.29961866920933933,0.0,0.0,0.0,0.0,1.0
clean,hyperkalemia_state,hyperkalemia_state,binary,14000,0.0,0.060714285714285714,14000,0.060714285714285714,0.23880548826291617,0.0,0.0,0.0,0.0,1.0
clean,hyponatremia_state,hyponatremia_state,binary,14000,0.0,0.06921428571428571,14000,0.06921428571428571,0.2538181797416153,0.0,0.0,0.0,0.0,1.0
clean,hypotension,hypotension,binary,14000,0.0,0.10335714285714286,14000,0.10335714285714286,0.30442477540034585,0.0,0.0,0.0,0.0,1.0
clean,jaundice,jaundice,binary,14000,0.0,0.011142857142857144,14000,0.011142857142857144,0.10496996655020437,0.0,0.0,0.0,0.0,0.0
clean,mood_lowering,mood_lowering,binary,14000,0.0,0.08978571428571429,14000,0.08978571428571429,0.28587451757006666,0.0,0.0,0.0,0.0,1.0
clean,nausea,nausea,binary,14000,0.0,0.10635714285714286,14000,0.10635714285714286,0.30829417934889425,0.0,0.0,0.0,0.0,1.0
clean,occult_bleeding,occult_bleeding,binary,14000,0.0,0.027071428571428573,14000,0.027071428571428573,0.16229160892212086,0.0,0.0,0.0,0.0,0.0
clean,overt_bleeding,overt_bleeding,binary,14000,0.0,0.025142857142857144,14000,0.025142857142857144,0.1565589150369631,0.0,0.0,0.0,0.0,0.0
clean,qt_prolongation_state,qt_prolongation_state,binary,14000,0.0,0.048857142857142856,14000,0.048857142857142856,0.21556929848422202,0.0,0.0,0.0,0.0,0.0
clean,sedation_state,sedation_state,binary,14000,0.0,0.12957142857142856,14000,0.12957142857142856,0.3358313169872455,0.0,0.0,0.0,0.0,1.0
clean,sleep_disturbance_symptom,sleep_disturbance_symptom,binary,14000,0.0,0.11521428571428571,14000,0.11521428571428571,0.3192803690827744,0.0,0.0,0.0,0.0,1.0
clean,adr_reported,adr_reported,binary,14000,0.0,0.04285714285714286,14000,0.04285714285714286,0.2025349554108261,0.0,0.0,0.0,0.0,0.0
clean,creatinine_tested,creatinine_tested,binary,14000,0.0,0.4868571428571429,14000,0.4868571428571429,0.49982723545853575,0.0,0.0,0.0,1.0,1.0
clean,ecg_performed,ecg_performed,binary,14000,0.0,0.243,14000,0.243,0.4288950920679788,0.0,0.0,0.0,0.0,1.0
clean,electrolyte_abnormality_recorded,electrolyte_abnormality_recorded,binary,14000,0.0,0.10642857142857143,14000,0.10642857142857143,0.30838536056733445,0.0,0.0,0.0,0.0,1.0
clean,electrolytes_tested,electrolytes_tested,binary,14000,0.0,0.4242142857142857,14000,0.4242142857142857,0.49422315355535923,0.0,0.0,0.0,1.0,1.0
clean,elevated_alt_ast_recorded,elevated_alt_ast_recorded,binary,14000,0.0,0.028428571428571428,14000,0.028428571428571428,0.16619382586336362,0.0,0.0,0.0,0.0,0.0
clean,elevated_creatinine_recorded,elevated_creatinine_recorded,binary,14000,0.0,0.09357142857142857,14000,0.09357142857142857,0.29123155104921344,0.0,0.0,0.0,0.0,1.0
clean,fall_reported,fall_reported,binary,14000,0.0,0.05828571428571429,14000,0.05828571428571429,0.23428292681268598,0.0,0.0,0.0,0.0,1.0
clean,hospital_contact,hospital_contact,binary,14000,0.0,0.27085714285714285,14000,0.27085714285714285,0.4444024651376364,0.0,0.0,0.0,1.0,1.0
clean,lft_tested,lft_tested,binary,14000,0.0,0.3292857142857143,14000,0.3292857142857143,0.46995386225996827,0.0,0.0,0.0,1.0,1.0
clean,mood_screening_done,mood_screening_done,binary,14000,0.0,0.17685714285714285,14000,0.17685714285714285,0.38154776093898257,0.0,0.0,0.0,0.0,1.0
clean,qt_recorded,qt_recorded,binary,14000,0.0,0.018357142857142857,14000,0.018357142857142857,0.1342391826676001,0.0,0.0,0.0,0.0,0.0
clean,AKI,AKI,binary,14000,0.0,0.131,14000,0.131,0.3374003556607491,0.0,0.0,0.0,0.0,1.0
clean,DILI,DILI,binary,14000,0.0,0.018,14000,0.018,0.132951118836962,0.0,0.0,0.0,0.0,0.0
clean,Delirium,Delirium,binary,14000,0.0,0.03692857142857143,14000,0.03692857142857143,0.18858645773442043,0.0,0.0,0.0,0.0,0.0
clean,Depression,Depression,binary,14000,0.0,0.08464285714285714,14000,0.08464285714285714,0.27834949951015003,0.0,0.0,0.0,0.0,1.0
clean,Falls,Falls,binary,14000,0.0,0.07785714285714286,14000,0.07785714285714286,0.26794665171124143,0.0,0.0,0.0,0.0,1.0
clean,GI_bleeding,GI_bleeding,binary,14000,0.0,0.021214285714285713,14000,0.021214285714285713,0.14409802148509318,0.0,0.0,0.0,0.0,0.0
clean,Hospitalization,Hospitalization,binary,14000,0.0,0.225,14000,0.225,0.4175823272122517,0.0,0.0,0.0,0.0,1.0
clean,Hyperkalemia,Hyperkalemia,binary,14000,0.0,0.048357142857142855,14000,0.048357142857142855,0.21451976503771567,0.0,0.0,0.0,0.0,0.0
clean,Hyponatremia,Hyponatremia,binary,14000,0.0,0.07871428571428571,14000,0.07871428571428571,0.2692923076115905,0.0,0.0,0.0,0.0,1.0
clean,QT_arrhythmia,QT_arrhythmia,binary,14000,0.0,0.015928571428571427,14000,0.015928571428571427,0.12519924936203222,0.0,0.0,0.0,0.0,0.0
clean,active_drug_count,active_drug_count,count,14000,0.0,,14000,5.868714285714286,2.2021206801163093,6.0,2.0,4.0,7.0,10.0
clean,ddi_renal_double_hit,ddi_renal_double_hit,binary,14000,0.0,0.14135714285714285,14000,0.14135714285714285,0.34838958225011285,0.0,0.0,0.0,0.0,1.0
clean,ddi_renal_triple_whammy,ddi_renal_triple_whammy,binary,14000,0.0,0.06814285714285714,14000,0.06814285714285714,0.2519908890481267,0.0,0.0,0.0,0.0,1.0
clean,ddi_cns_depression_synergy,ddi_cns_depression_synergy,binary,14000,0.0,0.033357142857142856,14000,0.033357142857142856,0.17956737977024398,0.0,0.0,0.0,0.0,0.0
clean,ddi_bleeding_dual,ddi_bleeding_dual,binary,14000,0.0,0.08407142857142857,14000,0.08407142857142857,0.27749490710531566,0.0,0.0,0.0,0.0,1.0
clean,ddi_bleeding_triple,ddi_bleeding_triple,binary,14000,0.0,0.0245,14000,0.0245,0.15459543977750442,0.0,0.0,0.0,0.0,0.0
clean,ddi_serotonergic_synergy,ddi_serotonergic_synergy,binary,14000,0.0,0.027428571428571427,14000,0.027428571428571427,0.16332864077668427,0.0,0.0,0.0,0.0,0.0
clean,ddi_qt_multidrug_load,ddi_qt_multidrug_load,count,14000,0.0,,14000,0.702,0.7631113006258373,1.0,0.0,0.0,1.0,2.0
clean,ddi_hepatic_triple_hit,ddi_hepatic_triple_hit,binary,14000,0.0,0.0015,14000,0.0015,0.03870077518603471,0.0,0.0,0.0,0.0,0.0
clean,cumulative_adr_burden,cumulative_adr_burden,continuous,14000,0.0,,14000,1.8654971428571427,1.5501827574258489,1.56,0.24,0.48,2.64,4.9
clean,severe_adr_burden,severe_adr_burden,binary,14000,0.0,0.10335714285714286,14000,0.10335714285714286,0.30442477540034585,0.0,0.0,0.0,0.0,1.0
clean,statin,statin,binary,14000,0.0,0.3097857142857143,14000,0.3097857142857143,0.4624051529883767,0.0,0.0,0.0,1.0,1.0
clean,macrolide,macrolide,binary,14000,0.0,0.12271428571428572,14000,0.12271428571428572,0.3281089602493634,0.0,0.0,0.0,0.0,1.0
clean,azole_antifungal,azole_antifungal,binary,14000,0.0,0.07835714285714286,14000,0.07835714285714286,0.2687327687878948,0.0,0.0,0.0,0.0,1.0
clean,metformin,metformin,binary,14000,0.0,0.29328571428571426,14000,0.29328571428571426,0.45526827704292405,0.0,0.0,0.0,1.0,1.0
clean,digoxin,digoxin,binary,14000,0.0,0.09071428571428572,14000,0.09071428571428572,0.2872023747841104,0.0,0.0,0.0,0.0,1.0
clean,triptan,triptan,binary,14000,0.0,0.08885714285714286,14000,0.08885714285714286,0.2845374334255656,0.0,0.0,0.0,0.0,1.0
clean,lithium,lithium,binary,14000,0.0,0.052571428571428575,14000,0.052571428571428575,0.22317632820124036,0.0,0.0,0.0,0.0,1.0
clean,potassium_supplement,potassium_supplement,binary,14000,0.0,0.13014285714285714,14000,0.13014285714285714,0.3364605383660186,0.0,0.0,0.0,0.0,1.0
clean,hypertension,hypertension,binary,14000,0.0,0.5300714285714285,14000,0.5300714285714285,0.499094889959488,1.0,0.0,0.0,1.0,1.0
clean,atrial_fibrillation,atrial_fibrillation,binary,14000,0.0,0.13657142857142857,14000,0.13657142857142857,0.34339434105615046,0.0,0.0,0.0,0.0,1.0
clean,epilepsy,epilepsy,binary,14000,0.0,0.032857142857142856,14000,0.032857142857142856,0.17826259007545067,0.0,0.0,0.0,0.0,0.0
clean,hypothyroidism,hypothyroidism,binary,14000,0.0,0.15,14000,0.15,0.3570714214271425,0.0,0.0,0.0,0.0,1.0
clean,obesity,obesity,binary,14000,0.0,0.33685714285714285,14000,0.33685714285714285,0.47263559764713586,0.0,0.0,0.0,1.0,1.0
clean,nephrotoxin_load,nephrotoxin_load,count,14000,0.0,,14000,1.0979285714285714,0.8510808224408128,1.0,0.0,0.0,2.0,3.0
clean,hepatic_drug_load,hepatic_drug_load,count,14000,0.0,,14000,0.9044285714285715,0.8546563816015446,1.0,0.0,0.0,1.0,2.0
clean,qt_drug_load_v3,qt_drug_load_v3,count,14000,0.0,,14000,0.7927142857142857,0.8154077357434157,1.0,0.0,0.0,1.0,2.0
clean,cns_depressant_load,cns_depressant_load,count,14000,0.0,,14000,0.6017857142857143,0.7125886088832771,0.0,0.0,0.0,1.0,2.0
clean,bleeding_risk_load,bleeding_risk_load,count,14000,0.0,,14000,1.2585,0.9815253617274928,1.0,0.0,1.0,2.0,3.0
clean,serotonergic_load,serotonergic_load,count,14000,0.0,,14000,0.6242142857142857,0.7201186091363629,0.0,0.0,0.0,1.0,2.0
clean,cyp_inhibitor_load,cyp_inhibitor_load,count,14000,0.0,,14000,0.20107142857142857,0.4246834054892647,0.0,0.0,0.0,0.0,1.0
clean,ddi_statin_cyp_inhibitor,ddi_statin_cyp_inhibitor,binary,14000,0.0,0.05821428571428571,14000,0.05821428571428571,0.23414820659800328,0.0,0.0,0.0,0.0,1.0
clean,ddi_metformin_renal_risk,ddi_metformin_renal_risk,binary,14000,0.0,0.030642857142857142,14000,0.030642857142857142,0.17234811414396037,0.0,0.0,0.0,0.0,0.0
clean,ddi_lithium_renal_risk,ddi_lithium_renal_risk,binary,14000,0.0,0.005071428571428571,14000,0.005071428571428571,0.07103315552383598,0.0,0.0,0.0,0.0,0.0
clean,ddi_digoxin_electrolyte_risk,ddi_digoxin_electrolyte_risk,binary,14000,0.0,0.008142857142857143,14000,0.008142857142857143,0.08986963347209202,0.0,0.0,0.0,0.0,0.0
clean,ddi_serotonergic_high_load,ddi_serotonergic_high_load,binary,14000,0.0,0.11492857142857144,14000,0.11492857142857144,0.3189357222042698,0.0,0.0,0.0,0.0,1.0
clean,drug_disease_nsaid_ckd,drug_disease_nsaid_ckd,binary,14000,0.0,0.025214285714285713,14000,0.025214285714285713,0.156775398293878,0.0,0.0,0.0,0.0,0.0
clean,drug_disease_nsaid_heart_failure,drug_disease_nsaid_heart_failure,binary,14000,0.0,0.023,14000,0.023,0.14990330216509573,0.0,0.0,0.0,0.0,0.0
clean,drug_disease_qt_baseline_risk,drug_disease_qt_baseline_risk,binary,14000,0.0,0.040785714285714286,14000,0.040785714285714286,0.197793427079664,0.0,0.0,0.0,0.0,0.0
clean,drug_disease_hepatic_liver_disease,drug_disease_hepatic_liver_disease,binary,14000,0.0,0.039857142857142855,14000,0.039857142857142855,0.19562349301760296,0.0,0.0,0.0,0.0,0.0
clean,drug_disease_anticoagulant_frailty,drug_disease_anticoagulant_frailty,binary,14000,0.0,0.012142857142857143,14000,0.012142857142857143,0.10952355072433191,0.0,0.0,0.0,0.0,0.0
clean,muscle_injury,muscle_injury,binary,14000,0.0,0.031,14000,0.031,0.1733176274935703,0.0,0.0,0.0,0.0,0.0
clean,lactate_accumulation,lactate_accumulation,binary,14000,0.0,0.014857142857142857,14000,0.014857142857142857,0.12098102398006598,0.0,0.0,0.0,0.0,0.0
clean,serotonin_toxicity,serotonin_toxicity,binary,14000,0.0,0.015642857142857142,14000,0.015642857142857142,0.12408931526632459,0.0,0.0,0.0,0.0,0.0
clean,digoxin_toxicity,digoxin_toxicity,binary,14000,0.0,0.010285714285714285,14000,0.010285714285714285,0.10089558150556911,0.0,0.0,0.0,0.0,0.0
clean,lithium_toxicity,lithium_toxicity,binary,14000,0.0,0.006857142857142857,14000,0.006857142857142857,0.0825234660504489,0.0,0.0,0.0,0.0,0.0
clean,Serotonin_syndrome,Serotonin_syndrome,binary,14000,0.0,0.0025,14000,0.0025,0.04993746088859544,0.0,0.0,0.0,0.0,0.0
clean,Rhabdomyolysis,Rhabdomyolysis,binary,14000,0.0,0.003357142857142857,14000,0.003357142857142857,0.05784351691399471,0.0,0.0,0.0,0.0,0.0
clean,Lactic_acidosis,Lactic_acidosis,binary,14000,0.0,0.0055,14000,0.0055,0.0739577582137263,0.0,0.0,0.0,0.0,0.0
hidden_confounder,age,age,continuous,14000,0.0,,14000,65.81977857142859,11.98675475357688,65.8,46.0,57.6,74.1,85.6
hidden_confounder,alcohol_use,alcohol_use,binary,14000,0.0,0.129,14000,0.129,0.33519994033412354,0.0,0.0,0.0,0.0,1.0
hidden_confounder,baseline_alt_ast,baseline_alt_ast,continuous,14000,0.0,,14000,24.89476428571429,10.011603789825022,24.4,8.9,17.9,31.2,42.004999999999924
hidden_confounder,baseline_egfr,baseline_egfr,continuous,14000,0.0,,14000,74.49969285714286,19.95391567136508,74.7,41.1,61.2,88.0,107.1
hidden_confounder,baseline_mood_vulnerability,baseline_mood_vulnerability,binary,14000,0.0,0.11507142857142857,14000,0.11507142857142857,0.3191081241491028,0.0,0.0,0.0,0.0,1.0
hidden_confounder,baseline_potassium,baseline_potassium,continuous,14000,0.0,,14000,4.269931428571429,0.3602045385384164,4.27,3.67,4.03,4.52,4.86
hidden_confounder,baseline_qt_risk,baseline_qt_risk,binary,14000,0.0,0.06907142857142858,14000,0.06907142857142858,0.25357556334657055,0.0,0.0,0.0,0.0,1.0
hidden_confounder,baseline_sodium,baseline_sodium,continuous,14000,0.0,,14000,138.95499285714286,2.5130788032565854,138.95,134.9,137.2,140.7,143.1
hidden_confounder,ckd,ckd,binary,14000,0.0,0.09121428571428572,14000,0.09121428571428572,0.28791359779614156,0.0,0.0,0.0,0.0,1.0
hidden_confounder,depression_history,depression_history,binary,14000,0.0,0.12007142857142857,14000,0.12007142857142857,0.325045043974285,0.0,0.0,0.0,0.0,1.0
hidden_confounder,diabetes,diabetes,binary,14000,0.0,0.17085714285714285,14000,0.17085714285714285,0.37638408519999456,0.0,0.0,0.0,0.0,1.0
hidden_confounder,frailty,frailty,binary,14000,0.0,0.03578571428571429,14000,0.03578571428571429,0.18575547620131014,0.0,0.0,0.0,0.0,0.0
hidden_confounder,heart_failure,heart_failure,binary,14000,0.0,0.08185714285714285,14000,0.08185714285714285,0.274146951506684,0.0,0.0,0.0,0.0,1.0
hidden_confounder,infection,infection,binary,14000,0.0,0.08292857142857143,14000,0.08292857142857143,0.27577422553492514,0.0,0.0,0.0,0.0,1.0
hidden_confounder,liver_disease,liver_disease,binary,14000,0.0,0.06092857142857143,14000,0.06092857142857143,0.23919924877023524,0.0,0.0,0.0,0.0,1.0
hidden_confounder,monitoring_intensity,monitoring_intensity,continuous,14000,0.0,,14000,0.38979985714285714,0.1950191556891114,0.375,0.095,0.238,0.527,0.732
hidden_confounder,polypharmacy_burden,polypharmacy_burden,count,14000,0.0,,14000,4.926785714285714,2.2550254252152784,5.0,2.0,3.0,6.0,9.0
hidden_confounder,sex_female,sex_female,binary,14000,0.0,0.5417142857142857,14000,0.5417142857142857,0.4982568798996628,1.0,0.0,0.0,1.0,1.0
hidden_confounder,acei_arb,acei_arb,binary,14000,0.0,0.5342857142857143,14000,0.5342857142857143,0.4988231047134028,1.0,0.0,0.0,1.0,1.0
hidden_confounder,aminoglycoside,aminoglycoside,binary,14000,0.0,0.06664285714285714,14000,0.06664285714285714,0.24940245935975427,0.0,0.0,0.0,0.0,1.0
hidden_confounder,antibiotic_hepatic_risk,antibiotic_hepatic_risk,binary,14000,0.0,0.2077142857142857,14000,0.2077142857142857,0.40567112446474396,0.0,0.0,0.0,0.0,1.0
hidden_confounder,anticholinergic,anticholinergic,binary,14000,0.0,0.15492857142857142,14000,0.15492857142857142,0.36183657800680336,0.0,0.0,0.0,0.0,1.0
hidden_confounder,anticoagulant,anticoagulant,binary,14000,0.0,0.2725,14000,0.2725,0.44524571867677737,0.0,0.0,0.0,1.0,1.0
hidden_confounder,antiplatelet,antiplatelet,binary,14000,0.0,0.29714285714285715,14000,0.29714285714285715,0.45699997767159334,0.0,0.0,0.0,1.0,1.0
hidden_confounder,benzodiazepine,benzodiazepine,binary,14000,0.0,0.1972142857142857,14000,0.1972142857142857,0.3978954777633063,0.0,0.0,0.0,0.0,1.0
hidden_confounder,beta_blocker,beta_blocker,binary,14000,0.0,0.32785714285714285,14000,0.32785714285714285,0.46943246237844893,0.0,0.0,0.0,1.0,1.0
hidden_confounder,contrast_agent,contrast_agent,binary,14000,0.0,0.18292857142857144,14000,0.18292857142857144,0.38660795282000265,0.0,0.0,0.0,0.0,1.0
hidden_confounder,corticosteroid,corticosteroid,binary,14000,0.0,0.17064285714285715,14000,0.17064285714285715,0.37619658750310264,0.0,0.0,0.0,0.0,1.0
hidden_confounder,diuretic,diuretic,binary,14000,0.0,0.44471428571428573,14000,0.44471428571428573,0.4969340899917396,0.0,0.0,0.0,1.0,1.0
hidden_confounder,hepatotoxic_drug_A,hepatotoxic_drug_A,binary,14000,0.0,0.10692857142857143,14000,0.10692857142857143,0.3090224134926402,0.0,0.0,0.0,0.0,1.0
hidden_confounder,herbal_exposure,herbal_exposure,binary,14000,0.0,0.15214285714285714,14000,0.15214285714285714,0.3591593074991449,0.0,0.0,0.0,0.0,1.0
hidden_confounder,nsaid,nsaid,binary,14000,0.0,0.2615,14000,0.2615,0.43945164694195876,0.0,0.0,0.0,1.0,1.0
hidden_confounder,opioid,opioid,binary,14000,0.0,0.1707142857142857,14000,0.1707142857142857,0.37625911067686707,0.0,0.0,0.0,0.0,1.0
hidden_confounder,ppi,ppi,binary,14000,0.0,0.382,14000,0.382,0.4858765275252551,0.0,0.0,0.0,1.0,1.0
hidden_confounder,qt_prolonging_drug,qt_prolonging_drug,binary,14000,0.0,0.1362857142857143,14000,0.1362857142857143,0.3430917054773358,0.0,0.0,0.0,0.0,1.0
hidden_confounder,snri,snri,binary,14000,0.0,0.10792857142857143,14000,0.10792857142857143,0.3102901785393137,0.0,0.0,0.0,0.0,1.0
hidden_confounder,ssri,ssri,binary,14000,0.0,0.25671428571428573,14000,0.25671428571428573,0.4368203992769681,0.0,0.0,0.0,1.0,1.0
hidden_confounder,thiazide,thiazide,binary,14000,0.0,0.19257142857142856,14000,0.19257142857142856,0.39431925323193107,0.0,0.0,0.0,0.0,1.0
hidden_confounder,valproate_like_drug,valproate_like_drug,binary,14000,0.0,0.07892857142857143,14000,0.07892857142857143,0.2696272464733791,0.0,0.0,0.0,0.0,1.0
hidden_confounder,anticholinergic_burden,anticholinergic_burden,binary,14000,0.0,0.0945,14000,0.0945,0.29252307601281646,0.0,0.0,0.0,0.0,1.0
hidden_confounder,cardiac_repolarization_delay,cardiac_repolarization_delay,binary,14000,0.0,0.17842857142857144,14000,0.17842857142857144,0.38287310734306035,0.0,0.0,0.0,0.0,1.0
hidden_confounder,cholestatic_pattern,cholestatic_pattern,binary,14000,0.0,0.11064285714285714,14000,0.11064285714285714,0.31368936116183865,0.0,0.0,0.0,0.0,1.0
hidden_confounder,cns_sedation,cns_sedation,binary,14000,0.0,0.15614285714285714,14000,0.15614285714285714,0.36299072344361977,0.0,0.0,0.0,0.0,1.0
hidden_confounder,coagulation_impairment,coagulation_impairment,binary,14000,0.0,0.15121428571428572,14000,0.15121428571428572,0.35825762449695897,0.0,0.0,0.0,0.0,1.0
hidden_confounder,electrolyte_disturbance,electrolyte_disturbance,binary,14000,0.0,0.09028571428571429,14000,0.09028571428571429,0.2865906559565972,0.0,0.0,0.0,0.0,1.0
hidden_confounder,fatigue_pathway,fatigue_pathway,binary,14000,0.0,0.09742857142857143,14000,0.09742857142857143,0.29654046081093083,0.0,0.0,0.0,0.0,1.0
hidden_confounder,gastric_mucosal_injury,gastric_mucosal_injury,binary,14000,0.0,0.10328571428571429,14000,0.10328571428571429,0.30433168666802357,0.0,0.0,0.0,0.0,1.0
hidden_confounder,gastric_protection,gastric_protection,binary,14000,0.0,0.11178571428571428,14000,0.11178571428571428,0.31510263148273926,0.0,0.0,0.0,0.0,1.0
hidden_confounder,hepatic_metabolic_stress,hepatic_metabolic_stress,binary,14000,0.0,0.13785714285714284,14000,0.13785714285714284,0.34474998335084533,0.0,0.0,0.0,0.0,1.0
hidden_confounder,hepatocellular_injury,hepatocellular_injury,binary,14000,0.0,0.07657142857142857,14000,0.07657142857142857,0.2659102196192527,0.0,0.0,0.0,0.0,1.0
hidden_confounder,monoamine_disruption,monoamine_disruption,binary,14000,0.0,0.08242857142857143,14000,0.08242857142857143,0.2750165486671962,0.0,0.0,0.0,0.0,1.0
hidden_confounder,nephrotoxic_stress,nephrotoxic_stress,binary,14000,0.0,0.12228571428571429,14000,0.12228571428571429,0.32761550385680305,0.0,0.0,0.0,0.0,1.0
hidden_confounder,oxidative_hepatic_stress,oxidative_hepatic_stress,binary,14000,0.0,0.08728571428571429,14000,0.08728571428571429,0.2822532876112286,0.0,0.0,0.0,0.0,1.0
hidden_confounder,platelet_inhibition,platelet_inhibition,binary,14000,0.0,0.11242857142857143,14000,0.11242857142857143,0.31589300048450275,0.0,0.0,0.0,0.0,1.0
hidden_confounder,potassium_retention,potassium_retention,binary,14000,0.0,0.14142857142857143,14000,0.14142857142857143,0.34846309792034635,0.0,0.0,0.0,0.0,1.0
hidden_confounder,psychomotor_impairment,psychomotor_impairment,binary,14000,0.0,0.10821428571428572,14000,0.10821428571428572,0.3106508555945608,0.0,0.0,0.0,0.0,1.0
hidden_confounder,reduced_renal_perfusion,reduced_renal_perfusion,binary,14000,0.0,0.175,14000,0.175,0.3799671038392666,0.0,0.0,0.0,0.0,1.0
hidden_confounder,serotonergic_shift,serotonergic_shift,binary,14000,0.0,0.13985714285714285,14000,0.13985714285714285,0.3468387556905652,0.0,0.0,0.0,0.0,1.0
hidden_confounder,sleep_disruption,sleep_disruption,binary,14000,0.0,0.08792857142857143,14000,0.08792857142857143,0.28319099165598827,0.0,0.0,0.0,0.0,1.0
hidden_confounder,sodium_water_imbalance,sodium_water_imbalance,binary,14000,0.0,0.11271428571428571,14000,0.11271428571428571,0.3162432220778875,0.0,0.0,0.0,0.0,1.0
hidden_confounder,tubular_injury,tubular_injury,binary,14000,0.0,0.10028571428571428,14000,0.10028571428571428,0.300380574931067,0.0,0.0,0.0,0.0,1.0
hidden_confounder,volume_depletion,volume_depletion,binary,14000,0.0,0.12114285714285715,14000,0.12114285714285715,0.3262932198286113,0.0,0.0,0.0,0.0,1.0
hidden_confounder,alt_ast_rise,alt_ast_rise,binary,14000,0.0,0.05928571428571429,14000,0.05928571428571429,0.23615867201385374,0.0,0.0,0.0,0.0,1.0
hidden_confounder,anhedonia_like_symptom,anhedonia_like_symptom,binary,14000,0.0,0.04314285714285714,14000,0.04314285714285714,0.20317861851190974,0.0,0.0,0.0,0.0,0.0
hidden_confounder,bilirubin_rise,bilirubin_rise,binary,14000,0.0,0.021642857142857144,14000,0.021642857142857144,0.14551441123665732,0.0,0.0,0.0,0.0,0.0
hidden_confounder,cognitive_slowing,cognitive_slowing,binary,14000,0.0,0.06921428571428571,14000,0.06921428571428571,0.2538181797416153,0.0,0.0,0.0,0.0,1.0
hidden_confounder,confusion_state,confusion_state,binary,14000,0.0,0.069,14000,0.069,0.25345413786324344,0.0,0.0,0.0,0.0,1.0
hidden_confounder,creatinine_rise,creatinine_rise,binary,14000,0.0,0.14635714285714285,14000,0.14635714285714285,0.35346390139848327,0.0,0.0,0.0,0.0,1.0
hidden_confounder,dehydration,dehydration,binary,14000,0.0,0.11621428571428571,14000,0.11621428571428571,0.3204817085423193,0.0,0.0,0.0,0.0,1.0
hidden_confounder,dizziness,dizziness,binary,14000,0.0,0.14307142857142857,14000,0.14307142857142857,0.35014567668037716,0.0,0.0,0.0,0.0,1.0
hidden_confounder,fatigue_symptom,fatigue_symptom,binary,14000,0.0,0.1977142857142857,14000,0.1977142857142857,0.3982754661522292,0.0,0.0,0.0,0.0,1.0
hidden_confounder,gi_irritation,gi_irritation,binary,14000,0.0,0.09971428571428571,14000,0.09971428571428571,0.29961866920933933,0.0,0.0,0.0,0.0,1.0
hidden_confounder,hyperkalemia_state,hyperkalemia_state,binary,14000,0.0,0.060714285714285714,14000,0.060714285714285714,0.23880548826291617,0.0,0.0,0.0,0.0,1.0
hidden_confounder,hyponatremia_state,hyponatremia_state,binary,14000,0.0,0.06921428571428571,14000,0.06921428571428571,0.2538181797416153,0.0,0.0,0.0,0.0,1.0
hidden_confounder,hypotension,hypotension,binary,14000,0.0,0.10335714285714286,14000,0.10335714285714286,0.30442477540034585,0.0,0.0,0.0,0.0,1.0
hidden_confounder,jaundice,jaundice,binary,14000,0.0,0.011142857142857144,14000,0.011142857142857144,0.10496996655020437,0.0,0.0,0.0,0.0,0.0
hidden_confounder,mood_lowering,mood_lowering,binary,14000,0.0,0.08978571428571429,14000,0.08978571428571429,0.28587451757006666,0.0,0.0,0.0,0.0,1.0
hidden_confounder,nausea,nausea,binary,14000,0.0,0.10635714285714286,14000,0.10635714285714286,0.30829417934889425,0.0,0.0,0.0,0.0,1.0
hidden_confounder,occult_bleeding,occult_bleeding,binary,14000,0.0,0.027071428571428573,14000,0.027071428571428573,0.16229160892212086,0.0,0.0,0.0,0.0,0.0
hidden_confounder,overt_bleeding,overt_bleeding,binary,14000,0.0,0.025142857142857144,14000,0.025142857142857144,0.1565589150369631,0.0,0.0,0.0,0.0,0.0
hidden_confounder,qt_prolongation_state,qt_prolongation_state,binary,14000,0.0,0.048857142857142856,14000,0.048857142857142856,0.21556929848422202,0.0,0.0,0.0,0.0,0.0
hidden_confounder,sedation_state,sedation_state,binary,14000,0.0,0.12957142857142856,14000,0.12957142857142856,0.3358313169872455,0.0,0.0,0.0,0.0,1.0
hidden_confounder,sleep_disturbance_symptom,sleep_disturbance_symptom,binary,14000,0.0,0.11521428571428571,14000,0.11521428571428571,0.3192803690827744,0.0,0.0,0.0,0.0,1.0
hidden_confounder,adr_reported,adr_reported,binary,14000,0.0,0.04285714285714286,14000,0.04285714285714286,0.2025349554108261,0.0,0.0,0.0,0.0,0.0
hidden_confounder,creatinine_tested,creatinine_tested,binary,14000,0.0,0.4868571428571429,14000,0.4868571428571429,0.49982723545853575,0.0,0.0,0.0,1.0,1.0
hidden_confounder,ecg_performed,ecg_performed,binary,14000,0.0,0.243,14000,0.243,0.4288950920679788,0.0,0.0,0.0,0.0,1.0
hidden_confounder,electrolyte_abnormality_recorded,electrolyte_abnormality_recorded,binary,14000,0.0,0.10642857142857143,14000,0.10642857142857143,0.30838536056733445,0.0,0.0,0.0,0.0,1.0
hidden_confounder,electrolytes_tested,electrolytes_tested,binary,14000,0.0,0.4242142857142857,14000,0.4242142857142857,0.49422315355535923,0.0,0.0,0.0,1.0,1.0
hidden_confounder,elevated_alt_ast_recorded,elevated_alt_ast_recorded,binary,14000,0.0,0.028428571428571428,14000,0.028428571428571428,0.16619382586336362,0.0,0.0,0.0,0.0,0.0
hidden_confounder,elevated_creatinine_recorded,elevated_creatinine_recorded,binary,14000,0.0,0.09357142857142857,14000,0.09357142857142857,0.29123155104921344,0.0,0.0,0.0,0.0,1.0
hidden_confounder,fall_reported,fall_reported,binary,14000,0.0,0.05828571428571429,14000,0.05828571428571429,0.23428292681268598,0.0,0.0,0.0,0.0,1.0
hidden_confounder,hospital_contact,hospital_contact,binary,14000,0.0,0.27085714285714285,14000,0.27085714285714285,0.4444024651376364,0.0,0.0,0.0,1.0,1.0
hidden_confounder,lft_tested,lft_tested,binary,14000,0.0,0.3292857142857143,14000,0.3292857142857143,0.46995386225996827,0.0,0.0,0.0,1.0,1.0
hidden_confounder,mood_screening_done,mood_screening_done,binary,14000,0.0,0.17685714285714285,14000,0.17685714285714285,0.38154776093898257,0.0,0.0,0.0,0.0,1.0
hidden_confounder,qt_recorded,qt_recorded,binary,14000,0.0,0.018357142857142857,14000,0.018357142857142857,0.1342391826676001,0.0,0.0,0.0,0.0,0.0
hidden_confounder,AKI,AKI,binary,14000,0.0,0.131,14000,0.131,0.3374003556607491,0.0,0.0,0.0,0.0,1.0
hidden_confounder,DILI,DILI,binary,14000,0.0,0.018,14000,0.018,0.132951118836962,0.0,0.0,0.0,0.0,0.0
hidden_confounder,Delirium,Delirium,binary,14000,0.0,0.03692857142857143,14000,0.03692857142857143,0.18858645773442043,0.0,0.0,0.0,0.0,0.0
hidden_confounder,Depression,Depression,binary,14000,0.0,0.08464285714285714,14000,0.08464285714285714,0.27834949951015003,0.0,0.0,0.0,0.0,1.0
hidden_confounder,Falls,Falls,binary,14000,0.0,0.07785714285714286,14000,0.07785714285714286,0.26794665171124143,0.0,0.0,0.0,0.0,1.0
hidden_confounder,GI_bleeding,GI_bleeding,binary,14000,0.0,0.021214285714285713,14000,0.021214285714285713,0.14409802148509318,0.0,0.0,0.0,0.0,0.0
hidden_confounder,Hospitalization,Hospitalization,binary,14000,0.0,0.225,14000,0.225,0.4175823272122517,0.0,0.0,0.0,0.0,1.0
hidden_confounder,Hyperkalemia,Hyperkalemia,binary,14000,0.0,0.048357142857142855,14000,0.048357142857142855,0.21451976503771567,0.0,0.0,0.0,0.0,0.0
hidden_confounder,Hyponatremia,Hyponatremia,binary,14000,0.0,0.07871428571428571,14000,0.07871428571428571,0.2692923076115905,0.0,0.0,0.0,0.0,1.0
hidden_confounder,QT_arrhythmia,QT_arrhythmia,binary,14000,0.0,0.015928571428571427,14000,0.015928571428571427,0.12519924936203222,0.0,0.0,0.0,0.0,0.0
hidden_confounder,active_drug_count,active_drug_count,count,14000,0.0,,14000,5.868714285714286,2.2021206801163093,6.0,2.0,4.0,7.0,10.0
hidden_confounder,ddi_renal_double_hit,ddi_renal_double_hit,binary,14000,0.0,0.14135714285714285,14000,0.14135714285714285,0.34838958225011285,0.0,0.0,0.0,0.0,1.0
hidden_confounder,ddi_renal_triple_whammy,ddi_renal_triple_whammy,binary,14000,0.0,0.06814285714285714,14000,0.06814285714285714,0.2519908890481267,0.0,0.0,0.0,0.0,1.0
hidden_confounder,ddi_cns_depression_synergy,ddi_cns_depression_synergy,binary,14000,0.0,0.033357142857142856,14000,0.033357142857142856,0.17956737977024398,0.0,0.0,0.0,0.0,0.0
hidden_confounder,ddi_bleeding_dual,ddi_bleeding_dual,binary,14000,0.0,0.08407142857142857,14000,0.08407142857142857,0.27749490710531566,0.0,0.0,0.0,0.0,1.0
hidden_confounder,ddi_bleeding_triple,ddi_bleeding_triple,binary,14000,0.0,0.0245,14000,0.0245,0.15459543977750442,0.0,0.0,0.0,0.0,0.0
hidden_confounder,ddi_serotonergic_synergy,ddi_serotonergic_synergy,binary,14000,0.0,0.027428571428571427,14000,0.027428571428571427,0.16332864077668427,0.0,0.0,0.0,0.0,0.0
hidden_confounder,ddi_qt_multidrug_load,ddi_qt_multidrug_load,count,14000,0.0,,14000,0.702,0.7631113006258373,1.0,0.0,0.0,1.0,2.0
hidden_confounder,ddi_hepatic_triple_hit,ddi_hepatic_triple_hit,binary,14000,0.0,0.0015,14000,0.0015,0.03870077518603471,0.0,0.0,0.0,0.0,0.0
hidden_confounder,cumulative_adr_burden,cumulative_adr_burden,continuous,14000,0.0,,14000,1.8654971428571427,1.5501827574258489,1.56,0.24,0.48,2.64,4.9
hidden_confounder,severe_adr_burden,severe_adr_burden,binary,14000,0.0,0.10335714285714286,14000,0.10335714285714286,0.30442477540034585,0.0,0.0,0.0,0.0,1.0
hidden_confounder,statin,statin,binary,14000,0.0,0.3097857142857143,14000,0.3097857142857143,0.4624051529883767,0.0,0.0,0.0,1.0,1.0
hidden_confounder,macrolide,macrolide,binary,14000,0.0,0.12271428571428572,14000,0.12271428571428572,0.3281089602493634,0.0,0.0,0.0,0.0,1.0
hidden_confounder,azole_antifungal,azole_antifungal,binary,14000,0.0,0.07835714285714286,14000,0.07835714285714286,0.2687327687878948,0.0,0.0,0.0,0.0,1.0
hidden_confounder,metformin,metformin,binary,14000,0.0,0.29328571428571426,14000,0.29328571428571426,0.45526827704292405,0.0,0.0,0.0,1.0,1.0
hidden_confounder,digoxin,digoxin,binary,14000,0.0,0.09071428571428572,14000,0.09071428571428572,0.2872023747841104,0.0,0.0,0.0,0.0,1.0
hidden_confounder,triptan,triptan,binary,14000,0.0,0.08885714285714286,14000,0.08885714285714286,0.2845374334255656,0.0,0.0,0.0,0.0,1.0
hidden_confounder,lithium,lithium,binary,14000,0.0,0.052571428571428575,14000,0.052571428571428575,0.22317632820124036,0.0,0.0,0.0,0.0,1.0
hidden_confounder,potassium_supplement,potassium_supplement,binary,14000,0.0,0.13014285714285714,14000,0.13014285714285714,0.3364605383660186,0.0,0.0,0.0,0.0,1.0
hidden_confounder,hypertension,hypertension,binary,14000,0.0,0.5300714285714285,14000,0.5300714285714285,0.499094889959488,1.0,0.0,0.0,1.0,1.0
hidden_confounder,atrial_fibrillation,atrial_fibrillation,binary,14000,0.0,0.13657142857142857,14000,0.13657142857142857,0.34339434105615046,0.0,0.0,0.0,0.0,1.0
hidden_confounder,epilepsy,epilepsy,binary,14000,0.0,0.032857142857142856,14000,0.032857142857142856,0.17826259007545067,0.0,0.0,0.0,0.0,0.0
hidden_confounder,hypothyroidism,hypothyroidism,binary,14000,0.0,0.15,14000,0.15,0.3570714214271425,0.0,0.0,0.0,0.0,1.0
hidden_confounder,obesity,obesity,binary,14000,0.0,0.33685714285714285,14000,0.33685714285714285,0.47263559764713586,0.0,0.0,0.0,1.0,1.0
hidden_confounder,nephrotoxin_load,nephrotoxin_load,count,14000,0.0,,14000,1.0979285714285714,0.8510808224408128,1.0,0.0,0.0,2.0,3.0
hidden_confounder,hepatic_drug_load,hepatic_drug_load,count,14000,0.0,,14000,0.9044285714285715,0.8546563816015446,1.0,0.0,0.0,1.0,2.0
hidden_confounder,qt_drug_load_v3,qt_drug_load_v3,count,14000,0.0,,14000,0.7927142857142857,0.8154077357434157,1.0,0.0,0.0,1.0,2.0
hidden_confounder,cns_depressant_load,cns_depressant_load,count,14000,0.0,,14000,0.6017857142857143,0.7125886088832771,0.0,0.0,0.0,1.0,2.0
hidden_confounder,bleeding_risk_load,bleeding_risk_load,count,14000,0.0,,14000,1.2585,0.9815253617274928,1.0,0.0,1.0,2.0,3.0
hidden_confounder,serotonergic_load,serotonergic_load,count,14000,0.0,,14000,0.6242142857142857,0.7201186091363629,0.0,0.0,0.0,1.0,2.0
hidden_confounder,cyp_inhibitor_load,cyp_inhibitor_load,count,14000,0.0,,14000,0.20107142857142857,0.4246834054892647,0.0,0.0,0.0,0.0,1.0
hidden_confounder,ddi_statin_cyp_inhibitor,ddi_statin_cyp_inhibitor,binary,14000,0.0,0.05821428571428571,14000,0.05821428571428571,0.23414820659800328,0.0,0.0,0.0,0.0,1.0
hidden_confounder,ddi_metformin_renal_risk,ddi_metformin_renal_risk,binary,14000,0.0,0.030642857142857142,14000,0.030642857142857142,0.17234811414396037,0.0,0.0,0.0,0.0,0.0
hidden_confounder,ddi_lithium_renal_risk,ddi_lithium_renal_risk,binary,14000,0.0,0.005071428571428571,14000,0.005071428571428571,0.07103315552383598,0.0,0.0,0.0,0.0,0.0
hidden_confounder,ddi_digoxin_electrolyte_risk,ddi_digoxin_electrolyte_risk,binary,14000,0.0,0.008142857142857143,14000,0.008142857142857143,0.08986963347209202,0.0,0.0,0.0,0.0,0.0
hidden_confounder,ddi_serotonergic_high_load,ddi_serotonergic_high_load,binary,14000,0.0,0.11492857142857144,14000,0.11492857142857144,0.3189357222042698,0.0,0.0,0.0,0.0,1.0
hidden_confounder,drug_disease_nsaid_ckd,drug_disease_nsaid_ckd,binary,14000,0.0,0.025214285714285713,14000,0.025214285714285713,0.156775398293878,0.0,0.0,0.0,0.0,0.0
hidden_confounder,drug_disease_nsaid_heart_failure,drug_disease_nsaid_heart_failure,binary,14000,0.0,0.023,14000,0.023,0.14990330216509573,0.0,0.0,0.0,0.0,0.0
hidden_confounder,drug_disease_qt_baseline_risk,drug_disease_qt_baseline_risk,binary,14000,0.0,0.040785714285714286,14000,0.040785714285714286,0.197793427079664,0.0,0.0,0.0,0.0,0.0
hidden_confounder,drug_disease_hepatic_liver_disease,drug_disease_hepatic_liver_disease,binary,14000,0.0,0.039857142857142855,14000,0.039857142857142855,0.19562349301760296,0.0,0.0,0.0,0.0,0.0
hidden_confounder,drug_disease_anticoagulant_frailty,drug_disease_anticoagulant_frailty,binary,14000,0.0,0.012142857142857143,14000,0.012142857142857143,0.10952355072433191,0.0,0.0,0.0,0.0,0.0
hidden_confounder,muscle_injury,muscle_injury,binary,14000,0.0,0.031,14000,0.031,0.1733176274935703,0.0,0.0,0.0,0.0,0.0
hidden_confounder,lactate_accumulation,lactate_accumulation,binary,14000,0.0,0.014857142857142857,14000,0.014857142857142857,0.12098102398006598,0.0,0.0,0.0,0.0,0.0
hidden_confounder,serotonin_toxicity,serotonin_toxicity,binary,14000,0.0,0.015642857142857142,14000,0.015642857142857142,0.12408931526632459,0.0,0.0,0.0,0.0,0.0
hidden_confounder,digoxin_toxicity,digoxin_toxicity,binary,14000,0.0,0.010285714285714285,14000,0.010285714285714285,0.10089558150556911,0.0,0.0,0.0,0.0,0.0
hidden_confounder,lithium_toxicity,lithium_toxicity,binary,14000,0.0,0.006857142857142857,14000,0.006857142857142857,0.0825234660504489,0.0,0.0,0.0,0.0,0.0
hidden_confounder,Serotonin_syndrome,Serotonin_syndrome,binary,14000,0.0,0.0025,14000,0.0025,0.04993746088859544,0.0,0.0,0.0,0.0,0.0
hidden_confounder,Rhabdomyolysis,Rhabdomyolysis,binary,14000,0.0,0.003357142857142857,14000,0.003357142857142857,0.05784351691399471,0.0,0.0,0.0,0.0,0.0
hidden_confounder,Lactic_acidosis,Lactic_acidosis,binary,14000,0.0,0.0055,14000,0.0055,0.0739577582137263,0.0,0.0,0.0,0.0,0.0
selection_bias,age,age,continuous,9854,0.0,,9854,65.88458494012583,12.054171282453167,65.8,45.965,57.6,74.1,85.8
selection_bias,alcohol_use,alcohol_use,binary,9854,0.0,0.12867870915364318,9854,0.12867870915364318,0.33484399197864567,0.0,0.0,0.0,0.0,1.0
selection_bias,baseline_alt_ast,baseline_alt_ast,continuous,9854,0.0,,9854,24.84640755023341,9.995796598950108,24.3,8.8,17.9,31.2,42.0
selection_bias,baseline_egfr,baseline_egfr,continuous,9854,0.0,,9854,74.23273797442663,20.141104175368074,74.4,40.465,60.7,87.9,107.3
selection_bias,baseline_mood_vulnerability,baseline_mood_vulnerability,binary,9854,0.0,0.1167038765983357,9854,0.1167038765983357,0.32106709857171,0.0,0.0,0.0,0.0,1.0
selection_bias,baseline_potassium,baseline_potassium,continuous,9854,0.0,,9854,4.2703460523645225,0.3615789910250649,4.27,3.67,4.03,4.51,4.86
selection_bias,baseline_qt_risk,baseline_qt_risk,binary,9854,0.0,0.06931195453622895,9854,0.06931195453622895,0.2539838725088596,0.0,0.0,0.0,0.0,1.0
selection_bias,baseline_sodium,baseline_sodium,continuous,9854,0.0,,9854,138.95451593261618,2.5205740395869825,138.9,134.9,137.2,140.7,143.2
selection_bias,ckd,ckd,binary,9854,0.0,0.09955348081997159,9854,0.09955348081997159,0.29940371620372236,0.0,0.0,0.0,0.0,1.0
selection_bias,depression_history,depression_history,binary,9854,0.0,0.12005277044854881,9854,0.12005277044854881,0.32502323417899964,0.0,0.0,0.0,0.0,1.0
selection_bias,diabetes,diabetes,binary,9854,0.0,0.1749543332656789,9854,0.1749543332656789,0.3799280386300025,0.0,0.0,0.0,0.0,1.0
selection_bias,frailty,frailty,binary,9854,0.0,0.04343413842094581,9854,0.04343413842094581,0.20383231843987823,0.0,0.0,0.0,0.0,0.0
selection_bias,heart_failure,heart_failure,binary,9854,0.0,0.08727420336919017,9854,0.08727420336919017,0.2822364554685723,0.0,0.0,0.0,0.0,1.0
selection_bias,infection,infection,binary,9854,0.0,0.08534605236452202,9854,0.08534605236452202,0.2793959622297973,0.0,0.0,0.0,0.0,1.0
selection_bias,liver_disease,liver_disease,binary,9854,0.0,0.061802313781205605,9854,0.061802313781205605,0.24079615402347068,0.0,0.0,0.0,0.0,1.0
selection_bias,monitoring_intensity,monitoring_intensity,continuous,9854,0.0,,9854,0.4373249441851025,0.19211069077096146,0.434,0.132,0.292,0.575,0.7633500000000004
selection_bias,polypharmacy_burden,polypharmacy_burden,count,9854,0.0,,9854,4.944793992287396,2.261967652067965,5.0,2.0,3.0,6.0,9.0
selection_bias,sex_female,sex_female,binary,9854,0.0,0.540288207834382,9854,0.540288207834382,0.49837421713958435,1.0,0.0,0.0,1.0,1.0
selection_bias,acei_arb,acei_arb,binary,9854,0.0,0.5403896894662066,9854,0.5403896894662066,0.49836600303875395,1.0,0.0,0.0,1.0,1.0
selection_bias,aminoglycoside,aminoglycoside,binary,9854,0.0,0.06687639537243759,9854,0.06687639537243759,0.24980781235667351,0.0,0.0,0.0,0.0,1.0
selection_bias,antibiotic_hepatic_risk,antibiotic_hepatic_risk,binary,9854,0.0,0.21158920235437387,9854,0.21158920235437387,0.4084350766050997,0.0,0.0,0.0,0.0,1.0
selection_bias,anticholinergic,anticholinergic,binary,9854,0.0,0.15739801096001624,9854,0.15739801096001624,0.3641756130026375,0.0,0.0,0.0,0.0,1.0
selection_bias,anticoagulant,anticoagulant,binary,9854,0.0,0.2729855896082809,9854,0.2729855896082809,0.44549349880161,0.0,0.0,0.0,1.0,1.0
selection_bias,antiplatelet,antiplatelet,binary,9854,0.0,0.30170489141465395,9854,0.30170489141465395,0.458997875715265,0.0,0.0,0.0,1.0,1.0
selection_bias,benzodiazepine,benzodiazepine,binary,9854,0.0,0.19829510858534605,9854,0.19829510858534605,0.39871563613240935,0.0,0.0,0.0,0.0,1.0
selection_bias,beta_blocker,beta_blocker,binary,9854,0.0,0.33235234422569515,9854,0.33235234422569515,0.4710565396142805,0.0,0.0,0.0,1.0,1.0
selection_bias,contrast_agent,contrast_agent,binary,9854,0.0,0.18571138623909073,9854,0.18571138623909073,0.3888735877637436,0.0,0.0,0.0,0.0,1.0
selection_bias,corticosteroid,corticosteroid,binary,9854,0.0,0.17180840267911507,9854,0.17180840267911507,0.37721383252469165,0.0,0.0,0.0,0.0,1.0
selection_bias,diuretic,diuretic,binary,9854,0.0,0.4487517759285569,9854,0.4487517759285569,0.49736668518259564,0.0,0.0,0.0,1.0,1.0
selection_bias,hepatotoxic_drug_A,hepatotoxic_drug_A,binary,9854,0.0,0.11061497868885732,9854,0.11061497868885732,0.3136547547519741,0.0,0.0,0.0,0.0,1.0
selection_bias,herbal_exposure,herbal_exposure,binary,9854,0.0,0.15354170895067992,9854,0.15354170895067992,0.3605088800060057,0.0,0.0,0.0,0.0,1.0
selection_bias,nsaid,nsaid,binary,9854,0.0,0.26953521412624315,9854,0.26953521412624315,0.4437183594039843,0.0,0.0,0.0,1.0,1.0
selection_bias,opioid,opioid,binary,9854,0.0,0.17201136594276437,9854,0.17201136594276437,0.3773903230466685,0.0,0.0,0.0,0.0,1.0
selection_bias,ppi,ppi,binary,9854,0.0,0.38410797645626144,9854,0.38410797645626144,0.4863836334406592,0.0,0.0,0.0,1.0,1.0
selection_bias,qt_prolonging_drug,qt_prolonging_drug,binary,9854,0.0,0.1381165009133347,9854,0.1381165009133347,0.34502222115219117,0.0,0.0,0.0,0.0,1.0
selection_bias,snri,snri,binary,9854,0.0,0.10554089709762533,9854,0.10554089709762533,0.30724911088146994,0.0,0.0,0.0,0.0,1.0
selection_bias,ssri,ssri,binary,9854,0.0,0.25685001014816317,9854,0.25685001014816317,0.4368959629420391,0.0,0.0,0.0,1.0,1.0
selection_bias,thiazide,thiazide,binary,9854,0.0,0.19565658615790543,9854,0.19565658615790543,0.39670528916431097,0.0,0.0,0.0,0.0,1.0
selection_bias,valproate_like_drug,valproate_like_drug,binary,9854,0.0,0.07956159935051756,9854,0.07956159935051756,0.2706132872925963,0.0,0.0,0.0,0.0,1.0
selection_bias,anticholinergic_burden,anticholinergic_burden,binary,9854,0.0,0.09458088086056424,9854,0.09458088086056424,0.2926351616538997,0.0,0.0,0.0,0.0,1.0
selection_bias,cardiac_repolarization_delay,cardiac_repolarization_delay,binary,9854,0.0,0.17881063527501523,9854,0.17881063527501523,0.38319367425306056,0.0,0.0,0.0,0.0,1.0
selection_bias,cholestatic_pattern,cholestatic_pattern,binary,9854,0.0,0.11294905622082403,9854,0.11294905622082403,0.316530514989707,0.0,0.0,0.0,0.0,1.0
selection_bias,cns_sedation,cns_sedation,binary,9854,0.0,0.1572965293281916,9854,0.1572965293281916,0.3640801164434786,0.0,0.0,0.0,0.0,1.0
selection_bias,coagulation_impairment,coagulation_impairment,binary,9854,0.0,0.15222244773695962,9854,0.15222244773695962,0.35923637641799055,0.0,0.0,0.0,0.0,1.0
selection_bias,electrolyte_disturbance,electrolyte_disturbance,binary,9854,0.0,0.09113050537852649,9854,0.09113050537852649,0.2877946079550151,0.0,0.0,0.0,0.0,1.0
selection_bias,fatigue_pathway,fatigue_pathway,binary,9854,0.0,0.09914755429267302,9854,0.09914755429267302,0.2988600287265838,0.0,0.0,0.0,0.0,1.0
selection_bias,gastric_mucosal_injury,gastric_mucosal_injury,binary,9854,0.0,0.10361274609295718,9854,0.10361274609295718,0.3047575182666271,0.0,0.0,0.0,0.0,1.0
selection_bias,gastric_protection,gastric_protection,binary,9854,0.0,0.11426831743454435,9854,0.11426831743454435,0.31813687159023635,0.0,0.0,0.0,0.0,1.0
selection_bias,hepatic_metabolic_stress,hepatic_metabolic_stress,binary,9854,0.0,0.13852242744063326,9854,0.13852242744063326,0.3454474844843826,0.0,0.0,0.0,0.0,1.0
selection_bias,hepatocellular_injury,hepatocellular_injury,binary,9854,0.0,0.07661863202760301,9854,0.07661863202760301,0.26598537037555614,0.0,0.0,0.0,0.0,1.0
selection_bias,monoamine_disruption,monoamine_disruption,binary,9854,0.0,0.08199715851430892,9854,0.08199715851430892,0.2743603916564638,0.0,0.0,0.0,0.0,1.0
selection_bias,nephrotoxic_stress,nephrotoxic_stress,binary,9854,0.0,0.12685203978079967,9854,0.12685203978079967,0.3328071510413352,0.0,0.0,0.0,0.0,1.0
selection_bias,oxidative_hepatic_stress,oxidative_hepatic_stress,binary,9854,0.0,0.08544753399634666,9854,0.08544753399634666,0.2795465129996971,0.0,0.0,0.0,0.0,1.0
selection_bias,platelet_inhibition,platelet_inhibition,binary,9854,0.0,0.11173127663892836,9854,0.11173127663892836,0.31503555110425807,0.0,0.0,0.0,0.0,1.0
selection_bias,potassium_retention,potassium_retention,binary,9854,0.0,0.14237872944996954,9854,0.14237872944996954,0.34943815883526796,0.0,0.0,0.0,0.0,1.0
selection_bias,psychomotor_impairment,psychomotor_impairment,binary,9854,0.0,0.10960016237061092,9854,0.10960016237061092,0.31239072774163235,0.0,0.0,0.0,0.0,1.0
selection_bias,reduced_renal_perfusion,reduced_renal_perfusion,binary,9854,0.0,0.1803328597523848,9854,0.1803328597523848,0.3844644579748713,0.0,0.0,0.0,0.0,1.0
selection_bias,serotonergic_shift,serotonergic_shift,binary,9854,0.0,0.13984168865435356,9854,0.13984168865435356,0.3468227079772206,0.0,0.0,0.0,0.0,1.0
selection_bias,sleep_disruption,sleep_disruption,binary,9854,0.0,0.0885934645829105,9854,0.0885934645829105,0.28415605328077576,0.0,0.0,0.0,0.0,1.0
selection_bias,sodium_water_imbalance,sodium_water_imbalance,binary,9854,0.0,0.11264461132535011,9854,0.11264461132535011,0.3161578764869079,0.0,0.0,0.0,0.0,1.0
selection_bias,tubular_injury,tubular_injury,binary,9854,0.0,0.10472904404302821,9854,0.10472904404302821,0.3062039702173401,0.0,0.0,0.0,0.0,1.0
selection_bias,volume_depletion,volume_depletion,binary,9854,0.0,0.11883499086665314,9854,0.11883499086665314,0.32359424564163003,0.0,0.0,0.0,0.0,1.0
selection_bias,alt_ast_rise,alt_ast_rise,binary,9854,0.0,0.06352750152222447,9854,0.06352750152222447,0.2439093234637992,0.0,0.0,0.0,0.0,1.0
selection_bias,anhedonia_like_symptom,anhedonia_like_symptom,binary,9854,0.0,0.04312969352547189,9854,0.04312969352547189,0.20314901688630135,0.0,0.0,0.0,0.0,0.0
selection_bias,bilirubin_rise,bilirubin_rise,binary,9854,0.0,0.022224477369596103,9854,0.022224477369596103,0.14741285552910377,0.0,0.0,0.0,0.0,0.0
selection_bias,cognitive_slowing,cognitive_slowing,binary,9854,0.0,0.06799269332250862,9854,0.06799269332250862,0.2517333648471333,0.0,0.0,0.0,0.0,1.0
selection_bias,confusion_state,confusion_state,binary,9854,0.0,0.07134158717272174,9854,0.07134158717272174,0.25739457086814915,0.0,0.0,0.0,0.0,1.0
selection_bias,creatinine_rise,creatinine_rise,binary,9854,0.0,0.1662269129287599,9854,0.1662269129287599,0.372284201043953,0.0,0.0,0.0,0.0,1.0
selection_bias,dehydration,dehydration,binary,9854,0.0,0.11568906028008931,9854,0.11568906028008931,0.3198516868981609,0.0,0.0,0.0,0.0,1.0
selection_bias,dizziness,dizziness,binary,9854,0.0,0.14613354982748122,9854,0.14613354982748122,0.35324005356457,0.0,0.0,0.0,0.0,1.0
selection_bias,fatigue_symptom,fatigue_symptom,binary,9854,0.0,0.19778770042622285,9854,0.19778770042622285,0.39833117626709763,0.0,0.0,0.0,0.0,1.0
selection_bias,gi_irritation,gi_irritation,binary,9854,0.0,0.09975644408362086,9854,0.09975644408362086,0.29967498385319435,0.0,0.0,0.0,0.0,1.0
selection_bias,hyperkalemia_state,hyperkalemia_state,binary,9854,0.0,0.06109194235843313,9854,0.06109194235843313,0.23949888713166712,0.0,0.0,0.0,0.0,1.0
selection_bias,hyponatremia_state,hyponatremia_state,binary,9854,0.0,0.07195047696366957,9854,0.07195047696366957,0.258405893563537,0.0,0.0,0.0,0.0,1.0
selection_bias,hypotension,hypotension,binary,9854,0.0,0.10726608483864421,9854,0.10726608483864421,0.3094512431418445,0.0,0.0,0.0,0.0,1.0
selection_bias,jaundice,jaundice,binary,9854,0.0,0.01116297950071037,9854,0.01116297950071037,0.10506363495223783,0.0,0.0,0.0,0.0,0.0
selection_bias,mood_lowering,mood_lowering,binary,9854,0.0,0.08808605642378729,9854,0.08808605642378729,0.2834200117978486,0.0,0.0,0.0,0.0,1.0
selection_bias,nausea,nausea,binary,9854,0.0,0.10716460320681957,9854,0.10716460320681957,0.3093224062791839,0.0,0.0,0.0,0.0,1.0
selection_bias,occult_bleeding,occult_bleeding,binary,9854,0.0,0.02719707732900345,9854,0.02719707732900345,0.1626572971426848,0.0,0.0,0.0,0.0,0.0
selection_bias,overt_bleeding,overt_bleeding,binary,9854,0.0,0.025471889587984575,9854,0.025471889587984575,0.15755339548483904,0.0,0.0,0.0,0.0,0.0
selection_bias,qt_prolongation_state,qt_prolongation_state,binary,9854,0.0,0.049218591434950276,9854,0.049218591434950276,0.21632411259984335,0.0,0.0,0.0,0.0,0.0
selection_bias,sedation_state,sedation_state,binary,9854,0.0,0.12776537446722144,9854,0.12776537446722144,0.33382837439988844,0.0,0.0,0.0,0.0,1.0
selection_bias,sleep_disturbance_symptom,sleep_disturbance_symptom,binary,9854,0.0,0.11579054191191394,9854,0.11579054191191394,0.3199735806526208,0.0,0.0,0.0,0.0,1.0
selection_bias,adr_reported,adr_reported,binary,9854,0.0,0.05013192612137203,9854,0.05013192612137203,0.21821713063995074,0.0,0.0,0.0,0.0,1.0
selection_bias,creatinine_tested,creatinine_tested,binary,9854,0.0,0.6916988025167444,9854,0.6916988025167444,0.46179169450483426,1.0,0.0,0.0,1.0,1.0
selection_bias,ecg_performed,ecg_performed,binary,9854,0.0,0.27207225492185916,9854,0.27207225492185916,0.4450269014605679,0.0,0.0,0.0,1.0,1.0
selection_bias,electrolyte_abnormality_recorded,electrolyte_abnormality_recorded,binary,9854,0.0,0.12269129287598944,9854,0.12269129287598944,0.3280825193886557,0.0,0.0,0.0,0.0,1.0
selection_bias,electrolytes_tested,electrolytes_tested,binary,9854,0.0,0.46001623706109196,9854,0.46001623706109196,0.49839873465052575,0.0,0.0,0.0,1.0,1.0
selection_bias,elevated_alt_ast_recorded,elevated_alt_ast_recorded,binary,9854,0.0,0.040389689466206614,9854,0.040389689466206614,0.1968714363513154,0.0,0.0,0.0,0.0,0.0
selection_bias,elevated_creatinine_recorded,elevated_creatinine_recorded,binary,9854,0.0,0.13294093769027807,9854,0.13294093769027807,0.33951089051208305,0.0,0.0,0.0,0.0,1.0
selection_bias,fall_reported,fall_reported,binary,9854,0.0,0.06829713821798254,9854,0.06829713821798254,0.252255107241095,0.0,0.0,0.0,0.0,1.0
selection_bias,hospital_contact,hospital_contact,binary,9854,0.0,0.3848183478790339,9854,0.3848183478790339,0.48655234766126104,0.0,0.0,0.0,1.0,1.0
selection_bias,lft_tested,lft_tested,binary,9854,0.0,0.4678303227115892,9854,0.4678303227115892,0.498964038647235,0.0,0.0,0.0,1.0,1.0
selection_bias,mood_screening_done,mood_screening_done,binary,9854,0.0,0.19981733306271565,9854,0.19981733306271565,0.39986293460437095,0.0,0.0,0.0,0.0,1.0
selection_bias,qt_recorded,qt_recorded,binary,9854,0.0,0.01989039983762939,9854,0.01989039983762939,0.1396236793381718,0.0,0.0,0.0,0.0,0.0
selection_bias,AKI,AKI,binary,9854,0.0,0.14613354982748122,9854,0.14613354982748122,0.35324005356457,0.0,0.0,0.0,0.0,1.0
selection_bias,DILI,DILI,binary,9854,0.0,0.019078546783032273,9854,0.019078546783032273,0.1368011543653047,0.0,0.0,0.0,0.0,0.0
selection_bias,Delirium,Delirium,binary,9854,0.0,0.03795413030241526,9854,0.03795413030241526,0.19108535866309212,0.0,0.0,0.0,0.0,0.0
selection_bias,Depression,Depression,binary,9854,0.0,0.08362086462350314,9854,0.08362086462350314,0.27681838021186544,0.0,0.0,0.0,0.0,1.0
selection_bias,Falls,Falls,binary,9854,0.0,0.08179419525065963,9854,0.08179419525065963,0.274050916572006,0.0,0.0,0.0,0.0,1.0
selection_bias,GI_bleeding,GI_bleeding,binary,9854,0.0,0.021514105946823625,9854,0.021514105946823625,0.1450904862219866,0.0,0.0,0.0,0.0,0.0
selection_bias,Hospitalization,Hospitalization,binary,9854,0.0,0.24883296123401663,9854,0.24883296123401663,0.43233681156885895,0.0,0.0,0.0,0.0,1.0
selection_bias,Hyperkalemia,Hyperkalemia,binary,9854,0.0,0.049928962857722754,9854,0.049928962857722754,0.21779821286152667,0.0,0.0,0.0,0.0,0.0
selection_bias,Hyponatremia,Hyponatremia,binary,9854,0.0,0.08006900750964076,9854,0.08006900750964076,0.27140000284830845,0.0,0.0,0.0,0.0,1.0
selection_bias,QT_arrhythmia,QT_arrhythmia,binary,9854,0.0,0.016338542723767,9854,0.016338542723767,0.12677379360668609,0.0,0.0,0.0,0.0,0.0
selection_bias,active_drug_count,active_drug_count,count,9854,0.0,,9854,5.930079155672823,2.22092253550023,6.0,2.0,4.0,7.0,10.0
selection_bias,ddi_renal_double_hit,ddi_renal_double_hit,binary,9854,0.0,0.14806170083214937,9854,0.14806170083214937,0.3551611374838756,0.0,0.0,0.0,0.0,1.0
selection_bias,ddi_renal_triple_whammy,ddi_renal_triple_whammy,binary,9854,0.0,0.0732697381773899,9854,0.0732697381773899,0.2605787474925893,0.0,0.0,0.0,0.0,1.0
selection_bias,ddi_cns_depression_synergy,ddi_cns_depression_synergy,binary,9854,0.0,0.034503754820377514,9854,0.034503754820377514,0.18251916535989524,0.0,0.0,0.0,0.0,0.0
selection_bias,ddi_bleeding_dual,ddi_bleeding_dual,binary,9854,0.0,0.08575197889182058,9854,0.08575197889182058,0.27999745893125055,0.0,0.0,0.0,0.0,1.0
selection_bias,ddi_bleeding_triple,ddi_bleeding_triple,binary,9854,0.0,0.02699411406535417,9854,0.02699411406535417,0.16206613425136301,0.0,0.0,0.0,0.0,0.0
selection_bias,ddi_serotonergic_synergy,ddi_serotonergic_synergy,binary,9854,0.0,0.02689263243352953,9854,0.02689263243352953,0.16176964719725578,0.0,0.0,0.0,0.0,0.0
selection_bias,ddi_qt_multidrug_load,ddi_qt_multidrug_load,count,9854,0.0,,9854,0.7052973411812462,0.7641622401336158,1.0,0.0,0.0,1.0,2.0
selection_bias,ddi_hepatic_triple_hit,ddi_hepatic_triple_hit,binary,9854,0.0,0.0014207428455449563,9854,0.0014207428455449563,0.03766595724672067,0.0,0.0,0.0,0.0,0.0
selection_bias,cumulative_adr_burden,cumulative_adr_burden,continuous,9854,0.0,,9854,1.938126649076517,1.5827243540667955,1.72,0.24,0.56,2.7350000000000003,4.98
selection_bias,severe_adr_burden,severe_adr_burden,binary,9854,0.0,0.11426831743454435,9854,0.11426831743454435,0.3181368715902364,0.0,0.0,0.0,0.0,1.0
selection_bias,statin,statin,binary,9854,0.0,0.31266490765171506,9854,0.31266490765171506,0.46357907974245294,0.0,0.0,0.0,1.0,1.0
selection_bias,macrolide,macrolide,binary,9854,0.0,0.12370610919423584,9854,0.12370610919423584,0.32924596845255316,0.0,0.0,0.0,0.0,1.0
selection_bias,azole_antifungal,azole_antifungal,binary,9854,0.0,0.08108382382788715,9854,0.08108382382788715,0.27296380225468597,0.0,0.0,0.0,0.0,1.0
selection_bias,metformin,metformin,binary,9854,0.0,0.29541303024152626,9854,0.29541303024152626,0.45622820145739057,0.0,0.0,0.0,1.0,1.0
selection_bias,digoxin,digoxin,binary,9854,0.0,0.09204384006494824,9854,0.09204384006494824,0.2890878267430963,0.0,0.0,0.0,0.0,1.0
selection_bias,triptan,triptan,binary,9854,0.0,0.08849198295108586,9854,0.08849198295108586,0.2840090701095136,0.0,0.0,0.0,0.0,1.0
selection_bias,lithium,lithium,binary,9854,0.0,0.05206007712604019,9854,0.05206007712604019,0.22214820615001807,0.0,0.0,0.0,0.0,1.0
selection_bias,potassium_supplement,potassium_supplement,binary,9854,0.0,0.1312157499492592,9854,0.1312157499492592,0.3376361605552827,0.0,0.0,0.0,0.0,1.0
selection_bias,hypertension,hypertension,binary,9854,0.0,0.5314593058656383,9854,0.5314593058656383,0.49900933064868863,1.0,0.0,0.0,1.0,1.0
selection_bias,atrial_fibrillation,atrial_fibrillation,binary,9854,0.0,0.13639131317231581,9854,0.13639131317231581,0.34320361720623965,0.0,0.0,0.0,0.0,1.0
selection_bias,epilepsy,epilepsy,binary,9854,0.0,0.0316622691292876,9854,0.0316622691292876,0.1750993142273041,0.0,0.0,0.0,0.0,0.0
selection_bias,hypothyroidism,hypothyroidism,binary,9854,0.0,0.15333874568703065,9854,0.15333874568703065,0.3603137171384942,0.0,0.0,0.0,0.0,1.0
selection_bias,obesity,obesity,binary,9854,0.0,0.3395575400852446,9854,0.3395575400852446,0.47355909563274373,0.0,0.0,0.0,1.0,1.0
selection_bias,nephrotoxin_load,nephrotoxin_load,count,9854,0.0,,9854,1.1145727623300183,0.8564306436985681,1.0,0.0,1.0,2.0,3.0
selection_bias,hepatic_drug_load,hepatic_drug_load,count,9854,0.0,,9854,0.9192206210675867,0.8596271048094616,1.0,0.0,0.0,1.0,2.0
selection_bias,qt_drug_load_v3,qt_drug_load_v3,count,9854,0.0,,9854,0.7973411812461945,0.8179219895921106,1.0,0.0,0.0,1.0,2.0
selection_bias,cns_depressant_load,cns_depressant_load,count,9854,0.0,,9854,0.6072660848386442,0.7184342222608853,0.0,0.0,0.0,1.0,2.0
selection_bias,bleeding_risk_load,bleeding_risk_load,count,9854,0.0,,9854,1.2728841079764563,0.984413471904293,1.0,0.0,1.0,2.0,3.0
selection_bias,serotonergic_load,serotonergic_load,count,9854,0.0,,9854,0.6228942561396388,0.7186146731659712,0.0,0.0,0.0,1.0,2.0
selection_bias,cyp_inhibitor_load,cyp_inhibitor_load,count,9854,0.0,,9854,0.204789933022123,0.4260559078462017,0.0,0.0,0.0,0.0,1.0
selection_bias,ddi_statin_cyp_inhibitor,ddi_statin_cyp_inhibitor,binary,9854,0.0,0.06170083214938096,9854,0.06170083214938096,0.24061138680755503,0.0,0.0,0.0,0.0,1.0
selection_bias,ddi_metformin_renal_risk,ddi_metformin_renal_risk,binary,9854,0.0,0.033691901765780394,9854,0.033691901765780394,0.1804349121461404,0.0,0.0,0.0,0.0,0.0
selection_bias,ddi_lithium_renal_risk,ddi_lithium_renal_risk,binary,9854,0.0,0.005175563223056626,9854,0.005175563223056626,0.07175497730736713,0.0,0.0,0.0,0.0,0.0
selection_bias,ddi_digoxin_electrolyte_risk,ddi_digoxin_electrolyte_risk,binary,9854,0.0,0.008220012177795818,9854,0.008220012177795818,0.09029088313663072,0.0,0.0,0.0,0.0,0.0
selection_bias,ddi_serotonergic_high_load,ddi_serotonergic_high_load,binary,9854,0.0,0.11477572559366754,9854,0.11477572559366754,0.3187510916187028,0.0,0.0,0.0,0.0,1.0
selection_bias,drug_disease_nsaid_ckd,drug_disease_nsaid_ckd,binary,9854,0.0,0.02780596711995129,9854,0.02780596711995129,0.16441652992468694,0.0,0.0,0.0,0.0,0.0
selection_bias,drug_disease_nsaid_heart_failure,drug_disease_nsaid_heart_failure,binary,9854,0.0,0.02608077937893241,9854,0.02608077937893241,0.1593755700410821,0.0,0.0,0.0,0.0,0.0
selection_bias,drug_disease_qt_baseline_risk,drug_disease_qt_baseline_risk,binary,9854,0.0,0.03988228130708342,9854,0.03988228130708342,0.19568261278106977,0.0,0.0,0.0,0.0,0.0
selection_bias,drug_disease_hepatic_liver_disease,drug_disease_hepatic_liver_disease,binary,9854,0.0,0.041607469048102294,9854,0.041607469048102294,0.1996904794112967,0.0,0.0,0.0,0.0,0.0
selection_bias,drug_disease_anticoagulant_frailty,drug_disease_anticoagulant_frailty,binary,9854,0.0,0.014917799878222043,9854,0.014917799878222043,0.12122400391430471,0.0,0.0,0.0,0.0,0.0
selection_bias,muscle_injury,muscle_injury,binary,9854,0.0,0.032677085447534,9854,0.032677085447534,0.17779002653182926,0.0,0.0,0.0,0.0,0.0
selection_bias,lactate_accumulation,lactate_accumulation,binary,9854,0.0,0.0153237264055206,9854,0.0153237264055206,0.12283692366128902,0.0,0.0,0.0,0.0,0.0
selection_bias,serotonin_toxicity,serotonin_toxicity,binary,9854,0.0,0.01562817130099452,9854,0.01562817130099452,0.12403197798463624,0.0,0.0,0.0,0.0,0.0
selection_bias,digoxin_toxicity,digoxin_toxicity,binary,9854,0.0,0.010351126446113253,9854,0.010351126446113253,0.10121255172857677,0.0,0.0,0.0,0.0,0.0
selection_bias,lithium_toxicity,lithium_toxicity,binary,9854,0.0,0.0079155672823219,9854,0.0079155672823219,0.08861665236805627,0.0,0.0,0.0,0.0,0.0
selection_bias,Serotonin_syndrome,Serotonin_syndrome,binary,9854,0.0,0.0032474122183884717,9854,0.0032474122183884717,0.056893466516572296,0.0,0.0,0.0,0.0,0.0
selection_bias,Rhabdomyolysis,Rhabdomyolysis,binary,9854,0.0,0.0036533387456870307,9854,0.0036533387456870307,0.06033234507042048,0.0,0.0,0.0,0.0,0.0
selection_bias,Lactic_acidosis,Lactic_acidosis,binary,9854,0.0,0.005784453014004465,9854,0.005784453014004465,0.07583530257955882,0.0,0.0,0.0,0.0,0.0
no_overlap,age,age,continuous,14000,0.0,,14000,66.15086428571429,11.928368375857321,66.2,46.495000000000005,58.0,74.3,86.00499999999992
no_overlap,alcohol_use,alcohol_use,binary,14000,0.0,0.12814285714285714,14000,0.12814285714285714,0.3342488074864628,0.0,0.0,0.0,0.0,1.0
no_overlap,baseline_alt_ast,baseline_alt_ast,continuous,14000,0.0,,14000,24.937921428571432,9.859126075127303,24.5,9.395000000000005,18.1,31.1,41.9
no_overlap,baseline_egfr,baseline_egfr,continuous,14000,0.0,,14000,74.68792142857143,19.856411248751392,75.1,41.4,61.6,88.4,106.8
no_overlap,baseline_mood_vulnerability,baseline_mood_vulnerability,binary,14000,0.0,0.11707142857142858,14000,0.11707142857142858,0.3215053797118696,0.0,0.0,0.0,0.0,1.0
no_overlap,baseline_potassium,baseline_potassium,continuous,14000,0.0,,14000,4.264963571428572,0.35155592741629405,4.26,3.69,4.03,4.5,4.85
no_overlap,baseline_qt_risk,baseline_qt_risk,binary,14000,0.0,0.07042857142857142,14000,0.07042857142857142,0.2558679107569022,0.0,0.0,0.0,0.0,1.0
no_overlap,baseline_sodium,baseline_sodium,continuous,14000,0.0,,14000,138.97112857142858,2.4918889875607486,139.0,134.8,137.3,140.7,143.1
no_overlap,ckd,ckd,binary,14000,0.0,0.09285714285714286,14000,0.09285714285714286,0.2902321379130006,0.0,0.0,0.0,0.0,1.0
no_overlap,depression_history,depression_history,binary,14000,0.0,0.125,14000,0.125,0.33071891388307384,0.0,0.0,0.0,0.0,1.0
no_overlap,diabetes,diabetes,binary,14000,0.0,0.16757142857142857,14000,0.16757142857142857,0.37348526731045123,0.0,0.0,0.0,0.0,1.0
no_overlap,frailty,frailty,binary,14000,0.0,0.03421428571428571,14000,0.03421428571428571,0.1817791747350255,0.0,0.0,0.0,0.0,0.0
no_overlap,heart_failure,heart_failure,binary,14000,0.0,0.07592857142857143,14000,0.07592857142857143,0.26488379238712917,0.0,0.0,0.0,0.0,1.0
no_overlap,infection,infection,binary,14000,0.0,0.07992857142857143,14000,0.07992857142857143,0.27118258590469846,0.0,0.0,0.0,0.0,1.0
no_overlap,liver_disease,liver_disease,binary,14000,0.0,0.057428571428571426,14000,0.057428571428571426,0.2326596884125931,0.0,0.0,0.0,0.0,1.0
no_overlap,monitoring_intensity,monitoring_intensity,continuous,14000,0.0,,14000,0.39471492857142865,0.19600589482387815,0.38,0.101,0.241,0.535,0.741
no_overlap,polypharmacy_burden,polypharmacy_burden,count,14000,0.0,,14000,4.950714285714286,2.252046574898087,5.0,2.0,3.0,6.0,9.0
no_overlap,sex_female,sex_female,binary,14000,0.0,0.5441428571428572,14000,0.5441428571428572,0.49804759628299117,1.0,0.0,0.0,1.0,1.0
no_overlap,acei_arb,acei_arb,binary,14000,0.0,0.5465714285714286,14000,0.5465714285714286,0.49782637740563357,1.0,0.0,0.0,1.0,1.0
no_overlap,aminoglycoside,aminoglycoside,binary,14000,0.0,0.06257142857142857,14000,0.06257142857142857,0.24219051364155283,0.0,0.0,0.0,0.0,1.0
no_overlap,antibiotic_hepatic_risk,antibiotic_hepatic_risk,binary,14000,0.0,0.2042142857142857,14000,0.2042142857142857,0.4031262968654983,0.0,0.0,0.0,0.0,1.0
no_overlap,anticholinergic,anticholinergic,binary,14000,0.0,0.15814285714285714,14000,0.15814285714285714,0.36487490168213954,0.0,0.0,0.0,0.0,1.0
no_overlap,anticoagulant,anticoagulant,binary,14000,0.0,0.31971428571428573,14000,0.31971428571428573,0.4663658019457364,0.0,0.0,0.0,1.0,1.0
no_overlap,antiplatelet,antiplatelet,binary,14000,0.0,0.3525,14000,0.3525,0.47774862637165166,0.0,0.0,0.0,1.0,1.0
no_overlap,benzodiazepine,benzodiazepine,binary,14000,0.0,0.2035,14000,0.2035,0.4026012295063193,0.0,0.0,0.0,0.0,1.0
no_overlap,beta_blocker,beta_blocker,binary,14000,0.0,0.32321428571428573,14000,0.32321428571428573,0.4677037643899072,0.0,0.0,0.0,1.0,1.0
no_overlap,contrast_agent,contrast_agent,binary,14000,0.0,0.18407142857142858,14000,0.18407142857142858,0.3875424334896787,0.0,0.0,0.0,0.0,1.0
no_overlap,corticosteroid,corticosteroid,binary,14000,0.0,0.1702857142857143,14000,0.1702857142857143,0.3758836120342551,0.0,0.0,0.0,0.0,1.0
no_overlap,diuretic,diuretic,binary,14000,0.0,0.4546428571428571,14000,0.4546428571428571,0.4979384797259967,0.0,0.0,0.0,1.0,1.0
no_overlap,hepatotoxic_drug_A,hepatotoxic_drug_A,binary,14000,0.0,0.11135714285714286,14000,0.11135714285714286,0.3145738857436147,0.0,0.0,0.0,0.0,1.0
no_overlap,herbal_exposure,herbal_exposure,binary,14000,0.0,0.15585714285714286,14000,0.15585714285714286,0.3627198559185188,0.0,0.0,0.0,0.0,1.0
no_overlap,nsaid,nsaid,binary,14000,0.0,0.25707142857142856,14000,0.25707142857142856,0.43701911764094875,0.0,0.0,0.0,1.0,1.0
no_overlap,opioid,opioid,binary,14000,0.0,0.17685714285714285,14000,0.17685714285714285,0.38154776093898257,0.0,0.0,0.0,0.0,1.0
no_overlap,ppi,ppi,binary,14000,0.0,0.38642857142857145,14000,0.38642857142857145,0.4869307246541801,0.0,0.0,0.0,1.0,1.0
no_overlap,qt_prolonging_drug,qt_prolonging_drug,binary,14000,0.0,0.1347857142857143,14000,0.1347857142857143,0.3414945468235241,0.0,0.0,0.0,0.0,1.0
no_overlap,snri,snri,binary,14000,0.0,0.10985714285714286,14000,0.10985714285714286,0.31271160998659475,0.0,0.0,0.0,0.0,1.0
no_overlap,ssri,ssri,binary,14000,0.0,0.26157142857142857,14000,0.26157142857142857,0.4394904052724366,0.0,0.0,0.0,1.0,1.0
no_overlap,thiazide,thiazide,binary,14000,0.0,0.19964285714285715,14000,0.19964285714285715,0.3997318935670431,0.0,0.0,0.0,0.0,1.0
no_overlap,valproate_like_drug,valproate_like_drug,binary,14000,0.0,0.08064285714285714,14000,0.08064285714285714,0.27228585481933115,0.0,0.0,0.0,0.0,1.0
no_overlap,anticholinergic_burden,anticholinergic_burden,binary,14000,0.0,0.09835714285714285,14000,0.09835714285714285,0.2977969363612098,0.0,0.0,0.0,0.0,1.0
no_overlap,cardiac_repolarization_delay,cardiac_repolarization_delay,binary,14000,0.0,0.17764285714285713,14000,0.17764285714285713,0.3822118162079498,0.0,0.0,0.0,0.0,1.0
no_overlap,cholestatic_pattern,cholestatic_pattern,binary,14000,0.0,0.10828571428571429,14000,0.10828571428571429,0.3107409183988277,0.0,0.0,0.0,0.0,1.0
no_overlap,cns_sedation,cns_sedation,binary,14000,0.0,0.16271428571428573,14000,0.16271428571428573,0.3691047912704135,0.0,0.0,0.0,0.0,1.0
no_overlap,coagulation_impairment,coagulation_impairment,binary,14000,0.0,0.17342857142857143,14000,0.17342857142857143,0.37861735570469607,0.0,0.0,0.0,0.0,1.0
no_overlap,electrolyte_disturbance,electrolyte_disturbance,binary,14000,0.0,0.08914285714285715,14000,0.08914285714285715,0.28494983446786787,0.0,0.0,0.0,0.0,1.0
no_overlap,fatigue_pathway,fatigue_pathway,binary,14000,0.0,0.09385714285714286,14000,0.09385714285714286,0.29162986745502717,0.0,0.0,0.0,0.0,1.0
no_overlap,gastric_mucosal_injury,gastric_mucosal_injury,binary,14000,0.0,0.10471428571428572,14000,0.10471428571428572,0.3061849181158874,0.0,0.0,0.0,0.0,1.0
no_overlap,gastric_protection,gastric_protection,binary,14000,0.0,0.11021428571428571,14000,0.11021428571428571,0.3131566651674135,0.0,0.0,0.0,0.0,1.0
no_overlap,hepatic_metabolic_stress,hepatic_metabolic_stress,binary,14000,0.0,0.1382142857142857,14000,0.1382142857142857,0.34512475561566935,0.0,0.0,0.0,0.0,1.0
no_overlap,hepatocellular_injury,hepatocellular_injury,binary,14000,0.0,0.08042857142857143,14000,0.08042857142857143,0.2719555410844402,0.0,0.0,0.0,0.0,1.0
no_overlap,monoamine_disruption,monoamine_disruption,binary,14000,0.0,0.08228571428571428,14000,0.08228571428571428,0.2747995187590474,0.0,0.0,0.0,0.0,1.0
no_overlap,nephrotoxic_stress,nephrotoxic_stress,binary,14000,0.0,0.12614285714285714,14000,0.12614285714285714,0.33201029612753563,0.0,0.0,0.0,0.0,1.0
no_overlap,oxidative_hepatic_stress,oxidative_hepatic_stress,binary,14000,0.0,0.08778571428571429,14000,0.08778571428571429,0.28298300771081863,0.0,0.0,0.0,0.0,1.0
no_overlap,platelet_inhibition,platelet_inhibition,binary,14000,0.0,0.11214285714285714,14000,0.11214285714285714,0.3155421314732692,0.0,0.0,0.0,0.0,1.0
no_overlap,potassium_retention,potassium_retention,binary,14000,0.0,0.14314285714285716,14000,0.14314285714285716,0.35021847408701434,0.0,0.0,0.0,0.0,1.0
no_overlap,psychomotor_impairment,psychomotor_impairment,binary,14000,0.0,0.11035714285714286,14000,0.11035714285714286,0.3133343962567005,0.0,0.0,0.0,0.0,1.0
no_overlap,reduced_renal_perfusion,reduced_renal_perfusion,binary,14000,0.0,0.17735714285714285,14000,0.17735714285714285,0.3819706621387222,0.0,0.0,0.0,0.0,1.0
no_overlap,serotonergic_shift,serotonergic_shift,binary,14000,0.0,0.1372857142857143,14000,0.1372857142857143,0.34414872793426904,0.0,0.0,0.0,0.0,1.0
no_overlap,sleep_disruption,sleep_disruption,binary,14000,0.0,0.0875,14000,0.0875,0.2825663638864329,0.0,0.0,0.0,0.0,1.0
no_overlap,sodium_water_imbalance,sodium_water_imbalance,binary,14000,0.0,0.1145,14000,0.1145,0.31841757175130897,0.0,0.0,0.0,0.0,1.0
no_overlap,tubular_injury,tubular_injury,binary,14000,0.0,0.10142857142857142,14000,0.10142857142857142,0.3018953731452846,0.0,0.0,0.0,0.0,1.0
no_overlap,volume_depletion,volume_depletion,binary,14000,0.0,0.12578571428571428,14000,0.12578571428571428,0.33160770251510585,0.0,0.0,0.0,0.0,1.0
no_overlap,alt_ast_rise,alt_ast_rise,binary,14000,0.0,0.05857142857142857,14000,0.05857142857142857,0.23482081748969919,0.0,0.0,0.0,0.0,1.0
no_overlap,anhedonia_like_symptom,anhedonia_like_symptom,binary,14000,0.0,0.03964285714285714,14000,0.03964285714285714,0.19511868444720554,0.0,0.0,0.0,0.0,0.0
no_overlap,bilirubin_rise,bilirubin_rise,binary,14000,0.0,0.024428571428571428,14000,0.024428571428571428,0.15437556907273448,0.0,0.0,0.0,0.0,0.0
no_overlap,cognitive_slowing,cognitive_slowing,binary,14000,0.0,0.069,14000,0.069,0.25345413786324344,0.0,0.0,0.0,0.0,1.0
no_overlap,confusion_state,confusion_state,binary,14000,0.0,0.0745,14000,0.0745,0.26258284407020954,0.0,0.0,0.0,0.0,1.0
no_overlap,creatinine_rise,creatinine_rise,binary,14000,0.0,0.14064285714285715,14000,0.14064285714285715,0.34765276336820766,0.0,0.0,0.0,0.0,1.0
no_overlap,dehydration,dehydration,binary,14000,0.0,0.11671428571428571,14000,0.11671428571428571,0.32107952476682433,0.0,0.0,0.0,0.0,1.0
no_overlap,dizziness,dizziness,binary,14000,0.0,0.14207142857142857,14000,0.14207142857142857,0.3491233847153497,0.0,0.0,0.0,0.0,1.0
no_overlap,fatigue_symptom,fatigue_symptom,binary,14000,0.0,0.1987142857142857,14000,0.1987142857142857,0.3990324778352596,0.0,0.0,0.0,0.0,1.0
no_overlap,gi_irritation,gi_irritation,binary,14000,0.0,0.09707142857142857,14000,0.09707142857142857,0.2960550055758737,0.0,0.0,0.0,0.0,1.0
no_overlap,hyperkalemia_state,hyperkalemia_state,binary,14000,0.0,0.06392857142857143,14000,0.06392857142857143,0.2446256511154819,0.0,0.0,0.0,0.0,1.0
no_overlap,hyponatremia_state,hyponatremia_state,binary,14000,0.0,0.06971428571428571,14000,0.06971428571428571,0.25466488584340136,0.0,0.0,0.0,0.0,1.0
no_overlap,hypotension,hypotension,binary,14000,0.0,0.10571428571428572,14000,0.10571428571428572,0.30747158488257753,0.0,0.0,0.0,0.0,1.0
no_overlap,jaundice,jaundice,binary,14000,0.0,0.009571428571428571,14000,0.009571428571428571,0.09736434833413415,0.0,0.0,0.0,0.0,0.0
no_overlap,mood_lowering,mood_lowering,binary,14000,0.0,0.08914285714285715,14000,0.08914285714285715,0.28494983446786787,0.0,0.0,0.0,0.0,1.0
no_overlap,nausea,nausea,binary,14000,0.0,0.1,14000,0.1,0.3,0.0,0.0,0.0,0.0,1.0
no_overlap,occult_bleeding,occult_bleeding,binary,14000,0.0,0.027285714285714285,14000,0.027285714285714285,0.1629147141348278,0.0,0.0,0.0,0.0,0.0
no_overlap,overt_bleeding,overt_bleeding,binary,14000,0.0,0.0255,14000,0.0255,0.15763803475050048,0.0,0.0,0.0,0.0,0.0
no_overlap,qt_prolongation_state,qt_prolongation_state,binary,14000,0.0,0.04792857142857143,14000,0.04792857142857143,0.2136151293082673,0.0,0.0,0.0,0.0,0.0
no_overlap,sedation_state,sedation_state,binary,14000,0.0,0.13178571428571428,14000,0.13178571428571428,0.33825765297464944,0.0,0.0,0.0,0.0,1.0
no_overlap,sleep_disturbance_symptom,sleep_disturbance_symptom,binary,14000,0.0,0.11892857142857143,14000,0.11892857142857143,0.32370444285880695,0.0,0.0,0.0,0.0,1.0
no_overlap,adr_reported,adr_reported,binary,14000,0.0,0.04235714285714286,14000,0.04235714285714286,0.2014026199087848,0.0,0.0,0.0,0.0,0.0
no_overlap,creatinine_tested,creatinine_tested,binary,14000,0.0,0.48578571428571427,14000,0.48578571428571427,0.49979791324257516,0.0,0.0,0.0,1.0,1.0
no_overlap,ecg_performed,ecg_performed,binary,14000,0.0,0.24842857142857142,14000,0.24842857142857142,0.43210162731298596,0.0,0.0,0.0,0.0,1.0
no_overlap,electrolyte_abnormality_recorded,electrolyte_abnormality_recorded,binary,14000,0.0,0.10928571428571429,14000,0.10928571428571429,0.3119973508521755,0.0,0.0,0.0,0.0,1.0
no_overlap,electrolytes_tested,electrolytes_tested,binary,14000,0.0,0.4258571428571429,14000,0.4258571428571429,0.494472281057992,0.0,0.0,0.0,1.0,1.0
no_overlap,elevated_alt_ast_recorded,elevated_alt_ast_recorded,binary,14000,0.0,0.0275,14000,0.0275,0.1635351644142629,0.0,0.0,0.0,0.0,0.0
no_overlap,elevated_creatinine_recorded,elevated_creatinine_recorded,binary,14000,0.0,0.08992857142857143,14000,0.08992857142857143,0.28607940063798326,0.0,0.0,0.0,0.0,1.0
no_overlap,fall_reported,fall_reported,binary,14000,0.0,0.05621428571428572,14000,0.05621428571428572,0.23033505984959904,0.0,0.0,0.0,0.0,1.0
no_overlap,hospital_contact,hospital_contact,binary,14000,0.0,0.2705714285714286,14000,0.2705714285714286,0.4442550287979247,0.0,0.0,0.0,1.0,1.0
no_overlap,lft_tested,lft_tested,binary,14000,0.0,0.3261428571428571,14000,0.3261428571428571,0.4688002707737604,0.0,0.0,0.0,1.0,1.0
no_overlap,mood_screening_done,mood_screening_done,binary,14000,0.0,0.17921428571428571,14000,0.17921428571428571,0.38353164864220013,0.0,0.0,0.0,0.0,1.0
no_overlap,qt_recorded,qt_recorded,binary,14000,0.0,0.01814285714285714,14000,0.01814285714285714,0.13346795075054915,0.0,0.0,0.0,0.0,0.0
no_overlap,AKI,AKI,binary,14000,0.0,0.13078571428571428,14000,0.13078571428571428,0.3371658512134493,0.0,0.0,0.0,0.0,1.0
no_overlap,DILI,DILI,binary,14000,0.0,0.01892857142857143,14000,0.01892857142857143,0.1362728168500413,0.0,0.0,0.0,0.0,0.0
no_overlap,Delirium,Delirium,binary,14000,0.0,0.03521428571428571,14000,0.03521428571428571,0.18432102374910564,0.0,0.0,0.0,0.0,0.0
no_overlap,Depression,Depression,binary,14000,0.0,0.08264285714285714,14000,0.08264285714285714,0.27534163380448384,0.0,0.0,0.0,0.0,1.0
no_overlap,Falls,Falls,binary,14000,0.0,0.08128571428571428,14000,0.08128571428571428,0.27327339229931535,0.0,0.0,0.0,0.0,1.0
no_overlap,GI_bleeding,GI_bleeding,binary,14000,0.0,0.022357142857142857,14000,0.022357142857142857,0.1478421489982074,0.0,0.0,0.0,0.0,0.0
no_overlap,Hospitalization,Hospitalization,binary,14000,0.0,0.2277142857142857,14000,0.2277142857142857,0.4193572341046692,0.0,0.0,0.0,0.0,1.0
no_overlap,Hyperkalemia,Hyperkalemia,binary,14000,0.0,0.04692857142857143,14000,0.04692857142857143,0.21148588750137653,0.0,0.0,0.0,0.0,0.0
no_overlap,Hyponatremia,Hyponatremia,binary,14000,0.0,0.07978571428571428,14000,0.07978571428571428,0.27096116711003565,0.0,0.0,0.0,0.0,1.0
no_overlap,QT_arrhythmia,QT_arrhythmia,binary,14000,0.0,0.016428571428571428,14000,0.016428571428571428,0.1271167709996905,0.0,0.0,0.0,0.0,0.0
no_overlap,active_drug_count,active_drug_count,count,14000,0.0,,14000,6.035785714285714,2.260547837474404,6.0,2.0,4.0,8.0,10.0
no_overlap,ddi_renal_double_hit,ddi_renal_double_hit,binary,14000,0.0,0.14064285714285715,14000,0.14064285714285715,0.34765276336820766,0.0,0.0,0.0,0.0,1.0
no_overlap,ddi_renal_triple_whammy,ddi_renal_triple_whammy,binary,14000,0.0,0.06457142857142857,14000,0.06457142857142857,0.24576810041922337,0.0,0.0,0.0,0.0,1.0
no_overlap,ddi_cns_depression_synergy,ddi_cns_depression_synergy,binary,14000,0.0,0.0375,14000,0.0375,0.18998355191963334,0.0,0.0,0.0,0.0,0.0
no_overlap,ddi_bleeding_dual,ddi_bleeding_dual,binary,14000,0.0,0.13207142857142856,14000,0.13207142857142856,0.33856840715951425,0.0,0.0,0.0,0.0,1.0
no_overlap,ddi_bleeding_triple,ddi_bleeding_triple,binary,14000,0.0,0.036642857142857144,14000,0.036642857142857144,0.187883363189148,0.0,0.0,0.0,0.0,0.0
no_overlap,ddi_serotonergic_synergy,ddi_serotonergic_synergy,binary,14000,0.0,0.028857142857142856,14000,0.028857142857142856,0.16740492275696467,0.0,0.0,0.0,0.0,0.0
no_overlap,ddi_qt_multidrug_load,ddi_qt_multidrug_load,count,14000,0.0,,14000,0.7152857142857143,0.7740952717824326,1.0,0.0,0.0,1.0,2.0
no_overlap,ddi_hepatic_triple_hit,ddi_hepatic_triple_hit,binary,14000,0.0,0.002357142857142857,14000,0.002357142857142857,0.04849316173125731,0.0,0.0,0.0,0.0,0.0
no_overlap,cumulative_adr_burden,cumulative_adr_burden,continuous,14000,0.0,,14000,1.8925057142857142,1.5660629457232387,1.56,0.24,0.56,2.72,4.9
no_overlap,severe_adr_burden,severe_adr_burden,binary,14000,0.0,0.10557142857142857,14000,0.10557142857142857,0.3072883044321999,0.0,0.0,0.0,0.0,1.0
no_overlap,statin,statin,binary,14000,0.0,0.3195,14000,0.3195,0.4662829076858812,0.0,0.0,0.0,1.0,1.0
no_overlap,macrolide,macrolide,binary,14000,0.0,0.12721428571428572,14000,0.12721428571428572,0.33321286173329173,0.0,0.0,0.0,0.0,1.0
no_overlap,azole_antifungal,azole_antifungal,binary,14000,0.0,0.08185714285714285,14000,0.08185714285714285,0.274146951506684,0.0,0.0,0.0,0.0,1.0
no_overlap,metformin,metformin,binary,14000,0.0,0.291,14000,0.291,0.45422351326191823,0.0,0.0,0.0,1.0,1.0
no_overlap,digoxin,digoxin,binary,14000,0.0,0.08814285714285715,14000,0.08814285714285715,0.2835025465098171,0.0,0.0,0.0,0.0,1.0
no_overlap,triptan,triptan,binary,14000,0.0,0.09464285714285714,14000,0.09464285714285714,0.2927210049427507,0.0,0.0,0.0,0.0,1.0
no_overlap,lithium,lithium,binary,14000,0.0,0.05035714285714286,14000,0.05035714285714286,0.218680819964642,0.0,0.0,0.0,0.0,1.0
no_overlap,potassium_supplement,potassium_supplement,binary,14000,0.0,0.12957142857142856,14000,0.12957142857142856,0.3358313169872455,0.0,0.0,0.0,0.0,1.0
no_overlap,hypertension,hypertension,binary,14000,0.0,0.5297142857142857,14000,0.5297142857142857,0.49911628026391786,1.0,0.0,0.0,1.0,1.0
no_overlap,atrial_fibrillation,atrial_fibrillation,binary,14000,0.0,0.137,14000,0.137,0.3438473498516456,0.0,0.0,0.0,0.0,1.0
no_overlap,epilepsy,epilepsy,binary,14000,0.0,0.03585714285714286,14000,0.03585714285714286,0.18593388116011916,0.0,0.0,0.0,0.0,0.0
no_overlap,hypothyroidism,hypothyroidism,binary,14000,0.0,0.15464285714285714,14000,0.15464285714285714,0.36156388630164793,0.0,0.0,0.0,0.0,1.0
no_overlap,obesity,obesity,binary,14000,0.0,0.3262857142857143,14000,0.3262857142857143,0.468853225368852,0.0,0.0,0.0,1.0,1.0
no_overlap,nephrotoxin_load,nephrotoxin_load,count,14000,0.0,,14000,1.100642857142857,0.8489150308433918,1.0,0.0,1.0,2.0,3.0
no_overlap,hepatic_drug_load,hepatic_drug_load,count,14000,0.0,,14000,0.9247857142857143,0.8620490273239708,1.0,0.0,0.0,1.0,2.0
no_overlap,qt_drug_load_v3,qt_drug_load_v3,count,14000,0.0,,14000,0.8034285714285714,0.8237993613466218,1.0,0.0,0.0,1.0,2.0
no_overlap,cns_depressant_load,cns_depressant_load,count,14000,0.0,,14000,0.6191428571428571,0.7237437250794211,0.0,0.0,0.0,1.0,2.0
no_overlap,bleeding_risk_load,bleeding_risk_load,count,14000,0.0,,14000,1.3611428571428572,1.029009985870112,1.0,0.0,1.0,2.0,3.0
no_overlap,serotonergic_load,serotonergic_load,count,14000,0.0,,14000,0.6429285714285714,0.7225945281005222,1.0,0.0,0.0,1.0,2.0
no_overlap,cyp_inhibitor_load,cyp_inhibitor_load,count,14000,0.0,,14000,0.20907142857142857,0.4283729957284747,0.0,0.0,0.0,0.0,1.0
no_overlap,ddi_statin_cyp_inhibitor,ddi_statin_cyp_inhibitor,binary,14000,0.0,0.06314285714285714,14000,0.06314285714285714,0.24321972932863375,0.0,0.0,0.0,0.0,1.0
no_overlap,ddi_metformin_renal_risk,ddi_metformin_renal_risk,binary,14000,0.0,0.02907142857142857,14000,0.02907142857142857,0.16800678739933367,0.0,0.0,0.0,0.0,0.0
no_overlap,ddi_lithium_renal_risk,ddi_lithium_renal_risk,binary,14000,0.0,0.004071428571428571,14000,0.004071428571428571,0.06367772012891422,0.0,0.0,0.0,0.0,0.0
no_overlap,ddi_digoxin_electrolyte_risk,ddi_digoxin_electrolyte_risk,binary,14000,0.0,0.008642857142857143,14000,0.008642857142857143,0.09256434606945219,0.0,0.0,0.0,0.0,0.0
no_overlap,ddi_serotonergic_high_load,ddi_serotonergic_high_load,binary,14000,0.0,0.1215,14000,0.1215,0.32670743793185975,0.0,0.0,0.0,0.0,1.0
no_overlap,drug_disease_nsaid_ckd,drug_disease_nsaid_ckd,binary,14000,0.0,0.023142857142857142,14000,0.023142857142857142,0.15035712589073538,0.0,0.0,0.0,0.0,0.0
no_overlap,drug_disease_nsaid_heart_failure,drug_disease_nsaid_heart_failure,binary,14000,0.0,0.021,14000,0.021,0.14338409953687334,0.0,0.0,0.0,0.0,0.0
no_overlap,drug_disease_qt_baseline_risk,drug_disease_qt_baseline_risk,binary,14000,0.0,0.040928571428571425,14000,0.040928571428571425,0.19812476743049506,0.0,0.0,0.0,0.0,0.0
no_overlap,drug_disease_hepatic_liver_disease,drug_disease_hepatic_liver_disease,binary,14000,0.0,0.038142857142857145,14000,0.038142857142857145,0.19154106502741577,0.0,0.0,0.0,0.0,0.0
no_overlap,drug_disease_anticoagulant_frailty,drug_disease_anticoagulant_frailty,binary,14000,0.0,0.014214285714285714,14000,0.014214285714285714,0.1183733069400292,0.0,0.0,0.0,0.0,0.0
no_overlap,muscle_injury,muscle_injury,binary,14000,0.0,0.03314285714285714,14000,0.03314285714285714,0.17900951975597643,0.0,0.0,0.0,0.0,0.0
no_overlap,lactate_accumulation,lactate_accumulation,binary,14000,0.0,0.014285714285714285,14000,0.014285714285714285,0.11866605518454394,0.0,0.0,0.0,0.0,0.0
no_overlap,serotonin_toxicity,serotonin_toxicity,binary,14000,0.0,0.014642857142857143,14000,0.014642857142857143,0.12011845768886237,0.0,0.0,0.0,0.0,0.0
no_overlap,digoxin_toxicity,digoxin_toxicity,binary,14000,0.0,0.009428571428571429,14000,0.009428571428571429,0.09664198605879204,0.0,0.0,0.0,0.0,0.0
no_overlap,lithium_toxicity,lithium_toxicity,binary,14000,0.0,0.008214285714285714,14000,0.008214285714285714,0.09025968770436665,0.0,0.0,0.0,0.0,0.0
no_overlap,Serotonin_syndrome,Serotonin_syndrome,binary,14000,0.0,0.0027142857142857142,14000,0.0027142857142857142,0.05202805365710828,0.0,0.0,0.0,0.0,0.0
no_overlap,Rhabdomyolysis,Rhabdomyolysis,binary,14000,0.0,0.0037142857142857142,14000,0.0037142857142857142,0.060831651267398354,0.0,0.0,0.0,0.0,0.0
no_overlap,Lactic_acidosis,Lactic_acidosis,binary,14000,0.0,0.004857142857142857,14000,0.004857142857142857,0.06952374429220684,0.0,0.0,0.0,0.0,0.0
noisy_documentation,age,age,continuous,14000,0.0,,14000,65.81977857142859,11.98675475357688,65.8,46.0,57.6,74.1,85.6
noisy_documentation,alcohol_use,alcohol_use,binary,14000,0.0,0.129,14000,0.129,0.33519994033412354,0.0,0.0,0.0,0.0,1.0
noisy_documentation,baseline_alt_ast,baseline_alt_ast,continuous,14000,0.0,,14000,24.89476428571429,10.011603789825022,24.4,8.9,17.9,31.2,42.004999999999924
noisy_documentation,baseline_egfr,baseline_egfr,continuous,14000,0.0,,14000,74.49969285714286,19.95391567136508,74.7,41.1,61.2,88.0,107.1
noisy_documentation,baseline_mood_vulnerability,baseline_mood_vulnerability,binary,14000,0.0,0.11507142857142857,14000,0.11507142857142857,0.3191081241491028,0.0,0.0,0.0,0.0,1.0
noisy_documentation,baseline_potassium,baseline_potassium,continuous,14000,0.0,,14000,4.269931428571429,0.3602045385384164,4.27,3.67,4.03,4.52,4.86
noisy_documentation,baseline_qt_risk,baseline_qt_risk,binary,14000,0.0,0.06907142857142858,14000,0.06907142857142858,0.25357556334657055,0.0,0.0,0.0,0.0,1.0
noisy_documentation,baseline_sodium,baseline_sodium,continuous,14000,0.0,,14000,138.95499285714286,2.5130788032565854,138.95,134.9,137.2,140.7,143.1
noisy_documentation,ckd,ckd,binary,14000,0.0,0.09121428571428572,14000,0.09121428571428572,0.28791359779614156,0.0,0.0,0.0,0.0,1.0
noisy_documentation,depression_history,depression_history,binary,14000,0.0,0.12007142857142857,14000,0.12007142857142857,0.325045043974285,0.0,0.0,0.0,0.0,1.0
noisy_documentation,diabetes,diabetes,binary,14000,0.0,0.17085714285714285,14000,0.17085714285714285,0.37638408519999456,0.0,0.0,0.0,0.0,1.0
noisy_documentation,frailty,frailty,binary,14000,0.0,0.03578571428571429,14000,0.03578571428571429,0.18575547620131014,0.0,0.0,0.0,0.0,0.0
noisy_documentation,heart_failure,heart_failure,binary,14000,0.0,0.08185714285714285,14000,0.08185714285714285,0.274146951506684,0.0,0.0,0.0,0.0,1.0
noisy_documentation,infection,infection,binary,14000,0.0,0.08292857142857143,14000,0.08292857142857143,0.27577422553492514,0.0,0.0,0.0,0.0,1.0
noisy_documentation,liver_disease,liver_disease,binary,14000,0.0,0.06092857142857143,14000,0.06092857142857143,0.23919924877023524,0.0,0.0,0.0,0.0,1.0
noisy_documentation,monitoring_intensity,monitoring_intensity,continuous,14000,0.0,,14000,0.38979985714285714,0.1950191556891114,0.375,0.095,0.238,0.527,0.732
noisy_documentation,polypharmacy_burden,polypharmacy_burden,count,14000,0.0,,14000,4.926785714285714,2.2550254252152784,5.0,2.0,3.0,6.0,9.0
noisy_documentation,sex_female,sex_female,binary,14000,0.0,0.5417142857142857,14000,0.5417142857142857,0.4982568798996628,1.0,0.0,0.0,1.0,1.0
noisy_documentation,acei_arb,acei_arb,binary,14000,0.0,0.5342857142857143,14000,0.5342857142857143,0.4988231047134028,1.0,0.0,0.0,1.0,1.0
noisy_documentation,aminoglycoside,aminoglycoside,binary,14000,0.0,0.06664285714285714,14000,0.06664285714285714,0.24940245935975427,0.0,0.0,0.0,0.0,1.0
noisy_documentation,antibiotic_hepatic_risk,antibiotic_hepatic_risk,binary,14000,0.0,0.2077142857142857,14000,0.2077142857142857,0.40567112446474396,0.0,0.0,0.0,0.0,1.0
noisy_documentation,anticholinergic,anticholinergic,binary,14000,0.0,0.15492857142857142,14000,0.15492857142857142,0.36183657800680336,0.0,0.0,0.0,0.0,1.0
noisy_documentation,anticoagulant,anticoagulant,binary,14000,0.0,0.2725,14000,0.2725,0.44524571867677737,0.0,0.0,0.0,1.0,1.0
noisy_documentation,antiplatelet,antiplatelet,binary,14000,0.0,0.29714285714285715,14000,0.29714285714285715,0.45699997767159334,0.0,0.0,0.0,1.0,1.0
noisy_documentation,benzodiazepine,benzodiazepine,binary,14000,0.0,0.1972142857142857,14000,0.1972142857142857,0.3978954777633063,0.0,0.0,0.0,0.0,1.0
noisy_documentation,beta_blocker,beta_blocker,binary,14000,0.0,0.32785714285714285,14000,0.32785714285714285,0.46943246237844893,0.0,0.0,0.0,1.0,1.0
noisy_documentation,contrast_agent,contrast_agent,binary,14000,0.0,0.18292857142857144,14000,0.18292857142857144,0.38660795282000265,0.0,0.0,0.0,0.0,1.0
noisy_documentation,corticosteroid,corticosteroid,binary,14000,0.0,0.17064285714285715,14000,0.17064285714285715,0.37619658750310264,0.0,0.0,0.0,0.0,1.0
noisy_documentation,diuretic,diuretic,binary,14000,0.0,0.44471428571428573,14000,0.44471428571428573,0.4969340899917396,0.0,0.0,0.0,1.0,1.0
noisy_documentation,hepatotoxic_drug_A,hepatotoxic_drug_A,binary,14000,0.0,0.10692857142857143,14000,0.10692857142857143,0.3090224134926402,0.0,0.0,0.0,0.0,1.0
noisy_documentation,herbal_exposure,herbal_exposure,binary,14000,0.0,0.15214285714285714,14000,0.15214285714285714,0.3591593074991449,0.0,0.0,0.0,0.0,1.0
noisy_documentation,nsaid,nsaid,binary,14000,0.0,0.2615,14000,0.2615,0.43945164694195876,0.0,0.0,0.0,1.0,1.0
noisy_documentation,opioid,opioid,binary,14000,0.0,0.1707142857142857,14000,0.1707142857142857,0.37625911067686707,0.0,0.0,0.0,0.0,1.0
noisy_documentation,ppi,ppi,binary,14000,0.0,0.382,14000,0.382,0.4858765275252551,0.0,0.0,0.0,1.0,1.0
noisy_documentation,qt_prolonging_drug,qt_prolonging_drug,binary,14000,0.0,0.1362857142857143,14000,0.1362857142857143,0.3430917054773358,0.0,0.0,0.0,0.0,1.0
noisy_documentation,snri,snri,binary,14000,0.0,0.10792857142857143,14000,0.10792857142857143,0.3102901785393137,0.0,0.0,0.0,0.0,1.0
noisy_documentation,ssri,ssri,binary,14000,0.0,0.25671428571428573,14000,0.25671428571428573,0.4368203992769681,0.0,0.0,0.0,1.0,1.0
noisy_documentation,thiazide,thiazide,binary,14000,0.0,0.19257142857142856,14000,0.19257142857142856,0.39431925323193107,0.0,0.0,0.0,0.0,1.0
noisy_documentation,valproate_like_drug,valproate_like_drug,binary,14000,0.0,0.07892857142857143,14000,0.07892857142857143,0.2696272464733791,0.0,0.0,0.0,0.0,1.0
noisy_documentation,anticholinergic_burden,anticholinergic_burden,binary,14000,0.0,0.0945,14000,0.0945,0.29252307601281646,0.0,0.0,0.0,0.0,1.0
noisy_documentation,cardiac_repolarization_delay,cardiac_repolarization_delay,binary,14000,0.0,0.17842857142857144,14000,0.17842857142857144,0.38287310734306035,0.0,0.0,0.0,0.0,1.0
noisy_documentation,cholestatic_pattern,cholestatic_pattern,binary,14000,0.0,0.11064285714285714,14000,0.11064285714285714,0.31368936116183865,0.0,0.0,0.0,0.0,1.0
noisy_documentation,cns_sedation,cns_sedation,binary,14000,0.0,0.15614285714285714,14000,0.15614285714285714,0.36299072344361977,0.0,0.0,0.0,0.0,1.0
noisy_documentation,coagulation_impairment,coagulation_impairment,binary,14000,0.0,0.15121428571428572,14000,0.15121428571428572,0.35825762449695897,0.0,0.0,0.0,0.0,1.0
noisy_documentation,electrolyte_disturbance,electrolyte_disturbance,binary,14000,0.0,0.09028571428571429,14000,0.09028571428571429,0.2865906559565972,0.0,0.0,0.0,0.0,1.0
noisy_documentation,fatigue_pathway,fatigue_pathway,binary,14000,0.0,0.09742857142857143,14000,0.09742857142857143,0.29654046081093083,0.0,0.0,0.0,0.0,1.0
noisy_documentation,gastric_mucosal_injury,gastric_mucosal_injury,binary,14000,0.0,0.10328571428571429,14000,0.10328571428571429,0.30433168666802357,0.0,0.0,0.0,0.0,1.0
noisy_documentation,gastric_protection,gastric_protection,binary,14000,0.0,0.11178571428571428,14000,0.11178571428571428,0.31510263148273926,0.0,0.0,0.0,0.0,1.0
noisy_documentation,hepatic_metabolic_stress,hepatic_metabolic_stress,binary,14000,0.0,0.13785714285714284,14000,0.13785714285714284,0.34474998335084533,0.0,0.0,0.0,0.0,1.0
noisy_documentation,hepatocellular_injury,hepatocellular_injury,binary,14000,0.0,0.07657142857142857,14000,0.07657142857142857,0.2659102196192527,0.0,0.0,0.0,0.0,1.0
noisy_documentation,monoamine_disruption,monoamine_disruption,binary,14000,0.0,0.08242857142857143,14000,0.08242857142857143,0.2750165486671962,0.0,0.0,0.0,0.0,1.0
noisy_documentation,nephrotoxic_stress,nephrotoxic_stress,binary,14000,0.0,0.12228571428571429,14000,0.12228571428571429,0.32761550385680305,0.0,0.0,0.0,0.0,1.0
noisy_documentation,oxidative_hepatic_stress,oxidative_hepatic_stress,binary,14000,0.0,0.08728571428571429,14000,0.08728571428571429,0.2822532876112286,0.0,0.0,0.0,0.0,1.0
noisy_documentation,platelet_inhibition,platelet_inhibition,binary,14000,0.0,0.11242857142857143,14000,0.11242857142857143,0.31589300048450275,0.0,0.0,0.0,0.0,1.0
noisy_documentation,potassium_retention,potassium_retention,binary,14000,0.0,0.14142857142857143,14000,0.14142857142857143,0.34846309792034635,0.0,0.0,0.0,0.0,1.0
noisy_documentation,psychomotor_impairment,psychomotor_impairment,binary,14000,0.0,0.10821428571428572,14000,0.10821428571428572,0.3106508555945608,0.0,0.0,0.0,0.0,1.0
noisy_documentation,reduced_renal_perfusion,reduced_renal_perfusion,binary,14000,0.0,0.175,14000,0.175,0.3799671038392666,0.0,0.0,0.0,0.0,1.0
noisy_documentation,serotonergic_shift,serotonergic_shift,binary,14000,0.0,0.13985714285714285,14000,0.13985714285714285,0.3468387556905652,0.0,0.0,0.0,0.0,1.0
noisy_documentation,sleep_disruption,sleep_disruption,binary,14000,0.0,0.08792857142857143,14000,0.08792857142857143,0.28319099165598827,0.0,0.0,0.0,0.0,1.0
noisy_documentation,sodium_water_imbalance,sodium_water_imbalance,binary,14000,0.0,0.11271428571428571,14000,0.11271428571428571,0.3162432220778875,0.0,0.0,0.0,0.0,1.0
noisy_documentation,tubular_injury,tubular_injury,binary,14000,0.0,0.10028571428571428,14000,0.10028571428571428,0.300380574931067,0.0,0.0,0.0,0.0,1.0
noisy_documentation,volume_depletion,volume_depletion,binary,14000,0.0,0.12114285714285715,14000,0.12114285714285715,0.3262932198286113,0.0,0.0,0.0,0.0,1.0
noisy_documentation,alt_ast_rise,recorded_alt_ast_rise,binary,14000,0.0,0.05335714285714286,14000,0.05335714285714286,0.22474465102258898,0.0,0.0,0.0,0.0,1.0
noisy_documentation,anhedonia_like_symptom,anhedonia_like_symptom,binary,14000,0.0,0.04314285714285714,14000,0.04314285714285714,0.20317861851190974,0.0,0.0,0.0,0.0,0.0
noisy_documentation,bilirubin_rise,bilirubin_rise,binary,14000,0.0,0.021642857142857144,14000,0.021642857142857144,0.14551441123665732,0.0,0.0,0.0,0.0,0.0
noisy_documentation,cognitive_slowing,cognitive_slowing,binary,14000,0.0,0.06921428571428571,14000,0.06921428571428571,0.2538181797416153,0.0,0.0,0.0,0.0,1.0
noisy_documentation,confusion_state,recorded_confusion_state,binary,14000,0.0,0.05128571428571429,14000,0.05128571428571429,0.22057989436011244,0.0,0.0,0.0,0.0,1.0
noisy_documentation,creatinine_rise,recorded_creatinine_rise,binary,14000,0.0,0.13364285714285715,14000,0.13364285714285715,0.3402681940433913,0.0,0.0,0.0,0.0,1.0
noisy_documentation,dehydration,dehydration,binary,14000,0.0,0.11621428571428571,14000,0.11621428571428571,0.3204817085423193,0.0,0.0,0.0,0.0,1.0
noisy_documentation,dizziness,recorded_dizziness,binary,14000,0.0,0.09378571428571429,14000,0.09378571428571429,0.2915303656253198,0.0,0.0,0.0,0.0,1.0
noisy_documentation,fatigue_symptom,fatigue_symptom,binary,14000,0.0,0.1977142857142857,14000,0.1977142857142857,0.3982754661522292,0.0,0.0,0.0,0.0,1.0
noisy_documentation,gi_irritation,gi_irritation,binary,14000,0.0,0.09971428571428571,14000,0.09971428571428571,0.29961866920933933,0.0,0.0,0.0,0.0,1.0
noisy_documentation,hyperkalemia_state,recorded_hyperkalemia_state,binary,14000,0.0,0.06035714285714286,14000,0.06035714285714286,0.23814734548859726,0.0,0.0,0.0,0.0,1.0
noisy_documentation,hyponatremia_state,recorded_hyponatremia_state,binary,14000,0.0,0.06735714285714285,14000,0.06735714285714285,0.2506394984100976,0.0,0.0,0.0,0.0,1.0
noisy_documentation,hypotension,hypotension,binary,14000,0.0,0.10335714285714286,14000,0.10335714285714286,0.30442477540034585,0.0,0.0,0.0,0.0,1.0
noisy_documentation,jaundice,jaundice,binary,14000,0.0,0.011142857142857144,14000,0.011142857142857144,0.10496996655020437,0.0,0.0,0.0,0.0,0.0
noisy_documentation,mood_lowering,recorded_mood_lowering,binary,14000,0.0,0.05842857142857143,14000,0.05842857142857143,0.23455206984673524,0.0,0.0,0.0,0.0,1.0
noisy_documentation,nausea,nausea,binary,14000,0.0,0.10635714285714286,14000,0.10635714285714286,0.30829417934889425,0.0,0.0,0.0,0.0,1.0
noisy_documentation,occult_bleeding,occult_bleeding,binary,14000,0.0,0.027071428571428573,14000,0.027071428571428573,0.16229160892212086,0.0,0.0,0.0,0.0,0.0
noisy_documentation,overt_bleeding,overt_bleeding,binary,14000,0.0,0.025142857142857144,14000,0.025142857142857144,0.1565589150369631,0.0,0.0,0.0,0.0,0.0
noisy_documentation,qt_prolongation_state,recorded_qt_prolongation_state,binary,14000,0.0,0.04385714285714286,14000,0.04385714285714286,0.2047771810469883,0.0,0.0,0.0,0.0,0.0
noisy_documentation,sedation_state,sedation_state,binary,14000,0.0,0.12957142857142856,14000,0.12957142857142856,0.3358313169872455,0.0,0.0,0.0,0.0,1.0
noisy_documentation,sleep_disturbance_symptom,sleep_disturbance_symptom,binary,14000,0.0,0.11521428571428571,14000,0.11521428571428571,0.3192803690827744,0.0,0.0,0.0,0.0,1.0
noisy_documentation,adr_reported,adr_reported,binary,14000,0.0,0.04285714285714286,14000,0.04285714285714286,0.2025349554108261,0.0,0.0,0.0,0.0,0.0
noisy_documentation,creatinine_tested,creatinine_tested,binary,14000,0.0,0.4868571428571429,14000,0.4868571428571429,0.49982723545853575,0.0,0.0,0.0,1.0,1.0
noisy_documentation,ecg_performed,ecg_performed,binary,14000,0.0,0.243,14000,0.243,0.4288950920679788,0.0,0.0,0.0,0.0,1.0
noisy_documentation,electrolyte_abnormality_recorded,electrolyte_abnormality_recorded,binary,14000,0.0,0.10642857142857143,14000,0.10642857142857143,0.30838536056733445,0.0,0.0,0.0,0.0,1.0
noisy_documentation,electrolytes_tested,electrolytes_tested,binary,14000,0.0,0.4242142857142857,14000,0.4242142857142857,0.49422315355535923,0.0,0.0,0.0,1.0,1.0
noisy_documentation,elevated_alt_ast_recorded,elevated_alt_ast_recorded,binary,14000,0.0,0.028428571428571428,14000,0.028428571428571428,0.16619382586336362,0.0,0.0,0.0,0.0,0.0
noisy_documentation,elevated_creatinine_recorded,elevated_creatinine_recorded,binary,14000,0.0,0.09357142857142857,14000,0.09357142857142857,0.29123155104921344,0.0,0.0,0.0,0.0,1.0
noisy_documentation,fall_reported,fall_reported,binary,14000,0.0,0.05828571428571429,14000,0.05828571428571429,0.23428292681268598,0.0,0.0,0.0,0.0,1.0
noisy_documentation,hospital_contact,hospital_contact,binary,14000,0.0,0.27085714285714285,14000,0.27085714285714285,0.4444024651376364,0.0,0.0,0.0,1.0,1.0
noisy_documentation,lft_tested,lft_tested,binary,14000,0.0,0.3292857142857143,14000,0.3292857142857143,0.46995386225996827,0.0,0.0,0.0,1.0,1.0
noisy_documentation,mood_screening_done,mood_screening_done,binary,14000,0.0,0.17685714285714285,14000,0.17685714285714285,0.38154776093898257,0.0,0.0,0.0,0.0,1.0
noisy_documentation,qt_recorded,qt_recorded,binary,14000,0.0,0.018357142857142857,14000,0.018357142857142857,0.1342391826676001,0.0,0.0,0.0,0.0,0.0
noisy_documentation,AKI,recorded_AKI,binary,14000,0.0,0.123,14000,0.123,0.3284372086107175,0.0,0.0,0.0,0.0,1.0
noisy_documentation,DILI,recorded_DILI,binary,14000,0.0,0.023642857142857143,14000,0.023642857142857143,0.15193377652444365,0.0,0.0,0.0,0.0,0.0
noisy_documentation,Delirium,recorded_Delirium,binary,14000,0.0,0.031142857142857142,14000,0.031142857142857142,0.1737037120842175,0.0,0.0,0.0,0.0,0.0
noisy_documentation,Depression,recorded_Depression,binary,14000,0.0,0.056,14000,0.056,0.22992172581119863,0.0,0.0,0.0,0.0,1.0
noisy_documentation,Falls,recorded_Falls,binary,14000,0.0,0.06307142857142857,14000,0.06307142857142857,0.2430913891304827,0.0,0.0,0.0,0.0,1.0
noisy_documentation,GI_bleeding,recorded_GI_bleeding,binary,14000,0.0,0.026571428571428572,14000,0.026571428571428572,0.16082719843080662,0.0,0.0,0.0,0.0,0.0
noisy_documentation,Hospitalization,recorded_Hospitalization,binary,14000,0.0,0.19942857142857143,14000,0.19942857142857143,0.39957079013177454,0.0,0.0,0.0,0.0,1.0
noisy_documentation,Hyperkalemia,recorded_Hyperkalemia,binary,14000,0.0,0.051,14000,0.051,0.21999772726098782,0.0,0.0,0.0,0.0,1.0
noisy_documentation,Hyponatremia,recorded_Hyponatremia,binary,14000,0.0,0.07607142857142857,14000,0.07607142857142857,0.26511236547270034,0.0,0.0,0.0,0.0,1.0
noisy_documentation,QT_arrhythmia,recorded_QT_arrhythmia,binary,14000,0.0,0.019571428571428573,14000,0.019571428571428573,0.138522156188467,0.0,0.0,0.0,0.0,0.0
noisy_documentation,active_drug_count,active_drug_count,count,14000,0.0,,14000,5.868714285714286,2.2021206801163093,6.0,2.0,4.0,7.0,10.0
noisy_documentation,ddi_renal_double_hit,ddi_renal_double_hit,binary,14000,0.0,0.14135714285714285,14000,0.14135714285714285,0.34838958225011285,0.0,0.0,0.0,0.0,1.0
noisy_documentation,ddi_renal_triple_whammy,ddi_renal_triple_whammy,binary,14000,0.0,0.06814285714285714,14000,0.06814285714285714,0.2519908890481267,0.0,0.0,0.0,0.0,1.0
noisy_documentation,ddi_cns_depression_synergy,ddi_cns_depression_synergy,binary,14000,0.0,0.033357142857142856,14000,0.033357142857142856,0.17956737977024398,0.0,0.0,0.0,0.0,0.0
noisy_documentation,ddi_bleeding_dual,ddi_bleeding_dual,binary,14000,0.0,0.08407142857142857,14000,0.08407142857142857,0.27749490710531566,0.0,0.0,0.0,0.0,1.0
noisy_documentation,ddi_bleeding_triple,ddi_bleeding_triple,binary,14000,0.0,0.0245,14000,0.0245,0.15459543977750442,0.0,0.0,0.0,0.0,0.0
noisy_documentation,ddi_serotonergic_synergy,ddi_serotonergic_synergy,binary,14000,0.0,0.027428571428571427,14000,0.027428571428571427,0.16332864077668427,0.0,0.0,0.0,0.0,0.0
noisy_documentation,ddi_qt_multidrug_load,ddi_qt_multidrug_load,count,14000,0.0,,14000,0.702,0.7631113006258373,1.0,0.0,0.0,1.0,2.0
noisy_documentation,ddi_hepatic_triple_hit,ddi_hepatic_triple_hit,binary,14000,0.0,0.0015,14000,0.0015,0.03870077518603471,0.0,0.0,0.0,0.0,0.0
noisy_documentation,cumulative_adr_burden,cumulative_adr_burden,continuous,14000,0.0,,14000,1.8654971428571427,1.5501827574258489,1.56,0.24,0.48,2.64,4.9
noisy_documentation,severe_adr_burden,severe_adr_burden,binary,14000,0.0,0.10335714285714286,14000,0.10335714285714286,0.30442477540034585,0.0,0.0,0.0,0.0,1.0
noisy_documentation,statin,statin,binary,14000,0.0,0.3097857142857143,14000,0.3097857142857143,0.4624051529883767,0.0,0.0,0.0,1.0,1.0
noisy_documentation,macrolide,macrolide,binary,14000,0.0,0.12271428571428572,14000,0.12271428571428572,0.3281089602493634,0.0,0.0,0.0,0.0,1.0
noisy_documentation,azole_antifungal,azole_antifungal,binary,14000,0.0,0.07835714285714286,14000,0.07835714285714286,0.2687327687878948,0.0,0.0,0.0,0.0,1.0
noisy_documentation,metformin,metformin,binary,14000,0.0,0.29328571428571426,14000,0.29328571428571426,0.45526827704292405,0.0,0.0,0.0,1.0,1.0
noisy_documentation,digoxin,digoxin,binary,14000,0.0,0.09071428571428572,14000,0.09071428571428572,0.2872023747841104,0.0,0.0,0.0,0.0,1.0
noisy_documentation,triptan,triptan,binary,14000,0.0,0.08885714285714286,14000,0.08885714285714286,0.2845374334255656,0.0,0.0,0.0,0.0,1.0
noisy_documentation,lithium,lithium,binary,14000,0.0,0.052571428571428575,14000,0.052571428571428575,0.22317632820124036,0.0,0.0,0.0,0.0,1.0
noisy_documentation,potassium_supplement,potassium_supplement,binary,14000,0.0,0.13014285714285714,14000,0.13014285714285714,0.3364605383660186,0.0,0.0,0.0,0.0,1.0
noisy_documentation,hypertension,hypertension,binary,14000,0.0,0.5300714285714285,14000,0.5300714285714285,0.499094889959488,1.0,0.0,0.0,1.0,1.0
noisy_documentation,atrial_fibrillation,atrial_fibrillation,binary,14000,0.0,0.13657142857142857,14000,0.13657142857142857,0.34339434105615046,0.0,0.0,0.0,0.0,1.0
noisy_documentation,epilepsy,epilepsy,binary,14000,0.0,0.032857142857142856,14000,0.032857142857142856,0.17826259007545067,0.0,0.0,0.0,0.0,0.0
noisy_documentation,hypothyroidism,hypothyroidism,binary,14000,0.0,0.15,14000,0.15,0.3570714214271425,0.0,0.0,0.0,0.0,1.0
noisy_documentation,obesity,obesity,binary,14000,0.0,0.33685714285714285,14000,0.33685714285714285,0.47263559764713586,0.0,0.0,0.0,1.0,1.0
noisy_documentation,nephrotoxin_load,nephrotoxin_load,count,14000,0.0,,14000,1.0979285714285714,0.8510808224408128,1.0,0.0,0.0,2.0,3.0
noisy_documentation,hepatic_drug_load,hepatic_drug_load,count,14000,0.0,,14000,0.9044285714285715,0.8546563816015446,1.0,0.0,0.0,1.0,2.0
noisy_documentation,qt_drug_load_v3,qt_drug_load_v3,count,14000,0.0,,14000,0.7927142857142857,0.8154077357434157,1.0,0.0,0.0,1.0,2.0
noisy_documentation,cns_depressant_load,cns_depressant_load,count,14000,0.0,,14000,0.6017857142857143,0.7125886088832771,0.0,0.0,0.0,1.0,2.0
noisy_documentation,bleeding_risk_load,bleeding_risk_load,count,14000,0.0,,14000,1.2585,0.9815253617274928,1.0,0.0,1.0,2.0,3.0
noisy_documentation,serotonergic_load,serotonergic_load,count,14000,0.0,,14000,0.6242142857142857,0.7201186091363629,0.0,0.0,0.0,1.0,2.0
noisy_documentation,cyp_inhibitor_load,cyp_inhibitor_load,count,14000,0.0,,14000,0.20107142857142857,0.4246834054892647,0.0,0.0,0.0,0.0,1.0
noisy_documentation,ddi_statin_cyp_inhibitor,ddi_statin_cyp_inhibitor,binary,14000,0.0,0.05821428571428571,14000,0.05821428571428571,0.23414820659800328,0.0,0.0,0.0,0.0,1.0
noisy_documentation,ddi_metformin_renal_risk,ddi_metformin_renal_risk,binary,14000,0.0,0.030642857142857142,14000,0.030642857142857142,0.17234811414396037,0.0,0.0,0.0,0.0,0.0
noisy_documentation,ddi_lithium_renal_risk,ddi_lithium_renal_risk,binary,14000,0.0,0.005071428571428571,14000,0.005071428571428571,0.07103315552383598,0.0,0.0,0.0,0.0,0.0
noisy_documentation,ddi_digoxin_electrolyte_risk,ddi_digoxin_electrolyte_risk,binary,14000,0.0,0.008142857142857143,14000,0.008142857142857143,0.08986963347209202,0.0,0.0,0.0,0.0,0.0
noisy_documentation,ddi_serotonergic_high_load,ddi_serotonergic_high_load,binary,14000,0.0,0.11492857142857144,14000,0.11492857142857144,0.3189357222042698,0.0,0.0,0.0,0.0,1.0
noisy_documentation,drug_disease_nsaid_ckd,drug_disease_nsaid_ckd,binary,14000,0.0,0.025214285714285713,14000,0.025214285714285713,0.156775398293878,0.0,0.0,0.0,0.0,0.0
noisy_documentation,drug_disease_nsaid_heart_failure,drug_disease_nsaid_heart_failure,binary,14000,0.0,0.023,14000,0.023,0.14990330216509573,0.0,0.0,0.0,0.0,0.0
noisy_documentation,drug_disease_qt_baseline_risk,drug_disease_qt_baseline_risk,binary,14000,0.0,0.040785714285714286,14000,0.040785714285714286,0.197793427079664,0.0,0.0,0.0,0.0,0.0
noisy_documentation,drug_disease_hepatic_liver_disease,drug_disease_hepatic_liver_disease,binary,14000,0.0,0.039857142857142855,14000,0.039857142857142855,0.19562349301760296,0.0,0.0,0.0,0.0,0.0
noisy_documentation,drug_disease_anticoagulant_frailty,drug_disease_anticoagulant_frailty,binary,14000,0.0,0.012142857142857143,14000,0.012142857142857143,0.10952355072433191,0.0,0.0,0.0,0.0,0.0
noisy_documentation,muscle_injury,recorded_muscle_injury,binary,14000,0.0,0.0335,14000,0.0335,0.179938183829892,0.0,0.0,0.0,0.0,0.0
noisy_documentation,lactate_accumulation,recorded_lactate_accumulation,binary,14000,0.0,0.02157142857142857,14000,0.02157142857142857,0.14527939303568255,0.0,0.0,0.0,0.0,0.0
noisy_documentation,serotonin_toxicity,recorded_serotonin_toxicity,binary,14000,0.0,0.020785714285714286,14000,0.020785714285714286,0.14266628321837974,0.0,0.0,0.0,0.0,0.0
noisy_documentation,digoxin_toxicity,recorded_digoxin_toxicity,binary,14000,0.0,0.018214285714285714,14000,0.018214285714285714,0.13372556042209763,0.0,0.0,0.0,0.0,0.0
noisy_documentation,lithium_toxicity,recorded_lithium_toxicity,binary,14000,0.0,0.014857142857142857,14000,0.014857142857142857,0.12098102398006598,0.0,0.0,0.0,0.0,0.0
noisy_documentation,Serotonin_syndrome,recorded_Serotonin_syndrome,binary,14000,0.0,0.012571428571428572,14000,0.012571428571428572,0.11141538383500744,0.0,0.0,0.0,0.0,0.0
noisy_documentation,Rhabdomyolysis,recorded_Rhabdomyolysis,binary,14000,0.0,0.013,14000,0.013,0.11327400407860577,0.0,0.0,0.0,0.0,0.0
noisy_documentation,Lactic_acidosis,recorded_Lactic_acidosis,binary,14000,0.0,0.014857142857142857,14000,0.014857142857142857,0.12098102398006598,0.0,0.0,0.0,0.0,0.0
multihospital,age,age,continuous,14000,0.0,,14000,66.06699285714286,11.91752184630227,66.0,46.4,58.0,74.2,85.8
multihospital,alcohol_use,alcohol_use,binary,14000,0.0,0.12721428571428572,14000,0.12721428571428572,0.33321286173329173,0.0,0.0,0.0,0.0,1.0
multihospital,baseline_alt_ast,baseline_alt_ast,continuous,14000,0.0,,14000,24.908814285714282,9.89892314604091,24.4,8.9,18.2,31.1,42.1
multihospital,baseline_egfr,baseline_egfr,continuous,14000,0.0,,14000,74.73013571428572,19.777229142450928,74.95,42.0,61.4,88.0,107.2
multihospital,baseline_mood_vulnerability,baseline_mood_vulnerability,binary,14000,0.0,0.1135,14000,0.1135,0.31720301070450135,0.0,0.0,0.0,0.0,1.0
multihospital,baseline_potassium,baseline_potassium,continuous,14000,0.0,,14000,4.262906428571429,0.35745523570106236,4.26,3.68,4.02,4.5,4.86
multihospital,baseline_qt_risk,baseline_qt_risk,binary,14000,0.0,0.07064285714285715,14000,0.07064285714285715,0.25622732851425317,0.0,0.0,0.0,0.0,1.0
multihospital,baseline_sodium,baseline_sodium,continuous,14000,0.0,,14000,138.9769857142857,2.5165983957537215,139.0,134.8,137.3,140.7,143.1
multihospital,ckd,ckd,binary,14000,0.0,0.09314285714285714,14000,0.09314285714285714,0.29063252623566144,0.0,0.0,0.0,0.0,1.0
multihospital,depression_history,depression_history,binary,14000,0.0,0.11457142857142857,14000,0.11457142857142857,0.3185040287445837,0.0,0.0,0.0,0.0,1.0
multihospital,diabetes,diabetes,binary,14000,0.0,0.172,14000,0.172,0.3773804446443933,0.0,0.0,0.0,0.0,1.0
multihospital,frailty,frailty,binary,14000,0.0,0.036,14000,0.036,0.18629009635512025,0.0,0.0,0.0,0.0,0.0
multihospital,heart_failure,heart_failure,binary,14000,0.0,0.07728571428571429,14000,0.07728571428571429,0.26704425223745454,0.0,0.0,0.0,0.0,1.0
multihospital,infection,infection,binary,14000,0.0,0.08421428571428571,14000,0.08421428571428571,0.2777089119850466,0.0,0.0,0.0,0.0,1.0
multihospital,liver_disease,liver_disease,binary,14000,0.0,0.05771428571428571,14000,0.05771428571428571,0.23320237335579477,0.0,0.0,0.0,0.0,1.0
multihospital,monitoring_intensity,monitoring_intensity,continuous,14000,0.0,,14000,0.3935648571428571,0.1991221823600694,0.375,0.095,0.238,0.534,0.744
multihospital,polypharmacy_burden,polypharmacy_burden,count,14000,0.0,,14000,4.908,2.236123942386532,5.0,2.0,3.0,6.0,9.0
multihospital,sex_female,sex_female,binary,14000,0.0,0.5353571428571429,14000,0.5353571428571429,0.49874830571038503,1.0,0.0,0.0,1.0,1.0
multihospital,acei_arb,acei_arb,binary,14000,0.0,0.5495714285714286,14000,0.5495714285714286,0.49753660515522646,1.0,0.0,0.0,1.0,1.0
multihospital,aminoglycoside,aminoglycoside,binary,14000,0.0,0.06757142857142857,14000,0.06757142857142857,0.25100902496174293,0.0,0.0,0.0,0.0,1.0
multihospital,antibiotic_hepatic_risk,antibiotic_hepatic_risk,binary,14000,0.0,0.21278571428571427,14000,0.21278571428571427,0.4092773559355961,0.0,0.0,0.0,0.0,1.0
multihospital,anticholinergic,anticholinergic,binary,14000,0.0,0.15578571428571428,14000,0.15578571428571428,0.36265207225411533,0.0,0.0,0.0,0.0,1.0
multihospital,anticoagulant,anticoagulant,binary,14000,0.0,0.2794285714285714,14000,0.2794285714285714,0.4487184472449949,0.0,0.0,0.0,1.0,1.0
multihospital,antiplatelet,antiplatelet,binary,14000,0.0,0.316,14000,0.316,0.46491289506745237,0.0,0.0,0.0,1.0,1.0
multihospital,benzodiazepine,benzodiazepine,binary,14000,0.0,0.20014285714285715,14000,0.20014285714285715,0.40010710300812086,0.0,0.0,0.0,0.0,1.0
multihospital,beta_blocker,beta_blocker,binary,14000,0.0,0.3327857142857143,14000,0.3327857142857143,0.47121055023530756,0.0,0.0,0.0,1.0,1.0
multihospital,contrast_agent,contrast_agent,binary,14000,0.0,0.18942857142857142,14000,0.18942857142857142,0.3918486796648702,0.0,0.0,0.0,0.0,1.0
multihospital,corticosteroid,corticosteroid,binary,14000,0.0,0.18328571428571427,14000,0.18328571428571427,0.38690058312761666,0.0,0.0,0.0,0.0,1.0
multihospital,diuretic,diuretic,binary,14000,0.0,0.4555,14000,0.4555,0.49801581300195685,0.0,0.0,0.0,1.0,1.0
multihospital,hepatotoxic_drug_A,hepatotoxic_drug_A,binary,14000,0.0,0.10928571428571429,14000,0.10928571428571429,0.3119973508521755,0.0,0.0,0.0,0.0,1.0
multihospital,herbal_exposure,herbal_exposure,binary,14000,0.0,0.1495,14000,0.1495,0.3565806360418356,0.0,0.0,0.0,0.0,1.0
multihospital,nsaid,nsaid,binary,14000,0.0,0.25985714285714284,14000,0.25985714285714284,0.4385560490556085,0.0,0.0,0.0,1.0,1.0
multihospital,opioid,opioid,binary,14000,0.0,0.1757857142857143,14000,0.1757857142857143,0.3806377502807302,0.0,0.0,0.0,0.0,1.0
multihospital,ppi,ppi,binary,14000,0.0,0.3891428571428571,14000,0.3891428571428571,0.4875558366767349,0.0,0.0,0.0,1.0,1.0
multihospital,qt_prolonging_drug,qt_prolonging_drug,binary,14000,0.0,0.1367857142857143,14000,0.1367857142857143,0.3436209869217263,0.0,0.0,0.0,0.0,1.0
multihospital,snri,snri,binary,14000,0.0,0.11614285714285714,14000,0.11614285714285714,0.320396151471192,0.0,0.0,0.0,0.0,1.0
multihospital,ssri,ssri,binary,14000,0.0,0.27185714285714285,14000,0.27185714285714285,0.44491666268492797,0.0,0.0,0.0,1.0,1.0
multihospital,thiazide,thiazide,binary,14000,0.0,0.201,14000,0.201,0.4007480505255141,0.0,0.0,0.0,0.0,1.0
multihospital,valproate_like_drug,valproate_like_drug,binary,14000,0.0,0.08364285714285714,14000,0.08364285714285714,0.27685145762996577,0.0,0.0,0.0,0.0,1.0
multihospital,anticholinergic_burden,anticholinergic_burden,binary,14000,0.0,0.09371428571428571,14000,0.09371428571428571,0.2914308123163145,0.0,0.0,0.0,0.0,1.0
multihospital,cardiac_repolarization_delay,cardiac_repolarization_delay,binary,14000,0.0,0.1712142857142857,14000,0.1712142857142857,0.37669610308793033,0.0,0.0,0.0,0.0,1.0
multihospital,cholestatic_pattern,cholestatic_pattern,binary,14000,0.0,0.10957142857142857,14000,0.10957142857142857,0.31235481525381503,0.0,0.0,0.0,0.0,1.0
multihospital,cns_sedation,cns_sedation,binary,14000,0.0,0.15742857142857142,14000,0.15742857142857142,0.36420436066380446,0.0,0.0,0.0,0.0,1.0
multihospital,coagulation_impairment,coagulation_impairment,binary,14000,0.0,0.15814285714285714,14000,0.15814285714285714,0.3648749016821396,0.0,0.0,0.0,0.0,1.0
multihospital,electrolyte_disturbance,electrolyte_disturbance,binary,14000,0.0,0.09542857142857143,14000,0.09542857142857143,0.2938059890194097,0.0,0.0,0.0,0.0,1.0
multihospital,fatigue_pathway,fatigue_pathway,binary,14000,0.0,0.09621428571428571,14000,0.09621428571428571,0.29488488760663123,0.0,0.0,0.0,0.0,1.0
multihospital,gastric_mucosal_injury,gastric_mucosal_injury,binary,14000,0.0,0.10221428571428572,14000,0.10221428571428572,0.3029299019743744,0.0,0.0,0.0,0.0,1.0
multihospital,gastric_protection,gastric_protection,binary,14000,0.0,0.1105,14000,0.1105,0.3135119614942945,0.0,0.0,0.0,0.0,1.0
multihospital,hepatic_metabolic_stress,hepatic_metabolic_stress,binary,14000,0.0,0.13885714285714285,14000,0.13885714285714285,0.34579739260829295,0.0,0.0,0.0,0.0,1.0
multihospital,hepatocellular_injury,hepatocellular_injury,binary,14000,0.0,0.08214285714285714,14000,0.08214285714285714,0.2745822429860775,0.0,0.0,0.0,0.0,1.0
multihospital,monoamine_disruption,monoamine_disruption,binary,14000,0.0,0.08592857142857142,14000,0.08592857142857142,0.28025854499161357,0.0,0.0,0.0,0.0,1.0
multihospital,nephrotoxic_stress,nephrotoxic_stress,binary,14000,0.0,0.12714285714285714,14000,0.12714285714285714,0.33313293295681257,0.0,0.0,0.0,0.0,1.0
multihospital,oxidative_hepatic_stress,oxidative_hepatic_stress,binary,14000,0.0,0.08307142857142857,14000,0.08307142857142857,0.2759901562130987,0.0,0.0,0.0,0.0,1.0
multihospital,platelet_inhibition,platelet_inhibition,binary,14000,0.0,0.10471428571428572,14000,0.10471428571428572,0.3061849181158874,0.0,0.0,0.0,0.0,1.0
multihospital,potassium_retention,potassium_retention,binary,14000,0.0,0.14457142857142857,14000,0.14457142857142857,0.3516682109776841,0.0,0.0,0.0,0.0,1.0
multihospital,psychomotor_impairment,psychomotor_impairment,binary,14000,0.0,0.10964285714285714,14000,0.10964285714285714,0.31244407662877555,0.0,0.0,0.0,0.0,1.0
multihospital,reduced_renal_perfusion,reduced_renal_perfusion,binary,14000,0.0,0.17635714285714285,14000,0.17635714285714285,0.3811237345277884,0.0,0.0,0.0,0.0,1.0
multihospital,serotonergic_shift,serotonergic_shift,binary,14000,0.0,0.1435,14000,0.1435,0.35058201608182926,0.0,0.0,0.0,0.0,1.0
multihospital,sleep_disruption,sleep_disruption,binary,14000,0.0,0.08757142857142858,14000,0.08757142857142858,0.28267060948989325,0.0,0.0,0.0,0.0,1.0
multihospital,sodium_water_imbalance,sodium_water_imbalance,binary,14000,0.0,0.11557142857142857,14000,0.11557142857142857,0.31971029615792446,0.0,0.0,0.0,0.0,1.0
multihospital,tubular_injury,tubular_injury,binary,14000,0.0,0.10107142857142858,14000,0.10107142857142858,0.3014232819441113,0.0,0.0,0.0,0.0,1.0
multihospital,volume_depletion,volume_depletion,binary,14000,0.0,0.12185714285714286,14000,0.12185714285714286,0.32712074161055077,0.0,0.0,0.0,0.0,1.0
multihospital,alt_ast_rise,alt_ast_rise,binary,14000,0.0,0.05714285714285714,14000,0.05714285714285714,0.2321153829895989,0.0,0.0,0.0,0.0,1.0
multihospital,anhedonia_like_symptom,anhedonia_like_symptom,binary,14000,0.0,0.04242857142857143,14000,0.04242857142857143,0.20156484751836573,0.0,0.0,0.0,0.0,0.0
multihospital,bilirubin_rise,bilirubin_rise,binary,14000,0.0,0.023428571428571427,14000,0.023428571428571427,0.15126028384671156,0.0,0.0,0.0,0.0,0.0
multihospital,cognitive_slowing,cognitive_slowing,binary,14000,0.0,0.06864285714285714,14000,0.06864285714285714,0.25284583308040187,0.0,0.0,0.0,0.0,1.0
multihospital,confusion_state,confusion_state,binary,14000,0.0,0.072,14000,0.072,0.2584879107424562,0.0,0.0,0.0,0.0,1.0
multihospital,creatinine_rise,creatinine_rise,binary,14000,0.0,0.14835714285714285,14000,0.14835714285714285,0.3554536552356835,0.0,0.0,0.0,0.0,1.0
multihospital,dehydration,dehydration,binary,14000,0.0,0.11421428571428571,14000,0.11421428571428571,0.3180713483686659,0.0,0.0,0.0,0.0,1.0
multihospital,dizziness,dizziness,binary,14000,0.0,0.1432142857142857,14000,0.1432142857142857,0.35029124179978105,0.0,0.0,0.0,0.0,1.0
multihospital,fatigue_symptom,fatigue_symptom,binary,14000,0.0,0.19192857142857142,14000,0.19192857142857142,0.39381721000733216,0.0,0.0,0.0,0.0,1.0
multihospital,gi_irritation,gi_irritation,binary,14000,0.0,0.09421428571428571,14000,0.09421428571428571,0.2921266062542621,0.0,0.0,0.0,0.0,1.0
multihospital,hyperkalemia_state,hyperkalemia_state,binary,14000,0.0,0.060714285714285714,14000,0.060714285714285714,0.2388054882629162,0.0,0.0,0.0,0.0,1.0
multihospital,hyponatremia_state,hyponatremia_state,binary,14000,0.0,0.06964285714285715,14000,0.06964285714285715,0.2545441603962596,0.0,0.0,0.0,0.0,1.0
multihospital,hypotension,hypotension,binary,14000,0.0,0.10185714285714285,14000,0.10185714285714285,0.3024603532797686,0.0,0.0,0.0,0.0,1.0
multihospital,jaundice,jaundice,binary,14000,0.0,0.011142857142857144,14000,0.011142857142857144,0.10496996655020437,0.0,0.0,0.0,0.0,0.0
multihospital,mood_lowering,mood_lowering,binary,14000,0.0,0.08635714285714285,14000,0.08635714285714285,0.2808907024710749,0.0,0.0,0.0,0.0,1.0
multihospital,nausea,nausea,binary,14000,0.0,0.104,14000,0.104,0.30526054445342266,0.0,0.0,0.0,0.0,1.0
multihospital,occult_bleeding,occult_bleeding,binary,14000,0.0,0.028142857142857143,14000,0.028142857142857143,0.16538088382486615,0.0,0.0,0.0,0.0,0.0
multihospital,overt_bleeding,overt_bleeding,binary,14000,0.0,0.02407142857142857,14000,0.02407142857142857,0.153270985179711,0.0,0.0,0.0,0.0,0.0
multihospital,qt_prolongation_state,qt_prolongation_state,binary,14000,0.0,0.048285714285714286,14000,0.048285714285714286,0.21436931702469142,0.0,0.0,0.0,0.0,0.0
multihospital,sedation_state,sedation_state,binary,14000,0.0,0.12892857142857142,14000,0.12892857142857142,0.33512086610349884,0.0,0.0,0.0,0.0,1.0
multihospital,sleep_disturbance_symptom,sleep_disturbance_symptom,binary,14000,0.0,0.12242857142857143,14000,0.12242857142857143,0.32778013412427937,0.0,0.0,0.0,0.0,1.0
multihospital,adr_reported,adr_reported,binary,14000,0.0,0.04378571428571429,14000,0.04378571428571429,0.20461799898885746,0.0,0.0,0.0,0.0,0.0
multihospital,creatinine_tested,creatinine_tested,binary,14000,0.0,0.49057142857142855,14000,0.49057142857142855,0.49991109413656376,0.0,0.0,0.0,1.0,1.0
multihospital,ecg_performed,ecg_performed,binary,14000,0.0,0.2532857142857143,14000,0.2532857142857143,0.43489316070098155,0.0,0.0,0.0,1.0,1.0
multihospital,electrolyte_abnormality_recorded,electrolyte_abnormality_recorded,binary,14000,0.0,0.11071428571428571,14000,0.11071428571428571,0.3137779989946096,0.0,0.0,0.0,0.0,1.0
multihospital,electrolytes_tested,electrolytes_tested,binary,14000,0.0,0.42942857142857144,14000,0.42942857142857144,0.4949946196368076,0.0,0.0,0.0,1.0,1.0
multihospital,elevated_alt_ast_recorded,elevated_alt_ast_recorded,binary,14000,0.0,0.027,14000,0.027,0.16208331191088116,0.0,0.0,0.0,0.0,0.0
multihospital,elevated_creatinine_recorded,elevated_creatinine_recorded,binary,14000,0.0,0.09357142857142857,14000,0.09357142857142857,0.29123155104921344,0.0,0.0,0.0,0.0,1.0
multihospital,fall_reported,fall_reported,binary,14000,0.0,0.05735714285714286,14000,0.05735714285714286,0.23252376442077516,0.0,0.0,0.0,0.0,1.0
multihospital,hospital_contact,hospital_contact,binary,14000,0.0,0.27264285714285713,14000,0.27264285714285713,0.445318683182995,0.0,0.0,0.0,1.0,1.0
multihospital,lft_tested,lft_tested,binary,14000,0.0,0.33285714285714285,14000,0.33285714285714285,0.4712358913602851,0.0,0.0,0.0,1.0,1.0
multihospital,mood_screening_done,mood_screening_done,binary,14000,0.0,0.1772142857142857,14000,0.1772142857142857,0.38184994782382936,0.0,0.0,0.0,0.0,1.0
multihospital,qt_recorded,qt_recorded,binary,14000,0.0,0.019071428571428573,14000,0.019071428571428573,0.1367761279744147,0.0,0.0,0.0,0.0,0.0
multihospital,AKI,AKI,binary,14000,0.0,0.134,14000,0.134,0.3406523154185217,0.0,0.0,0.0,0.0,1.0
multihospital,DILI,DILI,binary,14000,0.0,0.018714285714285715,14000,0.018714285714285715,0.13551406282924958,0.0,0.0,0.0,0.0,0.0
multihospital,Delirium,Delirium,binary,14000,0.0,0.03742857142857143,14000,0.03742857142857143,0.18980957159581743,0.0,0.0,0.0,0.0,0.0
multihospital,Depression,Depression,binary,14000,0.0,0.08321428571428571,14000,0.08321428571428571,0.27620584419477245,0.0,0.0,0.0,0.0,1.0
multihospital,Falls,Falls,binary,14000,0.0,0.07764285714285714,14000,0.07764285714285714,0.2676087514965664,0.0,0.0,0.0,0.0,1.0
multihospital,GI_bleeding,GI_bleeding,binary,14000,0.0,0.02457142857142857,14000,0.02457142857142857,0.15481496526301244,0.0,0.0,0.0,0.0,0.0
multihospital,Hospitalization,Hospitalization,binary,14000,0.0,0.22421428571428573,14000,0.22421428571428573,0.4170638318002634,0.0,0.0,0.0,0.0,1.0
multihospital,Hyperkalemia,Hyperkalemia,binary,14000,0.0,0.0485,14000,0.0485,0.21482027371735654,0.0,0.0,0.0,0.0,0.0
multihospital,Hyponatremia,Hyponatremia,binary,14000,0.0,0.07771428571428571,14000,0.07771428571428571,0.2677214513448709,0.0,0.0,0.0,0.0,1.0
multihospital,QT_arrhythmia,QT_arrhythmia,binary,14000,0.0,0.017214285714285713,14000,0.017214285714285713,0.13006903582956497,0.0,0.0,0.0,0.0,0.0
multihospital,active_drug_count,active_drug_count,count,14000,0.0,,14000,6.044714285714286,2.290945046063225,6.0,3.0,4.0,7.0,10.0
multihospital,ddi_renal_double_hit,ddi_renal_double_hit,binary,14000,0.0,0.1447142857142857,14000,0.1447142857142857,0.35181253704848237,0.0,0.0,0.0,0.0,1.0
multihospital,ddi_renal_triple_whammy,ddi_renal_triple_whammy,binary,14000,0.0,0.06842857142857142,14000,0.06842857142857142,0.25247990423163647,0.0,0.0,0.0,0.0,1.0
multihospital,ddi_cns_depression_synergy,ddi_cns_depression_synergy,binary,14000,0.0,0.0385,14000,0.0385,0.19239997401247227,0.0,0.0,0.0,0.0,0.0
multihospital,ddi_bleeding_dual,ddi_bleeding_dual,binary,14000,0.0,0.091,14000,0.091,0.28760910973055076,0.0,0.0,0.0,0.0,1.0
multihospital,ddi_bleeding_triple,ddi_bleeding_triple,binary,14000,0.0,0.024785714285714286,14000,0.024785714285714286,0.15547148501593858,0.0,0.0,0.0,0.0,0.0
multihospital,ddi_serotonergic_synergy,ddi_serotonergic_synergy,binary,14000,0.0,0.03271428571428572,14000,0.03271428571428572,0.1778877770519655,0.0,0.0,0.0,0.0,0.0
multihospital,ddi_qt_multidrug_load,ddi_qt_multidrug_load,count,14000,0.0,,14000,0.7465714285714286,0.7924120243449936,1.0,0.0,0.0,1.0,2.0
multihospital,ddi_hepatic_triple_hit,ddi_hepatic_triple_hit,binary,14000,0.0,0.0024285714285714284,14000,0.0024285714285714284,0.049220661001125904,0.0,0.0,0.0,0.0,0.0
multihospital,cumulative_adr_burden,cumulative_adr_burden,continuous,14000,0.0,,14000,1.8903628571428568,1.5588519346137333,1.64,0.24,0.56,2.72,4.9
multihospital,severe_adr_burden,severe_adr_burden,binary,14000,0.0,0.10571428571428572,14000,0.10571428571428572,0.30747158488257753,0.0,0.0,0.0,0.0,1.0
multihospital,statin,statin,binary,14000,0.0,0.31364285714285717,14000,0.31364285714285717,0.4639730760573532,0.0,0.0,0.0,1.0,1.0
multihospital,macrolide,macrolide,binary,14000,0.0,0.138,14000,0.138,0.34489998550304407,0.0,0.0,0.0,0.0,1.0
multihospital,azole_antifungal,azole_antifungal,binary,14000,0.0,0.08378571428571428,14000,0.08378571428571428,0.2770661804828351,0.0,0.0,0.0,0.0,1.0
multihospital,metformin,metformin,binary,14000,0.0,0.30178571428571427,14000,0.30178571428571427,0.459032784165549,0.0,0.0,0.0,1.0,1.0
multihospital,digoxin,digoxin,binary,14000,0.0,0.09507142857142857,14000,0.09507142857142857,0.2933135728888391,0.0,0.0,0.0,0.0,1.0
multihospital,triptan,triptan,binary,14000,0.0,0.08842857142857143,14000,0.08842857142857143,0.2839171695823862,0.0,0.0,0.0,0.0,1.0
multihospital,lithium,lithium,binary,14000,0.0,0.05285714285714286,14000,0.05285714285714286,0.22374821855407578,0.0,0.0,0.0,0.0,1.0
multihospital,potassium_supplement,potassium_supplement,binary,14000,0.0,0.13585714285714287,14000,0.13585714285714287,0.3426368041991939,0.0,0.0,0.0,0.0,1.0
multihospital,hypertension,hypertension,binary,14000,0.0,0.5309285714285714,14000,0.5309285714285714,0.4990425066759221,1.0,0.0,0.0,1.0,1.0
multihospital,atrial_fibrillation,atrial_fibrillation,binary,14000,0.0,0.13314285714285715,14000,0.13314285714285715,0.3397290637179779,0.0,0.0,0.0,0.0,1.0
multihospital,epilepsy,epilepsy,binary,14000,0.0,0.03685714285714286,14000,0.03685714285714286,0.18841097069319243,0.0,0.0,0.0,0.0,0.0
multihospital,hypothyroidism,hypothyroidism,binary,14000,0.0,0.14764285714285713,14000,0.14764285714285713,0.35474560445134623,0.0,0.0,0.0,0.0,1.0
multihospital,obesity,obesity,binary,14000,0.0,0.3359285714285714,14000,0.3359285714285714,0.4723140547628565,0.0,0.0,0.0,1.0,1.0
multihospital,nephrotoxin_load,nephrotoxin_load,count,14000,0.0,,14000,1.1192857142857142,0.8561038345377294,1.0,0.0,1.0,2.0,3.0
multihospital,hepatic_drug_load,hepatic_drug_load,count,14000,0.0,,14000,0.9411428571428572,0.8716774351905688,1.0,0.0,0.0,1.0,2.0
multihospital,qt_drug_load_v3,qt_drug_load_v3,count,14000,0.0,,14000,0.8416428571428571,0.8462489592433234,1.0,0.0,0.0,1.0,2.0
multihospital,cns_depressant_load,cns_depressant_load,count,14000,0.0,,14000,0.6153571428571428,0.72386355335626,0.0,0.0,0.0,1.0,2.0
multihospital,bleeding_risk_load,bleeding_risk_load,count,14000,0.0,,14000,1.3104285714285715,0.9966686449141973,1.0,0.0,1.0,2.0,3.0
multihospital,serotonergic_load,serotonergic_load,count,14000,0.0,,14000,0.6522142857142857,0.7294631762537462,1.0,0.0,0.0,1.0,2.0
multihospital,cyp_inhibitor_load,cyp_inhibitor_load,count,14000,0.0,,14000,0.22178571428571428,0.44403630459222404,0.0,0.0,0.0,0.0,1.0
multihospital,ddi_statin_cyp_inhibitor,ddi_statin_cyp_inhibitor,binary,14000,0.0,0.065,14000,0.065,0.24652586071242102,0.0,0.0,0.0,0.0,1.0
multihospital,ddi_metformin_renal_risk,ddi_metformin_renal_risk,binary,14000,0.0,0.03428571428571429,14000,0.03428571428571429,0.18196209517817896,0.0,0.0,0.0,0.0,0.0
multihospital,ddi_lithium_renal_risk,ddi_lithium_renal_risk,binary,14000,0.0,0.003857142857142857,14000,0.003857142857142857,0.061986008954621745,0.0,0.0,0.0,0.0,0.0
multihospital,ddi_digoxin_electrolyte_risk,ddi_digoxin_electrolyte_risk,binary,14000,0.0,0.008928571428571428,14000,0.008928571428571428,0.09406833707904232,0.0,0.0,0.0,0.0,0.0
multihospital,ddi_serotonergic_high_load,ddi_serotonergic_high_load,binary,14000,0.0,0.1255,14000,0.1255,0.3312849981511387,0.0,0.0,0.0,0.0,1.0
multihospital,drug_disease_nsaid_ckd,drug_disease_nsaid_ckd,binary,14000,0.0,0.026571428571428572,14000,0.026571428571428572,0.1608271984308066,0.0,0.0,0.0,0.0,0.0
multihospital,drug_disease_nsaid_heart_failure,drug_disease_nsaid_heart_failure,binary,14000,0.0,0.02157142857142857,14000,0.02157142857142857,0.14527939303568255,0.0,0.0,0.0,0.0,0.0
multihospital,drug_disease_qt_baseline_risk,drug_disease_qt_baseline_risk,binary,14000,0.0,0.04185714285714286,14000,0.04185714285714286,0.20026263368132258,0.0,0.0,0.0,0.0,0.0
multihospital,drug_disease_hepatic_liver_disease,drug_disease_hepatic_liver_disease,binary,14000,0.0,0.038642857142857145,14000,0.038642857142857145,0.19274228060987003,0.0,0.0,0.0,0.0,0.0
multihospital,drug_disease_anticoagulant_frailty,drug_disease_anticoagulant_frailty,binary,14000,0.0,0.011142857142857144,14000,0.011142857142857144,0.10496996655020438,0.0,0.0,0.0,0.0,0.0
multihospital,muscle_injury,muscle_injury,binary,14000,0.0,0.034,14000,0.034,0.18122913673027305,0.0,0.0,0.0,0.0,0.0
multihospital,lactate_accumulation,lactate_accumulation,binary,14000,0.0,0.015428571428571429,14000,0.015428571428571429,0.12324987063784243,0.0,0.0,0.0,0.0,0.0
multihospital,serotonin_toxicity,serotonin_toxicity,binary,14000,0.0,0.014571428571428572,14000,0.014571428571428572,0.11982947066901499,0.0,0.0,0.0,0.0,0.0
multihospital,digoxin_toxicity,digoxin_toxicity,binary,14000,0.0,0.01,14000,0.01,0.09949874371066199,0.0,0.0,0.0,0.0,0.0
multihospital,lithium_toxicity,lithium_toxicity,binary,14000,0.0,0.008357142857142856,14000,0.008357142857142856,0.09103461440797209,0.0,0.0,0.0,0.0,0.0
multihospital,Serotonin_syndrome,Serotonin_syndrome,binary,14000,0.0,0.0025,14000,0.0025,0.04993746088859545,0.0,0.0,0.0,0.0,0.0
multihospital,Rhabdomyolysis,Rhabdomyolysis,binary,14000,0.0,0.003142857142857143,14000,0.003142857142857143,0.05597302557336646,0.0,0.0,0.0,0.0,0.0
multihospital,Lactic_acidosis,Lactic_acidosis,binary,14000,0.0,0.004428571428571428,14000,0.004428571428571428,0.0663999938529626,0.0,0.0,0.0,0.0,0.0
