reference,comparison,variable,variable_type,reference_mean,comparison_mean,mean_delta,reference_missing_rate,comparison_missing_rate,missing_rate_delta,standardized_mean_difference,wasserstein_distance,wasserstein_over_clean_sd,ks_statistic,prevalence_delta,bernoulli_js_divergence,absolute_effect
clean,hidden_confounder,age,continuous,65.81977857142859,65.81977857142859,0.0,0.0,0.0,0.0,0.0,0.0,0.0,0.0,,,0.0
clean,hidden_confounder,alcohol_use,binary,0.129,0.129,0.0,0.0,0.0,0.0,0.0,0.0,0.0,0.0,0.0,0.0,0.0
clean,hidden_confounder,baseline_alt_ast,continuous,24.89476428571429,24.89476428571429,0.0,0.0,0.0,0.0,0.0,0.0,0.0,0.0,,,0.0
clean,hidden_confounder,baseline_egfr,continuous,74.49969285714286,74.49969285714286,0.0,0.0,0.0,0.0,0.0,0.0,0.0,0.0,,,0.0
clean,hidden_confounder,baseline_mood_vulnerability,binary,0.11507142857142857,0.11507142857142857,0.0,0.0,0.0,0.0,0.0,0.0,0.0,0.0,0.0,0.0,0.0
clean,hidden_confounder,baseline_potassium,continuous,4.269931428571429,4.269931428571429,0.0,0.0,0.0,0.0,0.0,0.0,0.0,0.0,,,0.0
clean,hidden_confounder,baseline_qt_risk,binary,0.06907142857142858,0.06907142857142858,0.0,0.0,0.0,0.0,0.0,0.0,0.0,0.0,0.0,0.0,0.0
clean,hidden_confounder,baseline_sodium,continuous,138.95499285714286,138.95499285714286,0.0,0.0,0.0,0.0,0.0,0.0,0.0,0.0,,,0.0
clean,hidden_confounder,ckd,binary,0.09121428571428572,0.09121428571428572,0.0,0.0,0.0,0.0,0.0,0.0,0.0,0.0,0.0,0.0,0.0
clean,hidden_confounder,depression_history,binary,0.12007142857142857,0.12007142857142857,0.0,0.0,0.0,0.0,0.0,0.0,0.0,0.0,0.0,0.0,0.0
clean,hidden_confounder,diabetes,binary,0.17085714285714285,0.17085714285714285,0.0,0.0,0.0,0.0,0.0,0.0,0.0,0.0,0.0,0.0,0.0
clean,hidden_confounder,frailty,binary,0.03578571428571429,0.03578571428571429,0.0,0.0,0.0,0.0,0.0,0.0,0.0,0.0,0.0,0.0,0.0
clean,hidden_confounder,heart_failure,binary,0.08185714285714285,0.08185714285714285,0.0,0.0,0.0,0.0,0.0,0.0,0.0,0.0,0.0,0.0,0.0
clean,hidden_confounder,infection,binary,0.08292857142857143,0.08292857142857143,0.0,0.0,0.0,0.0,0.0,0.0,0.0,0.0,0.0,0.0,0.0
clean,hidden_confounder,liver_disease,binary,0.06092857142857143,0.06092857142857143,0.0,0.0,0.0,0.0,0.0,0.0,0.0,0.0,0.0,0.0,0.0
clean,hidden_confounder,monitoring_intensity,continuous,0.38979985714285714,0.38979985714285714,0.0,0.0,0.0,0.0,0.0,0.0,0.0,0.0,,,0.0
clean,hidden_confounder,polypharmacy_burden,count,4.926785714285714,4.926785714285714,0.0,0.0,0.0,0.0,0.0,0.0,0.0,0.0,,,0.0
clean,hidden_confounder,sex_female,binary,0.5417142857142857,0.5417142857142857,0.0,0.0,0.0,0.0,0.0,0.0,0.0,0.0,0.0,0.0,0.0
clean,hidden_confounder,acei_arb,binary,0.5342857142857143,0.5342857142857143,0.0,0.0,0.0,0.0,0.0,0.0,0.0,0.0,0.0,0.0,0.0
clean,hidden_confounder,aminoglycoside,binary,0.06664285714285714,0.06664285714285714,0.0,0.0,0.0,0.0,0.0,0.0,0.0,0.0,0.0,0.0,0.0
clean,hidden_confounder,antibiotic_hepatic_risk,binary,0.2077142857142857,0.2077142857142857,0.0,0.0,0.0,0.0,0.0,0.0,0.0,0.0,0.0,0.0,0.0
clean,hidden_confounder,anticholinergic,binary,0.15492857142857142,0.15492857142857142,0.0,0.0,0.0,0.0,0.0,0.0,0.0,0.0,0.0,0.0,0.0
clean,hidden_confounder,anticoagulant,binary,0.2725,0.2725,0.0,0.0,0.0,0.0,0.0,0.0,0.0,0.0,0.0,0.0,0.0
clean,hidden_confounder,antiplatelet,binary,0.29714285714285715,0.29714285714285715,0.0,0.0,0.0,0.0,0.0,0.0,0.0,0.0,0.0,0.0,0.0
clean,hidden_confounder,benzodiazepine,binary,0.1972142857142857,0.1972142857142857,0.0,0.0,0.0,0.0,0.0,0.0,0.0,0.0,0.0,0.0,0.0
clean,hidden_confounder,beta_blocker,binary,0.32785714285714285,0.32785714285714285,0.0,0.0,0.0,0.0,0.0,0.0,0.0,0.0,0.0,0.0,0.0
clean,hidden_confounder,contrast_agent,binary,0.18292857142857144,0.18292857142857144,0.0,0.0,0.0,0.0,0.0,0.0,0.0,0.0,0.0,0.0,0.0
clean,hidden_confounder,corticosteroid,binary,0.17064285714285715,0.17064285714285715,0.0,0.0,0.0,0.0,0.0,0.0,0.0,0.0,0.0,0.0,0.0
clean,hidden_confounder,diuretic,binary,0.44471428571428573,0.44471428571428573,0.0,0.0,0.0,0.0,0.0,0.0,0.0,0.0,0.0,0.0,0.0
clean,hidden_confounder,hepatotoxic_drug_A,binary,0.10692857142857143,0.10692857142857143,0.0,0.0,0.0,0.0,0.0,0.0,0.0,0.0,0.0,0.0,0.0
clean,hidden_confounder,herbal_exposure,binary,0.15214285714285714,0.15214285714285714,0.0,0.0,0.0,0.0,0.0,0.0,0.0,0.0,0.0,0.0,0.0
clean,hidden_confounder,nsaid,binary,0.2615,0.2615,0.0,0.0,0.0,0.0,0.0,0.0,0.0,0.0,0.0,0.0,0.0
clean,hidden_confounder,opioid,binary,0.1707142857142857,0.1707142857142857,0.0,0.0,0.0,0.0,0.0,0.0,0.0,0.0,0.0,0.0,0.0
clean,hidden_confounder,ppi,binary,0.382,0.382,0.0,0.0,0.0,0.0,0.0,0.0,0.0,0.0,0.0,0.0,0.0
clean,hidden_confounder,qt_prolonging_drug,binary,0.1362857142857143,0.1362857142857143,0.0,0.0,0.0,0.0,0.0,0.0,0.0,0.0,0.0,0.0,0.0
clean,hidden_confounder,snri,binary,0.10792857142857143,0.10792857142857143,0.0,0.0,0.0,0.0,0.0,0.0,0.0,0.0,0.0,0.0,0.0
clean,hidden_confounder,ssri,binary,0.25671428571428573,0.25671428571428573,0.0,0.0,0.0,0.0,0.0,0.0,0.0,0.0,0.0,0.0,0.0
clean,hidden_confounder,thiazide,binary,0.19257142857142856,0.19257142857142856,0.0,0.0,0.0,0.0,0.0,0.0,0.0,0.0,0.0,0.0,0.0
clean,hidden_confounder,valproate_like_drug,binary,0.07892857142857143,0.07892857142857143,0.0,0.0,0.0,0.0,0.0,0.0,0.0,0.0,0.0,0.0,0.0
clean,hidden_confounder,anticholinergic_burden,binary,0.0945,0.0945,0.0,0.0,0.0,0.0,0.0,0.0,0.0,0.0,0.0,0.0,0.0
clean,hidden_confounder,cardiac_repolarization_delay,binary,0.17842857142857144,0.17842857142857144,0.0,0.0,0.0,0.0,0.0,0.0,0.0,0.0,0.0,0.0,0.0
clean,hidden_confounder,cholestatic_pattern,binary,0.11064285714285714,0.11064285714285714,0.0,0.0,0.0,0.0,0.0,0.0,0.0,0.0,0.0,0.0,0.0
clean,hidden_confounder,cns_sedation,binary,0.15614285714285714,0.15614285714285714,0.0,0.0,0.0,0.0,0.0,0.0,0.0,0.0,0.0,0.0,0.0
clean,hidden_confounder,coagulation_impairment,binary,0.15121428571428572,0.15121428571428572,0.0,0.0,0.0,0.0,0.0,0.0,0.0,0.0,0.0,0.0,0.0
clean,hidden_confounder,electrolyte_disturbance,binary,0.09028571428571429,0.09028571428571429,0.0,0.0,0.0,0.0,0.0,0.0,0.0,0.0,0.0,0.0,0.0
clean,hidden_confounder,fatigue_pathway,binary,0.09742857142857143,0.09742857142857143,0.0,0.0,0.0,0.0,0.0,0.0,0.0,0.0,0.0,0.0,0.0
clean,hidden_confounder,gastric_mucosal_injury,binary,0.10328571428571429,0.10328571428571429,0.0,0.0,0.0,0.0,0.0,0.0,0.0,0.0,0.0,0.0,0.0
clean,hidden_confounder,gastric_protection,binary,0.11178571428571428,0.11178571428571428,0.0,0.0,0.0,0.0,0.0,0.0,0.0,0.0,0.0,0.0,0.0
clean,hidden_confounder,hepatic_metabolic_stress,binary,0.13785714285714284,0.13785714285714284,0.0,0.0,0.0,0.0,0.0,0.0,0.0,0.0,0.0,0.0,0.0
clean,hidden_confounder,hepatocellular_injury,binary,0.07657142857142857,0.07657142857142857,0.0,0.0,0.0,0.0,0.0,0.0,0.0,0.0,0.0,0.0,0.0
clean,hidden_confounder,monoamine_disruption,binary,0.08242857142857143,0.08242857142857143,0.0,0.0,0.0,0.0,0.0,0.0,0.0,0.0,0.0,0.0,0.0
clean,hidden_confounder,nephrotoxic_stress,binary,0.12228571428571429,0.12228571428571429,0.0,0.0,0.0,0.0,0.0,0.0,0.0,0.0,0.0,0.0,0.0
clean,hidden_confounder,oxidative_hepatic_stress,binary,0.08728571428571429,0.08728571428571429,0.0,0.0,0.0,0.0,0.0,0.0,0.0,0.0,0.0,0.0,0.0
clean,hidden_confounder,platelet_inhibition,binary,0.11242857142857143,0.11242857142857143,0.0,0.0,0.0,0.0,0.0,0.0,0.0,0.0,0.0,0.0,0.0
clean,hidden_confounder,potassium_retention,binary,0.14142857142857143,0.14142857142857143,0.0,0.0,0.0,0.0,0.0,0.0,0.0,0.0,0.0,0.0,0.0
clean,hidden_confounder,psychomotor_impairment,binary,0.10821428571428572,0.10821428571428572,0.0,0.0,0.0,0.0,0.0,0.0,0.0,0.0,0.0,0.0,0.0
clean,hidden_confounder,reduced_renal_perfusion,binary,0.175,0.175,0.0,0.0,0.0,0.0,0.0,0.0,0.0,0.0,0.0,0.0,0.0
clean,hidden_confounder,serotonergic_shift,binary,0.13985714285714285,0.13985714285714285,0.0,0.0,0.0,0.0,0.0,0.0,0.0,0.0,0.0,0.0,0.0
clean,hidden_confounder,sleep_disruption,binary,0.08792857142857143,0.08792857142857143,0.0,0.0,0.0,0.0,0.0,0.0,0.0,0.0,0.0,0.0,0.0
clean,hidden_confounder,sodium_water_imbalance,binary,0.11271428571428571,0.11271428571428571,0.0,0.0,0.0,0.0,0.0,0.0,0.0,0.0,0.0,0.0,0.0
clean,hidden_confounder,tubular_injury,binary,0.10028571428571428,0.10028571428571428,0.0,0.0,0.0,0.0,0.0,0.0,0.0,0.0,0.0,0.0,0.0
clean,hidden_confounder,volume_depletion,binary,0.12114285714285715,0.12114285714285715,0.0,0.0,0.0,0.0,0.0,0.0,0.0,0.0,0.0,0.0,0.0
clean,hidden_confounder,alt_ast_rise,binary,0.05928571428571429,0.05928571428571429,0.0,0.0,0.0,0.0,0.0,0.0,0.0,0.0,0.0,0.0,0.0
clean,hidden_confounder,anhedonia_like_symptom,binary,0.04314285714285714,0.04314285714285714,0.0,0.0,0.0,0.0,0.0,0.0,0.0,0.0,0.0,0.0,0.0
clean,hidden_confounder,bilirubin_rise,binary,0.021642857142857144,0.021642857142857144,0.0,0.0,0.0,0.0,0.0,0.0,0.0,0.0,0.0,0.0,0.0
clean,hidden_confounder,cognitive_slowing,binary,0.06921428571428571,0.06921428571428571,0.0,0.0,0.0,0.0,0.0,0.0,0.0,0.0,0.0,0.0,0.0
clean,hidden_confounder,confusion_state,binary,0.069,0.069,0.0,0.0,0.0,0.0,0.0,0.0,0.0,0.0,0.0,0.0,0.0
clean,hidden_confounder,creatinine_rise,binary,0.14635714285714285,0.14635714285714285,0.0,0.0,0.0,0.0,0.0,0.0,0.0,0.0,0.0,0.0,0.0
clean,hidden_confounder,dehydration,binary,0.11621428571428571,0.11621428571428571,0.0,0.0,0.0,0.0,0.0,0.0,0.0,0.0,0.0,0.0,0.0
clean,hidden_confounder,dizziness,binary,0.14307142857142857,0.14307142857142857,0.0,0.0,0.0,0.0,0.0,0.0,0.0,0.0,0.0,0.0,0.0
clean,hidden_confounder,fatigue_symptom,binary,0.1977142857142857,0.1977142857142857,0.0,0.0,0.0,0.0,0.0,0.0,0.0,0.0,0.0,0.0,0.0
clean,hidden_confounder,gi_irritation,binary,0.09971428571428571,0.09971428571428571,0.0,0.0,0.0,0.0,0.0,0.0,0.0,0.0,0.0,0.0,0.0
clean,hidden_confounder,hyperkalemia_state,binary,0.060714285714285714,0.060714285714285714,0.0,0.0,0.0,0.0,0.0,0.0,0.0,0.0,0.0,0.0,0.0
clean,hidden_confounder,hyponatremia_state,binary,0.06921428571428571,0.06921428571428571,0.0,0.0,0.0,0.0,0.0,0.0,0.0,0.0,0.0,0.0,0.0
clean,hidden_confounder,hypotension,binary,0.10335714285714286,0.10335714285714286,0.0,0.0,0.0,0.0,0.0,0.0,0.0,0.0,0.0,0.0,0.0
clean,hidden_confounder,jaundice,binary,0.011142857142857144,0.011142857142857144,0.0,0.0,0.0,0.0,0.0,0.0,0.0,0.0,0.0,0.0,0.0
clean,hidden_confounder,mood_lowering,binary,0.08978571428571429,0.08978571428571429,0.0,0.0,0.0,0.0,0.0,0.0,0.0,0.0,0.0,0.0,0.0
clean,hidden_confounder,nausea,binary,0.10635714285714286,0.10635714285714286,0.0,0.0,0.0,0.0,0.0,0.0,0.0,0.0,0.0,0.0,0.0
clean,hidden_confounder,occult_bleeding,binary,0.027071428571428573,0.027071428571428573,0.0,0.0,0.0,0.0,0.0,0.0,0.0,0.0,0.0,0.0,0.0
clean,hidden_confounder,overt_bleeding,binary,0.025142857142857144,0.025142857142857144,0.0,0.0,0.0,0.0,0.0,0.0,0.0,0.0,0.0,0.0,0.0
clean,hidden_confounder,qt_prolongation_state,binary,0.048857142857142856,0.048857142857142856,0.0,0.0,0.0,0.0,0.0,0.0,0.0,0.0,0.0,0.0,0.0
clean,hidden_confounder,sedation_state,binary,0.12957142857142856,0.12957142857142856,0.0,0.0,0.0,0.0,0.0,0.0,0.0,0.0,0.0,0.0,0.0
clean,hidden_confounder,sleep_disturbance_symptom,binary,0.11521428571428571,0.11521428571428571,0.0,0.0,0.0,0.0,0.0,0.0,0.0,0.0,0.0,0.0,0.0
clean,hidden_confounder,adr_reported,binary,0.04285714285714286,0.04285714285714286,0.0,0.0,0.0,0.0,0.0,0.0,0.0,0.0,0.0,0.0,0.0
clean,hidden_confounder,creatinine_tested,binary,0.4868571428571429,0.4868571428571429,0.0,0.0,0.0,0.0,0.0,0.0,0.0,0.0,0.0,0.0,0.0
clean,hidden_confounder,ecg_performed,binary,0.243,0.243,0.0,0.0,0.0,0.0,0.0,0.0,0.0,0.0,0.0,0.0,0.0
clean,hidden_confounder,electrolyte_abnormality_recorded,binary,0.10642857142857143,0.10642857142857143,0.0,0.0,0.0,0.0,0.0,0.0,0.0,0.0,0.0,0.0,0.0
clean,hidden_confounder,electrolytes_tested,binary,0.4242142857142857,0.4242142857142857,0.0,0.0,0.0,0.0,0.0,0.0,0.0,0.0,0.0,0.0,0.0
clean,hidden_confounder,elevated_alt_ast_recorded,binary,0.028428571428571428,0.028428571428571428,0.0,0.0,0.0,0.0,0.0,0.0,0.0,0.0,0.0,0.0,0.0
clean,hidden_confounder,elevated_creatinine_recorded,binary,0.09357142857142857,0.09357142857142857,0.0,0.0,0.0,0.0,0.0,0.0,0.0,0.0,0.0,0.0,0.0
clean,hidden_confounder,fall_reported,binary,0.05828571428571429,0.05828571428571429,0.0,0.0,0.0,0.0,0.0,0.0,0.0,0.0,0.0,0.0,0.0
clean,hidden_confounder,hospital_contact,binary,0.27085714285714285,0.27085714285714285,0.0,0.0,0.0,0.0,0.0,0.0,0.0,0.0,0.0,0.0,0.0
clean,hidden_confounder,lft_tested,binary,0.3292857142857143,0.3292857142857143,0.0,0.0,0.0,0.0,0.0,0.0,0.0,0.0,0.0,0.0,0.0
clean,hidden_confounder,mood_screening_done,binary,0.17685714285714285,0.17685714285714285,0.0,0.0,0.0,0.0,0.0,0.0,0.0,0.0,0.0,0.0,0.0
clean,hidden_confounder,qt_recorded,binary,0.018357142857142857,0.018357142857142857,0.0,0.0,0.0,0.0,0.0,0.0,0.0,0.0,0.0,0.0,0.0
clean,hidden_confounder,AKI,binary,0.131,0.131,0.0,0.0,0.0,0.0,0.0,0.0,0.0,0.0,0.0,0.0,0.0
clean,hidden_confounder,DILI,binary,0.018,0.018,0.0,0.0,0.0,0.0,0.0,0.0,0.0,0.0,0.0,0.0,0.0
clean,hidden_confounder,Delirium,binary,0.03692857142857143,0.03692857142857143,0.0,0.0,0.0,0.0,0.0,0.0,0.0,0.0,0.0,0.0,0.0
clean,hidden_confounder,Depression,binary,0.08464285714285714,0.08464285714285714,0.0,0.0,0.0,0.0,0.0,0.0,0.0,0.0,0.0,0.0,0.0
clean,hidden_confounder,Falls,binary,0.07785714285714286,0.07785714285714286,0.0,0.0,0.0,0.0,0.0,0.0,0.0,0.0,0.0,0.0,0.0
clean,hidden_confounder,GI_bleeding,binary,0.021214285714285713,0.021214285714285713,0.0,0.0,0.0,0.0,0.0,0.0,0.0,0.0,0.0,0.0,0.0
clean,hidden_confounder,Hospitalization,binary,0.225,0.225,0.0,0.0,0.0,0.0,0.0,0.0,0.0,0.0,0.0,0.0,0.0
clean,hidden_confounder,Hyperkalemia,binary,0.048357142857142855,0.048357142857142855,0.0,0.0,0.0,0.0,0.0,0.0,0.0,0.0,0.0,0.0,0.0
clean,hidden_confounder,Hyponatremia,binary,0.07871428571428571,0.07871428571428571,0.0,0.0,0.0,0.0,0.0,0.0,0.0,0.0,0.0,0.0,0.0
clean,hidden_confounder,QT_arrhythmia,binary,0.015928571428571427,0.015928571428571427,0.0,0.0,0.0,0.0,0.0,0.0,0.0,0.0,0.0,0.0,0.0
clean,hidden_confounder,active_drug_count,count,5.868714285714286,5.868714285714286,0.0,0.0,0.0,0.0,0.0,0.0,0.0,0.0,,,0.0
clean,hidden_confounder,ddi_renal_double_hit,binary,0.14135714285714285,0.14135714285714285,0.0,0.0,0.0,0.0,0.0,0.0,0.0,0.0,0.0,0.0,0.0
clean,hidden_confounder,ddi_renal_triple_whammy,binary,0.06814285714285714,0.06814285714285714,0.0,0.0,0.0,0.0,0.0,0.0,0.0,0.0,0.0,0.0,0.0
clean,hidden_confounder,ddi_cns_depression_synergy,binary,0.033357142857142856,0.033357142857142856,0.0,0.0,0.0,0.0,0.0,0.0,0.0,0.0,0.0,0.0,0.0
clean,hidden_confounder,ddi_bleeding_dual,binary,0.08407142857142857,0.08407142857142857,0.0,0.0,0.0,0.0,0.0,0.0,0.0,0.0,0.0,0.0,0.0
clean,hidden_confounder,ddi_bleeding_triple,binary,0.0245,0.0245,0.0,0.0,0.0,0.0,0.0,0.0,0.0,0.0,0.0,0.0,0.0
clean,hidden_confounder,ddi_serotonergic_synergy,binary,0.027428571428571427,0.027428571428571427,0.0,0.0,0.0,0.0,0.0,0.0,0.0,0.0,0.0,0.0,0.0
clean,hidden_confounder,ddi_qt_multidrug_load,count,0.702,0.702,0.0,0.0,0.0,0.0,0.0,0.0,0.0,0.0,,,0.0
clean,hidden_confounder,ddi_hepatic_triple_hit,binary,0.0015,0.0015,0.0,0.0,0.0,0.0,0.0,0.0,0.0,0.0,0.0,0.0,0.0
clean,hidden_confounder,cumulative_adr_burden,continuous,1.8654971428571427,1.8654971428571427,0.0,0.0,0.0,0.0,0.0,0.0,0.0,0.0,,,0.0
clean,hidden_confounder,severe_adr_burden,binary,0.10335714285714286,0.10335714285714286,0.0,0.0,0.0,0.0,0.0,0.0,0.0,0.0,0.0,0.0,0.0
clean,hidden_confounder,statin,binary,0.3097857142857143,0.3097857142857143,0.0,0.0,0.0,0.0,0.0,0.0,0.0,0.0,0.0,0.0,0.0
clean,hidden_confounder,macrolide,binary,0.12271428571428572,0.12271428571428572,0.0,0.0,0.0,0.0,0.0,0.0,0.0,0.0,0.0,0.0,0.0
clean,hidden_confounder,azole_antifungal,binary,0.07835714285714286,0.07835714285714286,0.0,0.0,0.0,0.0,0.0,0.0,0.0,0.0,0.0,0.0,0.0
clean,hidden_confounder,metformin,binary,0.29328571428571426,0.29328571428571426,0.0,0.0,0.0,0.0,0.0,0.0,0.0,0.0,0.0,0.0,0.0
clean,hidden_confounder,digoxin,binary,0.09071428571428572,0.09071428571428572,0.0,0.0,0.0,0.0,0.0,0.0,0.0,0.0,0.0,0.0,0.0
clean,hidden_confounder,triptan,binary,0.08885714285714286,0.08885714285714286,0.0,0.0,0.0,0.0,0.0,0.0,0.0,0.0,0.0,0.0,0.0
clean,hidden_confounder,lithium,binary,0.052571428571428575,0.052571428571428575,0.0,0.0,0.0,0.0,0.0,0.0,0.0,0.0,0.0,0.0,0.0
clean,hidden_confounder,potassium_supplement,binary,0.13014285714285714,0.13014285714285714,0.0,0.0,0.0,0.0,0.0,0.0,0.0,0.0,0.0,0.0,0.0
clean,hidden_confounder,hypertension,binary,0.5300714285714285,0.5300714285714285,0.0,0.0,0.0,0.0,0.0,0.0,0.0,0.0,0.0,0.0,0.0
clean,hidden_confounder,atrial_fibrillation,binary,0.13657142857142857,0.13657142857142857,0.0,0.0,0.0,0.0,0.0,0.0,0.0,0.0,0.0,0.0,0.0
clean,hidden_confounder,epilepsy,binary,0.032857142857142856,0.032857142857142856,0.0,0.0,0.0,0.0,0.0,0.0,0.0,0.0,0.0,0.0,0.0
clean,hidden_confounder,hypothyroidism,binary,0.15,0.15,0.0,0.0,0.0,0.0,0.0,0.0,0.0,0.0,0.0,0.0,0.0
clean,hidden_confounder,obesity,binary,0.33685714285714285,0.33685714285714285,0.0,0.0,0.0,0.0,0.0,0.0,0.0,0.0,0.0,0.0,0.0
clean,hidden_confounder,nephrotoxin_load,count,1.0979285714285714,1.0979285714285714,0.0,0.0,0.0,0.0,0.0,0.0,0.0,0.0,,,0.0
clean,hidden_confounder,hepatic_drug_load,count,0.9044285714285715,0.9044285714285715,0.0,0.0,0.0,0.0,0.0,0.0,0.0,0.0,,,0.0
clean,hidden_confounder,qt_drug_load_v3,count,0.7927142857142857,0.7927142857142857,0.0,0.0,0.0,0.0,0.0,0.0,0.0,0.0,,,0.0
clean,hidden_confounder,cns_depressant_load,count,0.6017857142857143,0.6017857142857143,0.0,0.0,0.0,0.0,0.0,0.0,0.0,0.0,,,0.0
clean,hidden_confounder,bleeding_risk_load,count,1.2585,1.2585,0.0,0.0,0.0,0.0,0.0,0.0,0.0,0.0,,,0.0
clean,hidden_confounder,serotonergic_load,count,0.6242142857142857,0.6242142857142857,0.0,0.0,0.0,0.0,0.0,0.0,0.0,0.0,,,0.0
clean,hidden_confounder,cyp_inhibitor_load,count,0.20107142857142857,0.20107142857142857,0.0,0.0,0.0,0.0,0.0,0.0,0.0,0.0,,,0.0
clean,hidden_confounder,ddi_statin_cyp_inhibitor,binary,0.05821428571428571,0.05821428571428571,0.0,0.0,0.0,0.0,0.0,0.0,0.0,0.0,0.0,0.0,0.0
clean,hidden_confounder,ddi_metformin_renal_risk,binary,0.030642857142857142,0.030642857142857142,0.0,0.0,0.0,0.0,0.0,0.0,0.0,0.0,0.0,0.0,0.0
clean,hidden_confounder,ddi_lithium_renal_risk,binary,0.005071428571428571,0.005071428571428571,0.0,0.0,0.0,0.0,0.0,0.0,0.0,0.0,0.0,0.0,0.0
clean,hidden_confounder,ddi_digoxin_electrolyte_risk,binary,0.008142857142857143,0.008142857142857143,0.0,0.0,0.0,0.0,0.0,0.0,0.0,0.0,0.0,0.0,0.0
clean,hidden_confounder,ddi_serotonergic_high_load,binary,0.11492857142857144,0.11492857142857144,0.0,0.0,0.0,0.0,0.0,0.0,0.0,0.0,0.0,0.0,0.0
clean,hidden_confounder,drug_disease_nsaid_ckd,binary,0.025214285714285713,0.025214285714285713,0.0,0.0,0.0,0.0,0.0,0.0,0.0,0.0,0.0,0.0,0.0
clean,hidden_confounder,drug_disease_nsaid_heart_failure,binary,0.023,0.023,0.0,0.0,0.0,0.0,0.0,0.0,0.0,0.0,0.0,0.0,0.0
clean,hidden_confounder,drug_disease_qt_baseline_risk,binary,0.040785714285714286,0.040785714285714286,0.0,0.0,0.0,0.0,0.0,0.0,0.0,0.0,0.0,0.0,0.0
clean,hidden_confounder,drug_disease_hepatic_liver_disease,binary,0.039857142857142855,0.039857142857142855,0.0,0.0,0.0,0.0,0.0,0.0,0.0,0.0,0.0,0.0,0.0
clean,hidden_confounder,drug_disease_anticoagulant_frailty,binary,0.012142857142857143,0.012142857142857143,0.0,0.0,0.0,0.0,0.0,0.0,0.0,0.0,0.0,0.0,0.0
clean,hidden_confounder,muscle_injury,binary,0.031,0.031,0.0,0.0,0.0,0.0,0.0,0.0,0.0,0.0,0.0,0.0,0.0
clean,hidden_confounder,lactate_accumulation,binary,0.014857142857142857,0.014857142857142857,0.0,0.0,0.0,0.0,0.0,0.0,0.0,0.0,0.0,0.0,0.0
clean,hidden_confounder,serotonin_toxicity,binary,0.015642857142857142,0.015642857142857142,0.0,0.0,0.0,0.0,0.0,0.0,0.0,0.0,0.0,0.0,0.0
clean,hidden_confounder,digoxin_toxicity,binary,0.010285714285714285,0.010285714285714285,0.0,0.0,0.0,0.0,0.0,0.0,0.0,0.0,0.0,0.0,0.0
clean,hidden_confounder,lithium_toxicity,binary,0.006857142857142857,0.006857142857142857,0.0,0.0,0.0,0.0,0.0,0.0,0.0,0.0,0.0,0.0,0.0
clean,hidden_confounder,Serotonin_syndrome,binary,0.0025,0.0025,0.0,0.0,0.0,0.0,0.0,0.0,0.0,0.0,0.0,0.0,0.0
clean,hidden_confounder,Rhabdomyolysis,binary,0.003357142857142857,0.003357142857142857,0.0,0.0,0.0,0.0,0.0,0.0,0.0,0.0,0.0,0.0,0.0
clean,hidden_confounder,Lactic_acidosis,binary,0.0055,0.0055,0.0,0.0,0.0,0.0,0.0,0.0,0.0,0.0,0.0,0.0,0.0
clean,selection_bias,age,continuous,65.81977857142859,65.88458494012583,0.06480636869724776,0.0,0.0,0.0,0.005391315941048057,0.0891576024239613,0.007438010058340138,0.0054948969236569,,,0.005391315941048057
clean,selection_bias,alcohol_use,binary,0.129,0.12867870915364318,-0.0003212908463568198,0.0,0.0,0.0,-0.0009590141348272931,0.00032129084635679206,0.0009585050821803039,0.00032129084635679206,-0.0003212908463568198,1.1496351343680711e-07,0.0003212908463568198
clean,selection_bias,baseline_alt_ast,continuous,24.89476428571429,24.84640755023341,-0.04835673548088337,0.0,0.0,0.0,-0.004833883408034718,0.05324502740004069,0.005318331459955955,0.003912783786134744,,,0.004833883408034718
clean,selection_bias,baseline_egfr,continuous,74.49969285714286,74.23273797442663,-0.26695488271623447,0.0,0.0,0.0,-0.013315966646499169,0.30684457218243505,0.015377662070747004,0.009783307721302426,,,0.013315966646499169
clean,selection_bias,baseline_mood_vulnerability,binary,0.11507142857142857,0.1167038765983357,0.001632448026907124,0.0,0.0,0.0,0.005099979899031971,0.0016324480269070962,0.005115657996047564,0.0016324480269070962,0.001632448026907124,3.251227049856631e-06,0.001632448026907124
clean,selection_bias,baseline_potassium,continuous,4.269931428571429,4.2703460523645225,0.0004146237930937602,0.0,0.0,0.0,0.0011488847400076792,0.0016227049204094028,0.004504954121327205,0.0025397952970512283,,,0.0011488847400076792
clean,selection_bias,baseline_qt_risk,binary,0.06907142857142858,0.06931195453622895,0.00024052596480036992,0.0,0.0,0.0,0.0009477742702859375,0.00024052596480039767,0.0009485376336191452,0.00024052596480039767,0.00024052596480036992,1.1228453585718473e-07,0.00024052596480036992
clean,selection_bias,baseline_sodium,continuous,138.95499285714286,138.95451593261618,-0.0004769245266800226,0.0,0.0,0.0,-0.00018949419550905628,0.017887293049957967,0.007117680920621602,0.005281350575545796,,,0.00018949419550905628
clean,selection_bias,ckd,binary,0.09121428571428572,0.09955348081997159,0.00833919510568587,0.0,0.0,0.0,0.028392146782641972,0.008339195105685926,0.02896422805146747,0.008339195105685926,0.00833919510568587,0.00010077302819508057,0.00833919510568587
clean,selection_bias,depression_history,binary,0.12007142857142857,0.12005277044854881,-1.865812287975277e-05,0.0,0.0,0.0,-5.7403578966369454e-05,1.865812287982216e-05,5.740165317302374e-05,1.865812287982216e-05,-1.865812287975277e-05,4.118963531297138e-10,1.865812287975277e-05
clean,selection_bias,diabetes,binary,0.17085714285714285,0.1749543332656789,0.004097190408536067,0.0,0.0,0.0,0.010834535898834952,0.004097190408536067,0.0108856632616626,0.004097190408536067,0.004097190408536067,1.4673251956008127e-05,0.004097190408536067
clean,selection_bias,frailty,binary,0.03578571428571429,0.04343413842094581,0.007648424135231521,0.0,0.0,0.0,0.03922198879964765,0.00764842413523148,0.041174689929155024,0.00764842413523148,0.007648424135231521,0.00019250951571146333,0.007648424135231521
clean,selection_bias,heart_failure,binary,0.08185714285714285,0.08727420336919017,0.0054170605120473225,0.0,0.0,0.0,0.019470343522771993,0.005417060512047378,0.019759696331751127,0.005417060512047378,0.0054170605120473225,4.738971893871076e-05,0.0054170605120473225
clean,selection_bias,infection,binary,0.08292857142857143,0.08534605236452202,0.0024174809359505806,0.0,0.0,0.0,0.008708787140454232,0.002417480935950511,0.008766159822446322,0.002417480935950511,0.0024174809359505806,9.48049085243961e-06,0.0024174809359505806
clean,selection_bias,liver_disease,binary,0.06092857142857143,0.061802313781205605,0.0008737423526341756,0.0,0.0,0.0,0.003640607856374515,0.0008737423526341548,0.0036527805046471322,0.0008737423526341548,0.0008737423526341756,1.6567608457550233e-06,0.0008737423526341756
clean,selection_bias,monitoring_intensity,continuous,0.38979985714285714,0.4373249441851025,0.04752508704224534,0.0,0.0,0.0,0.24551837731541315,0.047525087042245354,0.24369445593338113,0.10803306851459887,,,0.24551837731541315
clean,selection_bias,polypharmacy_burden,count,4.926785714285714,4.944793992287396,0.018008278001682143,0.0,0.0,0.0,0.007973559589270414,0.01925122502826982,0.00853703236025908,0.0039973179854446705,,,0.007973559589270414
clean,selection_bias,sex_female,binary,0.5417142857142857,0.540288207834382,-0.0014260778799036755,0.0,0.0,0.0,-0.002861796855941161,0.001426077879903731,0.002862133845880682,0.001426077879903731,-0.0014260778799036755,1.0237334183156696e-06,0.0014260778799036755
clean,selection_bias,acei_arb,binary,0.5342857142857143,0.5403896894662066,0.006103975180492327,0.0,0.0,0.0,0.012242361036139982,0.006103975180492327,0.012236753115113515,0.006103975180492327,0.006103975180492327,1.8733843146406803e-05,0.006103975180492327
clean,selection_bias,aminoglycoside,binary,0.06664285714285714,0.06687639537243759,0.00023353822958044335,0.0,0.0,0.0,0.0009356303979430432,0.00023353822958049886,0.0009363910451405299,0.00023353822958049886,0.00023353822958044335,1.0942555828770737e-07,0.00023353822958044335
clean,selection_bias,antibiotic_hepatic_risk,binary,0.2077142857142857,0.21158920235437387,0.003874916640088155,0.0,0.0,0.0,0.009519382859388201,0.0038749166400880997,0.00955186703318062,0.0038749166400880997,0.003874916640088155,1.1327204449068564e-05,0.003874916640088155
clean,selection_bias,anticholinergic,binary,0.15492857142857142,0.15739801096001624,0.0024694395314448225,0.0,0.0,0.0,0.00680271418601507,0.0024694395314448503,0.006824737136991217,0.0024694395314448503,0.0024694395314448225,5.7845992954242646e-06,0.0024694395314448225
clean,selection_bias,anticoagulant,binary,0.2725,0.2729855896082809,0.0004855896082808786,0.0,0.0,0.0,0.0010903069719282177,0.0004855896082809341,0.0010906103931196788,0.0004855896082809341,0.0004855896082808786,1.485961324684614e-07,0.0004855896082808786
clean,selection_bias,antiplatelet,binary,0.29714285714285715,0.30170489141465395,0.0045620342717968,0.0,0.0,0.0,0.009960773168965388,0.0045620342717968,0.009982570010266263,0.0045620342717968,0.0045620342717968,1.2401908248248737e-05,0.0045620342717968
clean,selection_bias,benzodiazepine,binary,0.1972142857142857,0.19829510858534605,0.001080822871060344,0.0,0.0,0.0,0.00271355063813563,0.0010808228710603718,0.0027163487183518944,0.0010808228710603718,0.001080822871060344,9.204188717088684e-07,0.001080822871060344
clean,selection_bias,beta_blocker,binary,0.32785714285714285,0.33235234422569515,0.004495201368552304,0.0,0.0,0.0,0.00955927109561969,0.004495201368552304,0.009575821292325423,0.004495201368552304,0.004495201368552304,1.1422263241959345e-05,0.004495201368552304
clean,selection_bias,contrast_agent,binary,0.18292857142857144,0.18571138623909073,0.002782814810519285,0.0,0.0,0.0,0.007176967570174796,0.0027828148105192296,0.00719802784764455,0.0027828148105192296,0.002782814810519285,6.438575483492669e-06,0.002782814810519285
clean,selection_bias,corticosteroid,binary,0.17064285714285715,0.17180840267911507,0.001165545536257917,0.0,0.0,0.0,0.0030940492535757582,0.001165545536258028,0.0030982352710693193,0.001165545536258028,0.001165545536257917,1.1966416656763968e-06,0.001165545536257917
clean,selection_bias,diuretic,binary,0.44471428571428573,0.4487517759285569,0.004037490214271189,0.0,0.0,0.0,0.008121264576978614,0.004037490214271244,0.008124800241292278,0.004037490214271244,0.004037490214271189,8.244255050596878e-06,0.004037490214271189
clean,selection_bias,hepatotoxic_drug_A,binary,0.10692857142857143,0.11061497868885732,0.0036864072602858927,0.0,0.0,0.0,0.01184018120836169,0.0036864072602857956,0.011929255288058879,0.0036864072602857956,0.0036864072602858927,1.752387110202588e-05,0.0036864072602858927
clean,selection_bias,herbal_exposure,binary,0.15214285714285714,0.15354170895067992,0.0013988518078227874,0.0,0.0,0.0,0.0038874841836484346,0.001398851807822843,0.0038947948128176335,0.001398851807822843,0.0013988518078227874,1.8890651409510456e-06,0.0013988518078227874
clean,selection_bias,nsaid,binary,0.2615,0.26953521412624315,0.00803521412624314,0.0,0.0,0.0,0.018196089767061194,0.008035214126243195,0.01828463764365971,0.008035214126243195,0.00803521412624314,4.138499960295618e-05,0.00803521412624314
clean,selection_bias,opioid,binary,0.1707142857142857,0.17201136594276437,0.0012970802284786587,0.0,0.0,0.0,0.0034421276241156855,0.001297080228478631,0.0034473058370474087,0.001297080228478631,0.0012970802284786587,1.4810288912987042e-06,0.0012970802284786587
clean,selection_bias,ppi,binary,0.382,0.38410797645626144,0.002107976456261429,0.0,0.0,0.0,0.004336238908401991,0.0021079764562613734,0.004338502349553826,0.0021079764562613734,0.002107976456261429,2.350362203079842e-06,0.002107976456261429
clean,selection_bias,qt_prolonging_drug,binary,0.1362857142857143,0.1381165009133347,0.001830786627620401,0.0,0.0,0.0,0.005321152070370021,0.0018307866276204843,0.005336143656033164,0.0018307866276204843,0.001830786627620401,3.539330113067735e-06,0.001830786627620401
clean,selection_bias,snri,binary,0.10792857142857143,0.10554089709762533,-0.0023876743309460963,0.0,0.0,0.0,-0.00773277237926658,0.002387674330945999,0.0076949723068449665,0.002387674330945999,-0.0023876743309460963,7.47449880803973e-06,0.0023876743309460963
clean,selection_bias,ssri,binary,0.25671428571428573,0.25685001014816317,0.0001357244338774377,0.0,0.0,0.0,0.00031068305285056964,0.00013572443387754873,0.00031070992586930906,0.00013572443387754873,0.0001357244338774377,1.2065494733611677e-08,0.0001357244338774377
clean,selection_bias,thiazide,binary,0.19257142857142856,0.19565658615790543,0.003085157586476872,0.0,0.0,0.0,0.007800373783439303,0.003085157586476761,0.007824009508006779,0.003085157586476761,0.003085157586476872,7.605678617454703e-06,0.003085157586476872
clean,selection_bias,valproate_like_drug,binary,0.07892857142857143,0.07956159935051756,0.0006330279219461249,0.0,0.0,0.0,0.002343500081820461,0.0006330279219460833,0.002347789143070092,0.0006330279219460833,0.0006330279219461249,6.864998183335176e-07,0.0006330279219461249
clean,selection_bias,anticholinergic_burden,binary,0.0945,0.09458088086056424,8.088086056423638e-05,0.0,0.0,0.0,0.00027644098253821233,8.088086056423638e-05,0.00027649394935493125,8.088086056423638e-05,8.088086056423638e-05,9.552452139898268e-09,8.088086056423638e-05
clean,selection_bias,cardiac_repolarization_delay,binary,0.17842857142857144,0.17881063527501523,0.000382063846443792,0.0,0.0,0.0,0.0009974686859458436,0.000382063846443792,0.0009978863469808988,0.000382063846443792,0.000382063846443792,1.2436796122533296e-07,0.000382063846443792
clean,selection_bias,cholestatic_pattern,binary,0.11064285714285714,0.11294905622082403,0.0023061990779668917,0.0,0.0,0.0,0.0073186382410572945,0.0023061990779669195,0.0073518562103134415,0.0023061990779669195,0.0023061990779668917,6.6953242151646195e-06,0.0023061990779668917
clean,selection_bias,cns_sedation,binary,0.15614285714285714,0.1572965293281916,0.0011536721853344645,0.0,0.0,0.0,0.0031734758899715117,0.0011536721853344645,0.0031782415109394787,0.0011536721853344645,0.0011536721853344645,1.258867895886581e-06,0.0011536721853344645
clean,selection_bias,coagulation_impairment,binary,0.15121428571428572,0.15222244773695962,0.0010081620226738974,0.0,0.0,0.0,0.0028102286106258556,0.001008162022673842,0.002814069970149092,0.001008162022673842,0.0010081620226738974,9.87172705956994e-07,0.0010081620226738974
clean,selection_bias,electrolyte_disturbance,binary,0.09028571428571429,0.09113050537852649,0.0008447910928121999,0.0,0.0,0.0,0.002941542167239975,0.0008447910928122138,0.002947727273216309,0.0008447910928122138,0.0008447910928121999,1.0815850084080884e-06,0.0008447910928121999
clean,selection_bias,fatigue_pathway,binary,0.09742857142857143,0.09914755429267302,0.0017189828641015897,0.0,0.0,0.0,0.005774163272143685,0.0017189828641016591,0.005796790290946683,0.0017189828641016591,0.0017189828641015897,4.167633406516218e-06,0.0017189828641015897
clean,selection_bias,gastric_mucosal_injury,binary,0.10328571428571429,0.10361274609295718,0.00032703180724288905,0.0,0.0,0.0,0.001073838527000666,0.0003270318072428058,0.0010745900659353436,0.0003270318072428058,0.00032703180724288905,1.4414116000046782e-07,0.00032703180724288905
clean,selection_bias,gastric_protection,binary,0.11178571428571428,0.11426831743454435,0.002482603148830073,0.0,0.0,0.0,0.007840871068572985,0.002482603148830087,0.007878712840790983,0.002482603148830087,0.002482603148830073,7.684926584788161e-06,0.002482603148830073
clean,selection_bias,hepatic_metabolic_stress,binary,0.13785714285714284,0.13852242744063326,0.0006652845834904109,0.0,0.0,0.0,0.0019278084165035426,0.0006652845834903554,0.0019297595812015115,0.0006652845834903554,0.0006652845834904109,4.6455561789323437e-07,0.0006652845834904109
clean,selection_bias,hepatocellular_injury,binary,0.07657142857142857,0.07661863202760301,4.7203456174441105e-05,0.0,0.0,0.0,0.00017749143475227305,4.7203456174371716e-05,0.00017751651757484405,4.7203456174371716e-05,4.7203456174441105e-05,3.93790121136969e-09,4.7203456174441105e-05
clean,selection_bias,monoamine_disruption,binary,0.08242857142857143,0.08199715851430892,-0.00043141291426251893,0.0,0.0,0.0,-0.001570552292571133,0.00043141291426251893,0.0015686798352799545,0.00043141291426251893,-0.00043141291426251893,3.0832944784680834e-07,0.00043141291426251893
clean,selection_bias,nephrotoxic_stress,binary,0.12228571428571429,0.12685203978079967,0.004566325495085385,0.0,0.0,0.0,0.013828067149021081,0.004566325495085399,0.01393806288569691,0.004566325495085399,0.004566325495085385,2.3901962604642047e-05,0.004566325495085385
clean,selection_bias,oxidative_hepatic_stress,binary,0.08728571428571429,0.08544753399634666,-0.001838180289367622,0.0,0.0,0.0,-0.0065438220249326605,0.0018381802893676635,0.006512520385234787,0.0018381802893676635,-0.001838180289367622,5.352735919189925e-06,0.001838180289367622
clean,selection_bias,platelet_inhibition,binary,0.11242857142857143,0.11173127663892836,-0.0006972947896430742,0.0,0.0,0.0,-0.0022103743568161137,0.0006972947896430881,0.002207376512216504,0.0006972947896430881,-0.0006972947896430742,6.107194800145294e-07,0.0006972947896430742
clean,selection_bias,potassium_retention,binary,0.14142857142857143,0.14237872944996954,0.000950158021398112,0.0,0.0,0.0,0.0027228983609269915,0.0009501580213980843,0.0027267105959531955,0.0009501580213980843,0.000950158021398112,9.267717100386156e-07,0.000950158021398112
clean,selection_bias,psychomotor_impairment,binary,0.10821428571428572,0.10960016237061092,0.0013858766563251967,0.0,0.0,0.0,0.004448727949061259,0.001385876656325169,0.0044612034100878694,0.001385876656325169,0.0013858766563251967,2.473900206790907e-06,0.0013858766563251967
clean,selection_bias,reduced_renal_perfusion,binary,0.175,0.1803328597523848,0.0053328597523848165,0.0,0.0,0.0,0.013952243022185276,0.005332859752384733,0.014035056452257078,0.005332859752384733,0.0053328597523848165,2.4332710310440847e-05,0.0053328597523848165
clean,selection_bias,serotonergic_shift,binary,0.13985714285714285,0.13984168865435356,-1.5454202789283444e-05,0.0,0.0,0.0,-4.455834321091596e-05,1.545420278936671e-05,4.45573123989474e-05,1.545420278936671e-05,-1.5454202789283444e-05,2.481806881883105e-10,1.5454202789283444e-05
clean,selection_bias,sleep_disruption,binary,0.08792857142857143,0.0885934645829105,0.000664893154339069,0.0,0.0,0.0,0.002343864124666169,0.0006648931543390413,0.002347861245341918,0.0006648931543390413,0.000664893154339069,6.867129179858624e-07,0.000664893154339069
clean,selection_bias,sodium_water_imbalance,binary,0.11271428571428571,0.11264461132535011,-6.967438893559774e-05,0.0,0.0,0.0,-0.00022034872633598302,6.967438893568101e-05,0.00022031899522741678,6.967438893568101e-05,-6.967438893559774e-05,6.069195162040783e-09,6.967438893559774e-05
clean,selection_bias,tubular_injury,binary,0.10028571428571428,0.10472904404302821,0.00444332975731393,0.0,0.0,0.0,0.014649647919498588,0.004443329757313874,0.014792333886216024,0.004443329757313874,0.00444332975731393,2.682697174570276e-05,0.00444332975731393
clean,selection_bias,volume_depletion,binary,0.12114285714285715,0.11883499086665314,-0.0023078662762040097,0.0,0.0,0.0,-0.0071022953875852605,0.0023078662762039404,0.007072982630212695,0.0023078662762039404,-0.0023078662762040097,6.305331208180417e-06,0.0023078662762040097
clean,selection_bias,alt_ast_rise,binary,0.05928571428571429,0.06352750152222447,0.004241787236510183,0.0,0.0,0.0,0.01766930750152047,0.004241787236510253,0.017961598447087376,0.004241787236510253,0.004241787236510183,3.902979518546944e-05,0.004241787236510183
clean,selection_bias,anhedonia_like_symptom,binary,0.04314285714285714,0.04312969352547189,-1.3163617385250626e-05,0.0,0.0,0.0,-6.479311867339735e-05,1.3163617385236748e-05,6.47883989055922e-05,1.3163617385236748e-05,-1.3163617385250626e-05,5.247685853369221e-10,1.3163617385250626e-05
clean,selection_bias,bilirubin_rise,binary,0.021642857142857144,0.022224477369596103,0.0005816202267389589,0.0,0.0,0.0,0.003971006309969535,0.0005816202267389103,0.003996993987028491,0.0005816202267389103,0.0005816202267389589,1.971160106937743e-06,0.0005816202267389589
clean,selection_bias,cognitive_slowing,binary,0.06921428571428571,0.06799269332250862,-0.0012215923917770904,0.0,0.0,0.0,-0.00483267044770553,0.0012215923917769933,0.004812864047092938,0.0012215923917769933,-0.0012215923917770904,2.9193568499404294e-06,0.0012215923917770904
clean,selection_bias,confusion_state,binary,0.069,0.07134158717272174,0.002341587172721732,0.0,0.0,0.0,0.009167166230561852,0.002341587172721815,0.009238701693579246,0.002341587172721815,0.002341587172721732,1.0504849823566491e-05,0.002341587172721732
clean,selection_bias,creatinine_rise,binary,0.14635714285714285,0.1662269129287599,0.019869770071617054,0.0,0.0,0.0,0.05473825513889901,0.019869770071617054,0.05621442527228982,0.019869770071617054,0.019869770071617054,0.00037446857311258276,0.019869770071617054
clean,selection_bias,dehydration,binary,0.11621428571428571,0.11568906028008931,-0.0005252254341964052,0.0,0.0,0.0,-0.0016404741146213554,0.0005252254341964191,0.0016388624380010868,0.0005252254341964191,-0.0005252254341964052,3.363944434971026e-07,0.0005252254341964052
clean,selection_bias,dizziness,binary,0.14307142857142857,0.14613354982748122,0.0030621212560526523,0.0,0.0,0.0,0.008706720916981622,0.0030621212560527633,0.00874527792284568,0.0030621212560527633,0.0030621212560526523,9.475846245396457e-06,0.0030621212560526523
clean,selection_bias,fatigue_symptom,binary,0.1977142857142857,0.19778770042622285,7.3414711937142e-05,0.0,0.0,0.0,0.00018431860305520437,7.341471193711424e-05,0.0001843314945968919,7.341471193711424e-05,7.3414711937142e-05,4.246668390861009e-09,7.3414711937142e-05
clean,selection_bias,gi_irritation,binary,0.09971428571428571,0.09975644408362086,4.215836933514627e-05,0.0,0.0,0.0,0.00014069352790097681,4.2158369335076884e-05,0.00014070675050499416,4.2158369335076884e-05,4.215836933514627e-05,2.474333592443156e-09,4.215836933514627e-05
clean,selection_bias,hyperkalemia_state,binary,0.060714285714285714,0.06109194235843313,0.000377656644147413,0.0,0.0,0.0,0.0015791461116701684,0.00037765664414735056,0.0015814403885540701,0.00037765664414735056,0.000377656644147413,3.117130800427175e-07,0.000377656644147413
clean,selection_bias,hyponatremia_state,binary,0.06921428571428571,0.07195047696366957,0.0027361912493838597,0.0,0.0,0.0,0.01068314299335828,0.002736191249383957,0.010780123205395988,0.002736191249383957,0.0027361912493838597,1.4266616703209525e-05,0.0027361912493838597
clean,selection_bias,hypotension,binary,0.10335714285714286,0.10726608483864421,0.0039089419815013515,0.0,0.0,0.0,0.012734854703878386,0.003908941981501379,0.012840420022847255,0.003908941981501379,0.0039089419815013515,2.027228663716203e-05,0.0039089419815013515
clean,selection_bias,jaundice,binary,0.011142857142857144,0.01116297950071037,2.0122357853227107e-05,0.0,0.0,0.0,0.00019161082520355955,2.012235785320282e-05,0.0001916963348138139,2.012235785320282e-05,2.0122357853227107e-05,4.589339170195496e-09,2.0122357853227107e-05
clean,selection_bias,mood_lowering,binary,0.08978571428571429,0.08808605642378729,-0.0016996578619269953,0.0,0.0,0.0,-0.005971046539423619,0.0016996578619269398,0.005945468229816464,0.0016996578619269398,-0.0016996578619269953,4.456696722603235e-06,0.0016996578619269953
clean,selection_bias,nausea,binary,0.10635714285714286,0.10716460320681957,0.0008074603496767141,0.0,0.0,0.0,0.002614758895617691,0.0008074603496767141,0.002619122914944551,0.0008074603496767141,0.0008074603496767141,8.5462087221657e-07,0.0008074603496767141
clean,selection_bias,occult_bleeding,binary,0.027071428571428573,0.02719707732900345,0.00012564875757487687,0.0,0.0,0.0,0.0007733442129839024,0.00012564875757492544,0.0007742159832503769,0.00012564875757492544,0.00012564875757487687,7.47577127178253e-08,0.00012564875757487687
clean,selection_bias,overt_bleeding,binary,0.025142857142857144,0.025471889587984575,0.0003290324451274314,0.0,0.0,0.0,0.0020949882260442414,0.0003290324451273863,0.002101652563507499,0.0003290324451273863,0.0003290324451274314,5.486251228434318e-07,0.0003290324451274314
clean,selection_bias,qt_prolongation_state,binary,0.048857142857142856,0.049218591434950276,0.0003614485778074203,0.0,0.0,0.0,0.0016737834684532622,0.0003614485778073995,0.0016767163986195126,0.0003614485778073995,0.0003614485778074203,3.5019439605622695e-07,0.0003614485778074203
clean,selection_bias,sedation_state,binary,0.12957142857142856,0.12776537446722144,-0.0018060541042071165,0.0,0.0,0.0,-0.005393921865131683,0.0018060541042070888,0.005377860886856126,0.0018060541042070888,-0.0018060541042071165,3.6367987816714534e-06,0.0018060541042071165
clean,selection_bias,sleep_disturbance_symptom,binary,0.11521428571428571,0.11579054191191394,0.0005762561976282304,0.0,0.0,0.0,0.0018029012070899574,0.0005762561976282443,0.0018048594696996486,0.0005762561976282443,0.0005762561976282304,4.0630663864592146e-07,0.0005762561976282304
clean,selection_bias,adr_reported,binary,0.04285714285714286,0.05013192612137203,0.007274783264229173,0.0,0.0,0.0,0.03455590954559227,0.0072747832642292565,0.035918655372219256,0.0072747832642292565,0.007274783264229173,0.00014936482315248013,0.007274783264229173
clean,selection_bias,creatinine_tested,binary,0.4868571428571429,0.6916988025167444,0.20484165965960155,0.0,0.0,0.0,0.4257021249140822,0.2048416596596016,0.4098249257499588,0.2048416596596016,0.20484165965960155,0.021852093145154197,0.20484165965960155
clean,selection_bias,ecg_performed,binary,0.243,0.27207225492185916,0.029072254921859164,0.0,0.0,0.0,0.06652150509677597,0.029072254921859164,0.06778406994979388,0.029072254921859164,0.029072254921859164,0.0005527547717701416,0.029072254921859164
clean,selection_bias,electrolyte_abnormality_recorded,binary,0.10642857142857143,0.12269129287598944,0.016262721447418013,0.0,0.0,0.0,0.05107858448750072,0.016262721447418027,0.05273506309605491,0.016262721447418027,0.016262721447418013,0.00032615846983873563,0.016262721447418013
clean,selection_bias,electrolytes_tested,binary,0.4242142857142857,0.46001623706109196,0.03580195134680625,0.0,0.0,0.0,0.07213549289465977,0.03580195134680619,0.07244086216773316,0.03580195134680619,0.03580195134680625,0.0006497445056228741,0.03580195134680625
clean,selection_bias,elevated_alt_ast_recorded,binary,0.028428571428571428,0.040389689466206614,0.011961118037635186,0.0,0.0,0.0,0.06565567013728868,0.01196111803763511,0.07197089287461829,0.01196111803763511,0.011961118037635186,0.0005409023451919525,0.011961118037635186
clean,selection_bias,elevated_creatinine_recorded,binary,0.09357142857142857,0.13294093769027807,0.0393695091188495,0.0,0.0,0.0,0.12447135059677711,0.03936950911884951,0.1351828432634234,0.03936950911884951,0.0393695091188495,0.001937904147948243,0.0393695091188495
clean,selection_bias,fall_reported,binary,0.05828571428571429,0.06829713821798254,0.010011423932268254,0.0,0.0,0.0,0.041125667503169774,0.010011423932268282,0.042732195932794634,0.010011423932268282,0.010011423932268254,0.00021153266328342163,0.010011423932268254
clean,selection_bias,hospital_contact,binary,0.27085714285714285,0.3848183478790339,0.11396120502189105,0.0,0.0,0.0,0.2445759502505495,0.113961205021891,0.25643693264976813,0.113961205021891,0.11396120502189105,0.007395144538338439,0.11396120502189105
clean,selection_bias,lft_tested,binary,0.3292857142857143,0.4678303227115892,0.1385446084258749,0.0,0.0,0.0,0.28584991722917164,0.1385446084258749,0.2948047022310353,0.1385446084258749,0.1385446084258749,0.010048855704996092,0.1385446084258749
clean,selection_bias,mood_screening_done,binary,0.17685714285714285,0.19981733306271565,0.0229601902055728,0.0,0.0,0.0,0.05874986389788419,0.022960190205572828,0.06017645117106228,0.022960190205572828,0.0229601902055728,0.000431291044250175,0.0229601902055728
clean,selection_bias,qt_recorded,binary,0.018357142857142857,0.01989039983762939,0.0015332569804865324,0.0,0.0,0.0,0.011195097447288098,0.0015332569804865637,0.01142182893263868,0.0015332569804865637,0.0015332569804865324,1.5669903331495653e-05,0.0015332569804865324
clean,selection_bias,AKI,binary,0.131,0.14613354982748122,0.015133549827481219,0.0,0.0,0.0,0.04381316538662632,0.015133549827481274,0.044853390263458484,0.015133549827481274,0.015133549827481219,0.0002399373164339749,0.015133549827481219
clean,selection_bias,DILI,binary,0.018,0.019078546783032273,0.0010785467830322741,0.0,0.0,0.0,0.007995757996337276,0.0010785467830322082,0.008112355822705263,0.0010785467830322082,0.0010785467830322741,7.99249695206518e-06,0.0010785467830322741
clean,selection_bias,Delirium,binary,0.03692857142857143,0.03795413030241526,0.0010255588738438334,0.0,0.0,0.0,0.005402226960398171,0.0010255588738438126,0.005438136365486384,0.0010255588738438126,0.0010255588738438334,3.6480901862959614e-06,0.0010255588738438334
clean,selection_bias,Depression,binary,0.08464285714285714,0.08362086462350314,-0.0010219925193540036,0.0,0.0,0.0,-0.0036817282481591803,0.0010219925193539758,0.00367161615577724,0.0010219925193539758,-0.0010219925193540036,1.694394168613657e-06,0.0010219925193540036
clean,selection_bias,Falls,binary,0.07785714285714286,0.08179419525065963,0.003937052393516771,0.0,0.0,0.0,0.01452701248374609,0.003937052393516827,0.014693418889069295,0.003937052393516827,0.003937052393516771,2.638033212752839e-05,0.003937052393516771
clean,selection_bias,GI_bleeding,binary,0.021214285714285713,0.021514105946823625,0.0002998202325379118,0.0,0.0,0.0,0.002073515779056021,0.0002998202325378285,0.002080668627145895,0.0002998202325378285,0.0002998202325379118,5.374371992245756e-07,0.0002998202325379118
clean,selection_bias,Hospitalization,binary,0.225,0.24883296123401663,0.023832961234016625,0.0,0.0,0.0,0.056074442256137835,0.02383296123401668,0.057073682675039775,0.02383296123401668,0.023832961234016625,0.0003928644362110392,0.023832961234016625
clean,selection_bias,Hyperkalemia,binary,0.048357142857142855,0.049928962857722754,0.0015718200005798988,0.0,0.0,0.0,0.00727138304022437,0.001571820000579871,0.007327157011865654,0.001571820000579871,0.0015718200005798988,6.609306988914572e-06,0.0015718200005798988
clean,selection_bias,Hyponatremia,binary,0.07871428571428571,0.08006900750964076,0.0013547217953550489,0.0,0.0,0.0,0.005011025592269658,0.0013547217953550073,0.005030673944496657,0.0013547217953550073,0.0013547217953550489,3.1388125624338655e-06,0.0013547217953550489
clean,selection_bias,QT_arrhythmia,binary,0.015928571428571427,0.016338542723767,0.0004099712951955714,0.0,0.0,0.0,0.003254025004175117,0.00040997129519559916,0.0032745507443906973,0.00040997129519559916,0.0004099712951955714,1.3236163763193158e-06,0.0004099712951955714
clean,selection_bias,active_drug_count,count,5.868714285714286,5.930079155672823,0.061364869958537405,0.0,0.0,0.0,0.027747554134965016,0.0627335962190844,0.028487810311908522,0.010784424019252503,,,0.027747554134965016
clean,selection_bias,ddi_renal_double_hit,binary,0.14135714285714285,0.14806170083214937,0.00670455797500652,0.0,0.0,0.0,0.019058320210211872,0.006704557975006575,0.019244427263595088,0.006704557975006575,0.00670455797500652,4.540181420412386e-05,0.00670455797500652
clean,selection_bias,ddi_renal_triple_whammy,binary,0.06814285714285714,0.0732697381773899,0.0051268810345327515,0.0,0.0,0.0,0.020001815273601155,0.005126881034532738,0.020345501592930908,0.005126881034532738,0.0051268810345327515,5.001426506203387e-05,0.0051268810345327515
clean,selection_bias,ddi_cns_depression_synergy,binary,0.033357142857142856,0.034503754820377514,0.0011466119632346575,0.0,0.0,0.0,0.006333148138190743,0.0011466119632346228,0.006385413457063917,0.0011466119632346228,0.0011466119632346575,5.013775892151473e-06,0.0011466119632346575
clean,selection_bias,ddi_bleeding_dual,binary,0.08407142857142857,0.08575197889182058,0.0016805503203920075,0.0,0.0,0.0,0.00602890188625907,0.001680550320392049,0.006056148337721535,0.001680550320392049,0.0016805503203920075,4.543483873694558e-06,0.0016805503203920075
clean,selection_bias,ddi_bleeding_triple,binary,0.0245,0.02699411406535417,0.0024941140653541687,0.0,0.0,0.0,0.015748170707577266,0.0024941140653541582,0.016133167116337433,0.0024941140653541582,0.0024941140653541687,3.101050756826589e-05,0.0024941140653541687
clean,selection_bias,ddi_serotonergic_synergy,binary,0.027428571428571427,0.02689263243352953,-0.0005359389950418958,0.0,0.0,0.0,-0.0032970510928400443,0.0005359389950418958,0.003281353426400417,0.0005359389950418958,-0.0005359389950418958,1.3588359928740437e-06,0.0005359389950418958
clean,selection_bias,ddi_qt_multidrug_load,count,0.702,0.7052973411812462,0.0032973411812462494,0.0,0.0,0.0,0.004317943462777639,0.0032973411812460274,0.004320917772468886,0.0024537098785120115,,,0.004317943462777639
clean,selection_bias,ddi_hepatic_triple_hit,binary,0.0015,0.0014207428455449563,-7.92571544550437e-05,0.0,0.0,0.0,-0.002075507916639796,7.925715445500359e-05,0.0020479474654968607,7.925715445500359e-05,-7.92571544550437e-05,5.385320661562675e-07,7.92571544550437e-05
clean,selection_bias,cumulative_adr_burden,continuous,1.8654971428571427,1.938126649076517,0.07262950621937425,0.0,0.0,0.0,0.04636306531901637,0.0728459503029951,0.04699184657682505,0.02163826147467307,,,0.04636306531901637
clean,selection_bias,severe_adr_burden,binary,0.10335714285714286,0.11426831743454435,0.010911174577401497,0.0,0.0,0.0,0.03504401215831488,0.010911174577401539,0.03584194014121343,0.010911174577401539,0.010911174577401497,0.00015352069294106464,0.010911174577401497
clean,selection_bias,statin,binary,0.3097857142857143,0.31266490765171506,0.0028791933660007873,0.0,0.0,0.0,0.006218661075397936,0.002879193366000732,0.006226559862911184,0.002879193366000732,0.0028791933660007873,4.833934430630406e-06,0.0028791933660007873
clean,selection_bias,macrolide,binary,0.12271428571428572,0.12370610919423584,0.000991823479950124,0.0,0.0,0.0,0.003017614847008334,0.0009918234799501935,0.0030228478953954986,0.0009918234799501935,0.000991823479950124,1.138250031491525e-06,0.000991823479950124
clean,selection_bias,azole_antifungal,binary,0.07835714285714286,0.08108382382788715,0.0027266809707442857,0.0,0.0,0.0,0.010066882261345493,0.002726680970744244,0.010146440209144559,0.002726680970744244,0.0027266809707442857,1.2668012540262958e-05,0.0027266809707442857
clean,selection_bias,metformin,binary,0.29328571428571426,0.29541303024152626,0.0021273159558120036,0.0,0.0,0.0,0.004667741074826699,0.002127315955812059,0.004672664587195671,0.002127315955812059,0.0021273159558120036,2.7234654942414e-06,0.0021273159558120036
clean,selection_bias,digoxin,binary,0.09071428571428572,0.09204384006494824,0.0013295543506625235,0.0,0.0,0.0,0.004614158739407789,0.0013295543506625096,0.0046293292374825715,0.0013295543506625096,0.0013295543506625235,2.6613147957899605e-06,0.0013295543506625235
clean,selection_bias,triptan,binary,0.08885714285714286,0.08849198295108586,-0.0003651599060569971,0.0,0.0,0.0,-0.0012845378385165213,0.000365159906057011,0.0012833457505426473,0.000365159906057011,-0.0003651599060569971,2.062547301790932e-07,0.0003651599060569971
clean,selection_bias,lithium,binary,0.052571428571428575,0.05206007712604019,-0.0005113514453883861,0.0,0.0,0.0,-0.0022965277821903516,0.0005113514453883861,0.0022912441006166895,0.0005113514453883861,-0.0005113514453883861,6.592566000255921e-07,0.0005113514453883861
clean,selection_bias,potassium_supplement,binary,0.13014285714285714,0.1312157499492592,0.0010728928064020482,0.0,0.0,0.0,0.003183196643770511,0.0010728928064021037,0.0031887626751490165,0.0010728928064021037,0.0010728928064020482,1.2665925035838322e-06,0.0010728928064020482
clean,selection_bias,hypertension,binary,0.5300714285714285,0.5314593058656383,0.0013878772942097495,0.0,0.0,0.0,0.002781026791500492,0.0013878772942097495,0.002780788427471988,0.0013878772942097495,0.0013878772942097495,9.66762198898808e-07,0.0013878772942097495
clean,selection_bias,atrial_fibrillation,binary,0.13657142857142857,0.13639131317231581,-0.00018011539911275132,0.0,0.0,0.0,-0.0005246604362748843,0.00018011539911277907,0.0005245147562968352,0.00018011539911277907,-0.00018011539911275132,3.4408571478373616e-08,0.00018011539911275132
clean,selection_bias,epilepsy,binary,0.032857142857142856,0.0316622691292876,-0.0011948737278552543,0.0,0.0,0.0,-0.006762618376285669,0.0011948737278552057,0.006702885486794894,0.0011948737278552057,-0.0011948737278552543,5.716876841088735e-06,0.0011948737278552543
clean,selection_bias,hypothyroidism,binary,0.15,0.15333874568703065,0.0033387456870306587,0.0,0.0,0.0,0.009308003213646585,0.003338745687030631,0.009350358182366814,0.003338745687030631,0.0033387456870306587,1.0829817477945865e-05,0.0033387456870306587
clean,selection_bias,obesity,binary,0.33685714285714285,0.3395575400852446,0.0027003972281017252,0.0,0.0,0.0,0.005707907603121079,0.0027003972281016697,0.005713486757122671,0.0027003972281016697,0.0027003972281017252,4.0725010947598e-06,0.0027003972281017252
clean,selection_bias,nephrotoxin_load,count,1.0979285714285714,1.1145727623300183,0.016644190901446976,0.0,0.0,0.0,0.019495165378705083,0.016726941923511762,0.01965376434583569,0.00648979384731363,,,0.019495165378705083
clean,selection_bias,hepatic_drug_load,count,0.9044285714285715,0.9192206210675867,0.014792049639015259,0.0,0.0,0.0,0.017257341126576987,0.014814694540288054,0.017334094566200664,0.006532720577575368,,,0.017257341126576987
clean,selection_bias,qt_drug_load_v3,count,0.7927142857142857,0.7973411812461945,0.004626895531908759,0.0,0.0,0.0,0.005665592168267587,0.004626895531908537,0.005674333623644308,0.0020123952564585768,,,0.005665592168267587
clean,selection_bias,cns_depressant_load,count,0.6017857142857143,0.6072660848386442,0.005480370552929936,0.0,0.0,0.0,0.007659311521716927,0.005480370552930047,0.007690791691883105,0.0026559337759866075,,,0.007659311521716927
clean,selection_bias,bleeding_risk_load,count,1.2585,1.2728841079764563,0.014384107976456395,0.0,0.0,0.0,0.014633306193120352,0.014722940647742766,0.015000061355348239,0.00716151526573694,,,0.014633306193120352
clean,selection_bias,serotonergic_load,count,0.6242142857142857,0.6228942561396388,-0.0013200295746469415,0.0,0.0,0.0,-0.0018349875820509235,0.0013200295746468305,0.001833072438205617,0.0006982081243294136,,,0.0018349875820509235
clean,selection_bias,cyp_inhibitor_load,count,0.20107142857142857,0.204789933022123,0.0037185044506944376,0.0,0.0,0.0,0.008741807397962906,0.004760169909246548,0.011208749500731027,0.004239337179970493,,,0.008741807397962906
clean,selection_bias,ddi_statin_cyp_inhibitor,binary,0.05821428571428571,0.06170083214938096,0.0034865464350952516,0.0,0.0,0.0,0.014686268368707204,0.0034865464350952724,0.014890340121550195,0.0034865464350952724,0.0034865464350952516,2.6962928929121182e-05,0.0034865464350952516
clean,selection_bias,ddi_metformin_renal_risk,binary,0.030642857142857142,0.033691901765780394,0.003049044622923252,0.0,0.0,0.0,0.017281125446579185,0.0030490446229232138,0.017691198061943296,0.0030490446229232138,0.003049044622923252,3.7340412002591404e-05,0.003049044622923252
clean,selection_bias,ddi_lithium_renal_risk,binary,0.005071428571428571,0.005175563223056626,0.00010413465162805498,0.0,0.0,0.0,0.0014585710872288455,0.00010413465162806279,0.001466000642377759,0.00010413465162806279,0.00010413465162805498,2.6593311457569094e-07,0.00010413465162805498
clean,selection_bias,ddi_digoxin_electrolyte_risk,binary,0.008142857142857143,0.008220012177795818,7.715503493867584e-05,0.0,0.0,0.0,0.0008565120203175534,7.71550349386585e-05,0.0008585217493138893,7.71550349386585e-05,7.715503493867584e-05,9.170192538803892e-08,7.715503493867584e-05
clean,selection_bias,ddi_serotonergic_high_load,binary,0.11492857142857144,0.11477572559366754,-0.0001528458349038947,0.0,0.0,0.0,-0.0004793758477806542,0.0001528458349038253,0.0004792371135081935,0.0001528458349038253,-0.0001528458349038947,2.8725150646785255e-08,0.0001528458349038947
clean,selection_bias,drug_disease_nsaid_ckd,binary,0.025214285714285713,0.02780596711995129,0.002591681405665576,0.0,0.0,0.0,0.016133333963582717,0.002591681405665569,0.01653117411194466,0.002591681405665569,0.002591681405665576,3.254606560459006e-05,0.002591681405665576
clean,selection_bias,drug_disease_nsaid_heart_failure,binary,0.023,0.02608077937893241,0.003080779378932412,0.0,0.0,0.0,0.019913002604048675,0.0030807793789323634,0.02055177794241886,0.0030807793789323634,0.003080779378932412,4.959284322070528e-05,0.003080779378932412
clean,selection_bias,drug_disease_qt_baseline_risk,binary,0.040785714285714286,0.03988228130708342,-0.0009034329786308665,0.0,0.0,0.0,-0.004591994875461115,0.0009034329786309359,0.004567558143714583,0.0009034329786309359,-0.0009034329786308665,2.635841106009756e-06,0.0009034329786308665
clean,selection_bias,drug_disease_hepatic_liver_disease,binary,0.039857142857142855,0.041607469048102294,0.0017503261909594392,0.0,0.0,0.0,0.00885490364982859,0.0017503261909594947,0.008947423256581936,0.0017503261909594947,0.0017503261909594392,9.801696263534332e-06,0.0017503261909594392
clean,selection_bias,drug_disease_anticoagulant_frailty,binary,0.012142857142857143,0.014917799878222043,0.0027749427353649,0.0,0.0,0.0,0.024020901774110925,0.002774942735364938,0.02533649353963515,0.002774942735364938,0.0027749427353649,7.224026831433418e-05,0.0027749427353649
clean,selection_bias,muscle_injury,binary,0.031,0.032677085447534,0.0016770854475339977,0.0,0.0,0.0,0.00955233750309321,0.001677085447533977,0.009676369748346533,0.001677085447533977,0.0016770854475339977,1.1406910803602995e-05,0.0016770854475339977
clean,selection_bias,lactate_accumulation,binary,0.014857142857142857,0.0153237264055206,0.00046658354837774384,0.0,0.0,0.0,0.003827200061187544,0.000466583548377697,0.003856667211335357,0.000466583548377697,0.00046658354837774384,1.8309976719504663e-06,0.00046658354837774384
clean,selection_bias,serotonin_toxicity,binary,0.015642857142857142,0.01562817130099452,-1.4685841862621674e-05,0.0,0.0,0.0,-0.00011837630924848845,1.468584186270494e-05,0.00011834896365723109,1.468584186270494e-05,-1.4685841862621674e-05,1.75161893580006e-09,1.4685841862621674e-05
clean,selection_bias,digoxin_toxicity,binary,0.010285714285714285,0.010351126446113253,6.541216039896748e-05,0.0,0.0,0.0,0.0006472978490040163,6.541216039901432e-05,0.0006483154110708384,6.541216039901432e-05,6.541216039896748e-05,5.237439447349797e-08,6.541216039896748e-05
clean,selection_bias,lithium_toxicity,binary,0.006857142857142857,0.0079155672823219,0.0010584244251790435,0.0,0.0,0.0,0.012361265587132544,0.0010584244251790054,0.012825738857502192,0.0010584244251790054,0.0010584244251790435,1.9115634547454507e-05,0.0010584244251790435
clean,selection_bias,Serotonin_syndrome,binary,0.0025,0.0032474122183884717,0.0007474122183884716,0.0,0.0,0.0,0.013962864287378255,0.0007474122183884768,0.014966964781326485,0.0007474122183884768,0.0007474122183884716,2.4437964847423863e-05,0.0007474122183884716
clean,selection_bias,Rhabdomyolysis,binary,0.003357142857142857,0.0036533387456870307,0.00029619588854417353,0.0,0.0,0.0,0.005011687126831877,0.0002961958885442373,0.005120641073478286,0.0002961958885442373,0.00029619588854417353,3.1405377435910164e-06,0.00029619588854417353
clean,selection_bias,Lactic_acidosis,binary,0.0055,0.005784453014004465,0.0002844530140044656,0.0,0.0,0.0,0.003797648172408067,0.0002844530140044821,0.003846155168501154,0.0002844530140044821,0.0002844530140044656,1.8029498443455184e-06,0.0002844530140044656
clean,no_overlap,age,continuous,65.81977857142859,66.15086428571429,0.331085714285706,0.0,0.0,0.0,0.027688314694519725,0.34302857142857146,0.028617301219599142,0.015428571428571403,,,0.027688314694519725
clean,no_overlap,alcohol_use,binary,0.129,0.12814285714285714,-0.0008571428571428619,0.0,0.0,0.0,-0.0025607396976257595,0.0008571428571428896,0.0025571092175270056,0.0008571428571428896,-0.0008571428571428619,8.196734581117804e-07,0.0008571428571428619
clean,no_overlap,baseline_alt_ast,continuous,24.89476428571429,24.937921428571432,0.04315714285714023,0.0,0.0,0.0,0.004343662523684497,0.13367142857142864,0.013351649883236628,0.007928571428571451,,,0.004343662523684497
clean,no_overlap,baseline_egfr,continuous,74.49969285714286,74.68792142857143,0.1882285714285672,0.0,0.0,0.0,0.00945624019845112,0.35258571428571417,0.01767000122144914,0.015857142857142792,,,0.00945624019845112
clean,no_overlap,baseline_mood_vulnerability,binary,0.11507142857142857,0.11707142857142858,0.0020000000000000018,0.0,0.0,0.0,0.0062439707705083496,0.0020000000000000018,0.006267468135864523,0.0020000000000000018,0.0020000000000000018,4.873402285236121e-06,0.0020000000000000018
clean,no_overlap,baseline_potassium,continuous,4.269931428571429,4.264963571428572,-0.004967857142856857,0.0,0.0,0.0,-0.013958320744522513,0.009399285714285718,0.0260943011779494,0.014928571428571402,,,0.013958320744522513
clean,no_overlap,baseline_qt_risk,binary,0.06907142857142858,0.07042857142857142,0.0013571428571428484,0.0,0.0,0.0,0.005327888910325825,0.0013571428571428346,0.005352025405097809,0.0013571428571428346,0.0013571428571428484,3.5483269410213213e-06,0.0013571428571428484
clean,no_overlap,baseline_sodium,continuous,138.95499285714286,138.97112857142858,0.016135714285724134,0.0,0.0,0.0,0.006447821583743394,0.03639285714285721,0.014481383192479819,0.010142857142857176,,,0.006447821583743394
clean,no_overlap,ckd,binary,0.09121428571428572,0.09285714285714286,0.0016428571428571404,0.0,0.0,0.0,0.005683148143765169,0.001642857142857168,0.005706076946113535,0.001642857142857168,0.0016428571428571404,4.0372877227734245e-06,0.0016428571428571404
clean,no_overlap,depression_history,binary,0.12007142857142857,0.125,0.004928571428571435,0.0,0.0,0.0,0.015030978441465127,0.004928571428571393,0.015162733657804371,0.004928571428571393,0.004928571428571435,2.824136918350758e-05,0.004928571428571435
clean,no_overlap,diabetes,binary,0.17085714285714285,0.16757142857142857,-0.0032857142857142807,0.0,0.0,0.0,-0.008763365842109959,0.003285714285714225,0.008729684423209169,0.003285714285714225,-0.0032857142857142807,9.59951466099763e-06,0.0032857142857142807
clean,no_overlap,frailty,binary,0.03578571428571429,0.03421428571428571,-0.0015714285714285778,0.0,0.0,0.0,-0.008550685545592247,0.001571428571428557,0.008459662151362585,0.001571428571428557,-0.0015714285714285778,9.1398518000641e-06,0.0015714285714285778
clean,no_overlap,heart_failure,binary,0.08185714285714285,0.07592857142857143,-0.005928571428571422,0.0,0.0,0.0,-0.02199390769488726,0.005928571428571394,0.021625523814832022,0.005928571428571394,-0.005928571428571422,6.047230454817704e-05,0.005928571428571422
clean,no_overlap,infection,binary,0.08292857142857143,0.07992857142857143,-0.0030000000000000027,0.0,0.0,0.0,-0.010969400989981004,0.0030000000000000027,0.01087846405580811,0.0030000000000000027,-0.0030000000000000027,1.5041299326123492e-05,0.0030000000000000027
clean,no_overlap,liver_disease,binary,0.06092857142857143,0.057428571428571426,-0.003500000000000003,0.0,0.0,0.0,-0.014833517561811038,0.0035000000000000586,0.014632152977043886,0.0035000000000000586,-0.003500000000000003,2.7506415973652825e-05,0.003500000000000003
clean,no_overlap,monitoring_intensity,continuous,0.38979985714285714,0.39471492857142865,0.004915071428571505,0.0,0.0,0.0,0.02513933965550973,0.0049243571428571435,0.025250633074769727,0.011785714285714288,,,0.02513933965550973
clean,no_overlap,polypharmacy_burden,count,4.926785714285714,4.950714285714286,0.023928571428571743,0.0,0.0,0.0,0.010618231171661704,0.040071428571428605,0.017769834487610332,0.007857142857142896,,,0.010618231171661704
clean,no_overlap,sex_female,binary,0.5417142857142857,0.5441428571428572,0.0024285714285714466,0.0,0.0,0.0,0.004875159016239655,0.0024285714285714466,0.004874135263441829,0.0024285714285714466,0.0024285714285714466,2.9708823063174508e-06,0.0024285714285714466
clean,no_overlap,acei_arb,binary,0.5342857142857143,0.5465714285714286,0.012285714285714344,0.0,0.0,0.0,0.024654020018715167,0.012285714285714289,0.024629401023380834,0.012285714285714289,0.012285714285714344,7.596801882773325e-05,0.012285714285714344
clean,no_overlap,aminoglycoside,binary,0.06664285714285714,0.06257142857142857,-0.004071428571428573,0.0,0.0,0.0,-0.016562443843820718,0.004071428571428504,0.016324733051471682,0.004071428571428504,-0.004071428571428573,3.42922777071097e-05,0.004071428571428573
clean,no_overlap,antibiotic_hepatic_risk,binary,0.2077142857142857,0.2042142857142857,-0.003500000000000003,0.0,0.0,0.0,-0.00865478198308671,0.0035000000000000586,0.008627678404811472,0.0035000000000000586,-0.003500000000000003,9.36307207951648e-06,0.003500000000000003
clean,no_overlap,anticholinergic,binary,0.15492857142857142,0.15814285714285714,0.003214285714285725,0.0,0.0,0.0,0.008846035081224054,0.003214285714285725,0.008883252577701775,0.003214285714285725,0.003214285714285725,9.78149660415574e-06,0.003214285714285725
clean,no_overlap,anticoagulant,binary,0.2725,0.31971428571428573,0.04721428571428571,0.0,0.0,0.0,0.10355643522088148,0.047214285714285764,0.1060409650981071,0.047214285714285764,0.04721428571428571,0.0013379813566850671,0.04721428571428571
clean,no_overlap,antiplatelet,binary,0.29714285714285715,0.3525,0.05535714285714283,0.0,0.0,0.0,0.11841367869380211,0.05535714285714288,0.12113160954446109,0.05535714285714288,0.05535714285714283,0.0017481925755457074,0.05535714285714283
clean,no_overlap,benzodiazepine,binary,0.1972142857142857,0.2035,0.006285714285714283,0.0,0.0,0.0,0.015704263672816694,0.006285714285714339,0.015797400666748677,0.006285714285714339,0.006285714285714283,3.08271134640901e-05,0.006285714285714283
clean,no_overlap,beta_blocker,binary,0.32785714285714285,0.32321428571428573,-0.004642857142857115,0.0,0.0,0.0,-0.009908589831377169,0.004642857142857171,0.009890362331001672,0.004642857142857171,-0.004642857142857115,1.2272295875845546e-05,0.004642857142857115
clean,no_overlap,contrast_agent,binary,0.18292857142857144,0.18407142857142858,0.00114285714285714,0.0,0.0,0.0,0.0029525434087198732,0.0011428571428571122,0.002956113899160281,0.0011428571428571122,0.00114285714285714,1.0896881520092421e-06,0.00114285714285714
clean,no_overlap,corticosteroid,binary,0.17064285714285715,0.1702857142857143,-0.0003571428571428614,0.0,0.0,0.0,-0.0009497466531839287,0.00035714285714283367,0.000949351666141544,0.00035714285714283367,-0.0003571428571428614,1.1275233001035718e-07,0.0003571428571428614
clean,no_overlap,diuretic,binary,0.44471428571428573,0.4546428571428571,0.009928571428571398,0.0,0.0,0.0,0.0199594735467947,0.009928571428571398,0.01997965450254467,0.009928571428571398,0.009928571428571398,4.9793474228660914e-05,0.009928571428571398
clean,no_overlap,hepatotoxic_drug_A,binary,0.10692857142857143,0.11135714285714286,0.0044285714285714345,0.0,0.0,0.0,0.014202765341085331,0.004428571428571337,0.014330906870212538,0.004428571428571337,0.0044285714285714345,2.521509036913631e-05,0.0044285714285714345
clean,no_overlap,herbal_exposure,binary,0.15214285714285714,0.15585714285714286,0.0037142857142857255,0.0,0.0,0.0,0.010290477195998515,0.00371428571428567,0.01034161063553814,0.00371428571428567,0.0037142857142857255,1.3236662772311337e-05,0.0037142857142857255
clean,no_overlap,nsaid,binary,0.2615,0.25707142857142856,-0.004428571428571448,0.0,0.0,0.0,-0.010105424052256439,0.004428571428571337,0.010077494212136261,0.004428571428571337,-0.004428571428571448,1.2764743388643572e-05,0.004428571428571448
clean,no_overlap,opioid,binary,0.1707142857142857,0.17685714285714285,0.006142857142857144,0.0,0.0,0.0,0.016211802201305102,0.006142857142857117,0.016326135284289844,0.006142857142857117,0.006142857142857144,3.285208416658764e-05,0.006142857142857144
clean,no_overlap,ppi,binary,0.382,0.38642857142857145,0.004428571428571448,0.0,0.0,0.0,0.009104720011802134,0.004428571428571448,0.009114602533132779,0.004428571428571448,0.004428571428571448,1.0361819975482009e-05,0.004428571428571448
clean,no_overlap,qt_prolonging_drug,binary,0.1362857142857143,0.1347857142857143,-0.0015000000000000013,0.0,0.0,0.0,-0.004382197021081717,0.0014999999999999458,0.004372008929545613,0.0014999999999999458,-0.0015000000000000013,2.400455448227151e-06,0.0015000000000000013
clean,no_overlap,snri,binary,0.10792857142857143,0.10985714285714286,0.0019285714285714323,0.0,0.0,0.0,0.006191176003694266,0.0019285714285715017,0.006215380189119174,0.0019285714285715017,0.0019285714285714323,4.791342530053666e-06,0.0019285714285714323
clean,no_overlap,ssri,binary,0.25671428571428573,0.26157142857142857,0.004857142857142838,0.0,0.0,0.0,0.011085382689858364,0.004857142857142893,0.011119313258223544,0.004857142857142893,0.004857142857142838,1.5360415491754353e-05,0.004857142857142838
clean,no_overlap,thiazide,binary,0.19257142857142856,0.19964285714285715,0.00707142857142859,0.0,0.0,0.0,0.017810601547316098,0.007071428571428506,0.017933257160205735,0.007071428571428506,0.00707142857142859,3.9650798705403697e-05,0.00707142857142859
clean,no_overlap,valproate_like_drug,binary,0.07892857142857143,0.08064285714285714,0.0017142857142857099,0.0,0.0,0.0,0.006326715779363451,0.0017142857142856682,0.006357983982360342,0.0017142857142856682,0.0017142857142857099,5.003455126947204e-06,0.0017142857142857099
clean,no_overlap,anticholinergic_burden,binary,0.0945,0.09835714285714285,0.0038571428571428507,0.0,0.0,0.0,0.013067451068530658,0.0038571428571427813,0.013185772930179997,0.0038571428571427813,0.0038571428571428507,2.1345161000483324e-05,0.0038571428571428507
clean,no_overlap,cardiac_repolarization_delay,binary,0.17842857142857144,0.17764285714285713,-0.0007857142857143062,0.0,0.0,0.0,-0.0020539262192559573,0.0007857142857142785,0.0020521532347015066,0.0007857142857142785,-0.0007857142857143062,5.273264135301876e-07,0.0007857142857143062
clean,no_overlap,cholestatic_pattern,binary,0.11064285714285714,0.10828571428571429,-0.0023571428571428493,0.0,0.0,0.0,-0.0075496549667148265,0.0023571428571428354,0.007514258208861403,0.0023571428571428354,-0.0023571428571428493,7.124682559190329e-06,0.0023571428571428493
clean,no_overlap,cns_sedation,binary,0.15614285714285714,0.16271428571428573,0.006571428571428589,0.0,0.0,0.0,0.017951754335068022,0.006571428571428561,0.018103571653530822,0.006571428571428561,0.006571428571428589,4.0282353858188836e-05,0.006571428571428589
clean,no_overlap,coagulation_impairment,binary,0.15121428571428572,0.17342857142857143,0.022214285714285714,0.0,0.0,0.0,0.06027022734062887,0.02221428571428563,0.062006456235167144,0.02221428571428563,0.022214285714285714,0.0004539498330245872,0.022214285714285714
clean,no_overlap,electrolyte_disturbance,binary,0.09028571428571429,0.08914285714285715,-0.00114285714285714,0.0,0.0,0.0,-0.0039992002399200175,0.0011428571428571122,0.003987768334743588,0.0011428571428571122,-0.00114285714285714,1.9992046432832007e-06,0.00114285714285714
clean,no_overlap,fatigue_pathway,binary,0.09742857142857143,0.09385714285714286,-0.0035714285714285726,0.0,0.0,0.0,-0.012143775140387527,0.0035714285714285587,0.012043646798355928,0.0035714285714285587,-0.0035714285714285726,1.8434199541232286e-05,0.0035714285714285726
clean,no_overlap,gastric_mucosal_injury,binary,0.10328571428571429,0.10471428571428572,0.0014285714285714318,0.0,0.0,0.0,0.004679855832747326,0.0014285714285714457,0.004694126478291382,0.0014285714285714457,0.0014285714285714318,2.7376356526791993e-06,0.0014285714285714318
clean,no_overlap,gastric_protection,binary,0.11178571428571428,0.11021428571428571,-0.0015714285714285708,0.0,0.0,0.0,-0.005002460104733469,0.001571428571428557,0.004987037283802046,0.001571428571428557,-0.0015714285714285708,3.1280795859814966e-06,0.0015714285714285708
clean,no_overlap,hepatic_metabolic_stress,binary,0.13785714285714284,0.1382142857142857,0.0003571428571428614,0.0,0.0,0.0,0.0010353844959692686,0.00035714285714283367,0.0010359474239027776,0.00035714285714283367,0.0003571428571428614,1.3400262820797678e-07,0.0003571428571428614
clean,no_overlap,hepatocellular_injury,binary,0.07657142857142857,0.08042857142857143,0.0038571428571428645,0.0,0.0,0.0,0.014341493860625429,0.0038571428571427813,0.014505432933964274,0.0038571428571427813,0.0038571428571428645,2.5710869055138694e-05,0.0038571428571428645
clean,no_overlap,monoamine_disruption,binary,0.08242857142857143,0.08228571428571428,-0.0001428571428571529,0.0,0.0,0.0,-0.0005196542632752433,0.00014285714285711126,0.0005194492605969902,0.00014285714285711126,-0.0001428571428571529,3.375507073303445e-08,0.0001428571428571529
clean,no_overlap,nephrotoxic_stress,binary,0.12228571428571429,0.12614285714285714,0.0038571428571428507,0.0,0.0,0.0,0.01169468280813085,0.0038571428571427813,0.0117733831632971,0.0038571428571427813,0.0038571428571428507,1.7095719531856905e-05,0.0038571428571428507
clean,no_overlap,oxidative_hepatic_stress,binary,0.08728571428571429,0.08778571428571429,0.0005000000000000004,0.0,0.0,0.0,0.0017691701239579626,0.0004999999999999449,0.001771458551400958,0.0004999999999999449,0.0005000000000000004,3.9124554553673354e-07,0.0005000000000000004
clean,no_overlap,platelet_inhibition,binary,0.11242857142857143,0.11214285714285714,-0.0002857142857142919,0.0,0.0,0.0,-0.0009049678332553379,0.00028571428571433355,0.0009044653894708575,0.00028571428571433355,-0.0002857142857142919,1.023708511019365e-07,0.0002857142857142919
clean,no_overlap,potassium_retention,binary,0.14142857142857143,0.14314285714285716,0.0017142857142857237,0.0,0.0,0.0,0.004907186256296011,0.0017142857142856682,0.004919561711173013,0.0017142857142856682,0.0017142857142857237,3.010057185156743e-06,0.0017142857142857237
clean,no_overlap,psychomotor_impairment,binary,0.10821428571428572,0.11035714285714286,0.002142857142857141,0.0,0.0,0.0,0.006868230683635158,0.002142857142857113,0.0068979598937716,0.002142857142857113,0.002142857142857141,5.896588846710676e-06,0.002142857142857141
clean,no_overlap,reduced_renal_perfusion,binary,0.175,0.17735714285714285,0.002357142857142863,0.0,0.0,0.0,0.0061872105915341,0.0023571428571428354,0.006203544552477765,0.0023571428571428354,0.002357142857142863,4.785180757713257e-06,0.002357142857142863
clean,no_overlap,serotonergic_shift,binary,0.13985714285714285,0.1372857142857143,-0.002571428571428558,0.0,0.0,0.0,-0.007442708143968513,0.002571428571428669,0.007413902077663974,0.002571428571428669,-0.002571428571428558,6.9242281155475595e-06,0.002571428571428558
clean,no_overlap,sleep_disruption,binary,0.08792857142857143,0.0875,-0.00042857142857143093,0.0,0.0,0.0,-0.001515035246724986,0.0004285714285714448,0.0015133653301093004,0.0004285714285714448,-0.00042857142857143093,2.8691657079647813e-07,0.00042857142857143093
clean,no_overlap,sodium_water_imbalance,binary,0.11271428571428571,0.1145,0.0017857142857142932,0.0,0.0,0.0,0.005627269947229638,0.0017857142857142794,0.005646648405556898,0.0017857142857142794,0.0017857142857142932,3.95827574216042e-06,0.0017857142857142932
clean,no_overlap,tubular_injury,binary,0.10028571428571428,0.10142857142857142,0.00114285714285714,0.0,0.0,0.0,0.003795115948946979,0.0011428571428571122,0.0038046972348973673,0.0011428571428571122,0.00114285714285714,1.8003653235032632e-06,0.00114285714285714
clean,no_overlap,volume_depletion,binary,0.12114285714285715,0.12578571428571428,0.004642857142857129,0.0,0.0,0.0,0.014113692540120277,0.004642857142857171,0.014229094755005564,0.004642857142857171,0.004642857142857129,2.4899589428823126e-05,0.004642857142857129
clean,no_overlap,alt_ast_rise,binary,0.05928571428571429,0.05857142857142857,-0.0007142857142857159,0.0,0.0,0.0,-0.0030331802062533116,0.0007142857142856673,0.0030246008253457884,0.0007142857142856673,-0.0007142857142857159,1.1500267523782812e-06,0.0007142857142857159
clean,no_overlap,anhedonia_like_symptom,binary,0.04314285714285714,0.03964285714285714,-0.003500000000000003,0.0,0.0,0.0,-0.017571214157632145,0.0035000000000000586,0.017226222058375196,0.0035000000000000586,-0.003500000000000003,3.8601496300810756e-05,0.003500000000000003
clean,no_overlap,bilirubin_rise,binary,0.021642857142857144,0.024428571428571428,0.0027857142857142837,0.0,0.0,0.0,0.01857013691805006,0.0027857142857142803,0.019143906517848152,0.0027857142857142803,0.0027857142857142837,4.3128229118016576e-05,0.0027857142857142837
clean,no_overlap,cognitive_slowing,binary,0.06921428571428571,0.069,-0.00021428571428570853,0.0,0.0,0.0,-0.0008448545353992985,0.0002142857142857224,0.0008442488812419323,0.0002142857142857224,-0.00021428571428570853,8.922241555878809e-08,0.00021428571428570853
clean,no_overlap,confusion_state,binary,0.069,0.0745,0.005499999999999991,0.0,0.0,0.0,0.021312967162881568,0.00550000000000006,0.021700178369025887,0.00550000000000006,0.005499999999999991,5.678679022505387e-05,0.005499999999999991
clean,no_overlap,creatinine_rise,binary,0.14635714285714285,0.14064285714285715,-0.0057142857142856995,0.0,0.0,0.0,-0.01629996755913642,0.005714285714285672,0.01616653268318786,0.005714285714285672,-0.0057142857142856995,3.3210800407007914e-05,0.0057142857142856995
clean,no_overlap,dehydration,binary,0.11621428571428571,0.11671428571428571,0.0005000000000000004,0.0,0.0,0.0,0.0015586969940545833,0.0004999999999999449,0.0015601514428831137,0.0004999999999999449,0.0005000000000000004,3.0369206193182354e-07,0.0005000000000000004
clean,no_overlap,dizziness,binary,0.14307142857142857,0.14207142857142857,-0.0010000000000000009,0.0,0.0,0.0,-0.0028601263421153406,0.0009999999999998899,0.002855954154512432,0.0009999999999998899,-0.0010000000000000009,1.0225400509814107e-06,0.0010000000000000009
clean,no_overlap,fatigue_symptom,binary,0.1977142857142857,0.1987142857142857,0.0010000000000000009,0.0,0.0,0.0,0.0025084399492179893,0.0010000000000000009,0.0025108250067750345,0.0010000000000000009,0.0010000000000000009,7.865333138987554e-07,0.0010000000000000009
clean,no_overlap,gi_irritation,binary,0.09971428571428571,0.09707142857142857,-0.0026428571428571412,0.0,0.0,0.0,-0.008873347809196776,0.002642857142857169,0.00882073587013579,0.002642857142857169,-0.0026428571428571412,9.842111055267987e-06,0.0026428571428571412
clean,no_overlap,hyperkalemia_state,binary,0.060714285714285714,0.06392857142857143,0.003214285714285718,0.0,0.0,0.0,0.013296838087845403,0.003214285714285725,0.013459848589187001,0.003214285714285725,0.003214285714285718,2.210205914211739e-05,0.003214285714285718
clean,no_overlap,hyponatremia_state,binary,0.06921428571428571,0.06971428571428571,0.0005000000000000004,0.0,0.0,0.0,0.001966631105938636,0.000500000000000056,0.0019699140562313214,0.000500000000000056,0.0005000000000000004,4.834552424755139e-07,0.0005000000000000004
clean,no_overlap,hypotension,binary,0.10335714285714286,0.10571428571428572,0.002357142857142863,0.0,0.0,0.0,0.007704290432079835,0.0023571428571429465,0.007742940284814508,0.0023571428571429465,0.002357142857142863,7.4195422671655695e-06,0.002357142857142863
clean,no_overlap,jaundice,binary,0.011142857142857144,0.009571428571428571,-0.0015714285714285726,0.0,0.0,0.0,-0.015522029116446191,0.001571428571428557,0.01497026838316638,0.001571428571428557,-0.0015714285714285726,3.0143511877640588e-05,0.0015714285714285726
clean,no_overlap,mood_lowering,binary,0.08978571428571429,0.08914285714285715,-0.0006428571428571395,0.0,0.0,0.0,-0.002252378676915444,0.0006428571428570562,0.002248738881385238,0.0006428571428570562,-0.0006428571428571395,6.341516521591001e-07,0.0006428571428571395
clean,no_overlap,nausea,binary,0.10635714285714286,0.1,-0.006357142857142853,0.0,0.0,0.0,-0.020899598267731707,0.006357142857142839,0.020620379115067585,0.006357142857142839,-0.006357142857142853,5.460094844786834e-05,0.006357142857142853
clean,no_overlap,occult_bleeding,binary,0.027071428571428573,0.027285714285714285,0.000214285714285712,0.0,0.0,0.0,0.0013178422789113225,0.0002142857142857224,0.0013203745757955486,0.0002142857142857224,0.000214285714285712,2.1708898677989423e-07,0.000214285714285712
clean,no_overlap,overt_bleeding,binary,0.025142857142857144,0.0255,0.0003571428571428545,0.0,0.0,0.0,0.0022733559378713864,0.00035714285714283367,0.0022812042166906518,0.00035714285714283367,0.0003571428571428545,6.460227872799639e-07,0.0003571428571428545
clean,no_overlap,qt_prolongation_state,binary,0.048857142857142856,0.04792857142857143,-0.0009285714285714244,0.0,0.0,0.0,-0.00432709922879535,0.0009285714285713897,0.004307530966147083,0.0009285714285713897,-0.0009285714285714244,2.340496684948495e-06,0.0009285714285714244
clean,no_overlap,sedation_state,binary,0.12957142857142856,0.13178571428571428,0.002214285714285724,0.0,0.0,0.0,0.006569670975399788,0.002214285714285724,0.00659344618051157,0.002214285714285724,0.002214285714285724,5.395070177269755e-06,0.002214285714285724
clean,no_overlap,sleep_disturbance_symptom,binary,0.11521428571428571,0.11892857142857143,0.0037142857142857116,0.0,0.0,0.0,0.011552987654574501,0.00371428571428567,0.011633304374321649,0.00371428571428567,0.0037142857142857116,1.6684003080739865e-05,0.0037142857142857116
clean,no_overlap,adr_reported,binary,0.04285714285714286,0.04235714285714286,-0.0005000000000000004,0.0,0.0,0.0,-0.002475620323620628,0.0004999999999999449,0.002468709655504822,0.0004999999999999449,-0.0005000000000000004,7.660900334802634e-07,0.0005000000000000004
clean,no_overlap,creatinine_tested,binary,0.4868571428571429,0.48578571428571427,-0.001071428571428612,0.0,0.0,0.0,-0.0021436606959315744,0.001071428571428612,0.00214359781824553,0.001071428571428612,-0.001071428571428612,5.744095978270488e-07,0.001071428571428612
clean,no_overlap,ecg_performed,binary,0.243,0.24842857142857142,0.0054285714285714215,0.0,0.0,0.0,0.01260988261689601,0.005428571428571449,0.012657107831187385,0.005428571428571449,0.0054285714285714215,1.9875667810224365e-05,0.0054285714285714215
clean,no_overlap,electrolyte_abnormality_recorded,binary,0.10642857142857143,0.10928571428571429,0.0028571428571428636,0.0,0.0,0.0,0.009210748075670676,0.0028571428571428914,0.009264845944329605,0.0028571428571428914,0.0028571428571428636,1.0604787223981202e-05,0.0028571428571428636
clean,no_overlap,electrolytes_tested,binary,0.4242142857142857,0.4258571428571429,0.001642857142857168,0.0,0.0,0.0,0.0033232824451052217,0.001642857142857057,0.0033241201490432325,0.001642857142857057,0.001642857142857168,1.3805226582663203e-06,0.001642857142857168
clean,no_overlap,elevated_alt_ast_recorded,binary,0.028428571428571428,0.0275,-0.0009285714285714279,0.0,0.0,0.0,-0.005632148048903513,0.0009285714285715008,0.005587279935025544,0.0009285714285715008,-0.0009285714285714279,3.965282106548957e-06,0.0009285714285714279
clean,no_overlap,elevated_creatinine_recorded,binary,0.09357142857142857,0.08992857142857143,-0.003642857142857142,0.0,0.0,0.0,-0.01261958420690185,0.003642857142857059,0.012508456345931677,0.003642857142857059,-0.003642857142857142,1.990713462330382e-05,0.003642857142857142
clean,no_overlap,fall_reported,binary,0.05828571428571429,0.05621428571428572,-0.0020714285714285713,0.0,0.0,0.0,-0.008916373696645734,0.002071428571428613,0.008841568609413706,0.002071428571428613,-0.0020714285714285713,9.938028692918618e-06,0.0020714285714285713
clean,no_overlap,hospital_contact,binary,0.27085714285714285,0.2705714285714286,-0.00028571428571427804,0.0,0.0,0.0,-0.0006430245257184226,0.00028571428571433355,0.0006429178686617876,0.00028571428571433355,-0.00028571428571427804,5.168506405518324e-08,0.00028571428571427804
clean,no_overlap,lft_tested,binary,0.3292857142857143,0.3261428571428571,-0.0031428571428571694,0.0,0.0,0.0,-0.006695799590715344,0.003142857142857114,0.006687586580826,0.003142857142857114,-0.0031428571428571694,5.6041698167558e-06,0.0031428571428571694
clean,no_overlap,mood_screening_done,binary,0.17685714285714285,0.17921428571428571,0.002357142857142863,0.0,0.0,0.0,0.006161804652091238,0.0023571428571428354,0.006177844816444334,0.0023571428571428354,0.002357142857142863,4.745963304975944e-06,0.002357142857142863
clean,no_overlap,qt_recorded,binary,0.018357142857142857,0.01814285714285714,-0.00021428571428571547,0.0,0.0,0.0,-0.001600889915235431,0.0002142857142857224,0.0015962978172798597,0.0002142857142857224,-0.00021428571428571547,3.2035766655594234e-07,0.00021428571428571547
clean,no_overlap,AKI,binary,0.131,0.13078571428571428,-0.0002142857142857224,0.0,0.0,0.0,-0.0006353288947878846,0.0002142857142857224,0.0006351081458289375,0.0002142857142857224,-0.0002142857142857224,5.0455350383973386e-08,0.0002142857142857224
clean,no_overlap,DILI,binary,0.018,0.01892857142857143,0.0009285714285714314,0.0,0.0,0.0,0.006897609287544521,0.0009285714285713897,0.006984306989624488,0.0009285714285713897,0.0009285714285714314,5.947671283138494e-06,0.0009285714285714314
clean,no_overlap,Delirium,binary,0.03692857142857143,0.03521428571428571,-0.0017142857142857168,0.0,0.0,0.0,-0.009193559614848938,0.0017142857142856682,0.009090184602225444,0.0017142857142856682,-0.0017142857142857168,1.056592771230409e-05,0.0017142857142857168
clean,no_overlap,Depression,binary,0.08464285714285714,0.08264285714285714,-0.0020000000000000018,0.0,0.0,0.0,-0.007224137680618359,0.0020000000000000018,0.007185211410545653,0.0020000000000000018,-0.0020000000000000018,6.5235780657035185e-06,0.0020000000000000018
clean,no_overlap,Falls,binary,0.07785714285714286,0.08128571428571428,0.0034285714285714197,0.0,0.0,0.0,0.012669173734609589,0.0034285714285714475,0.012795724099087913,0.0034285714285714475,0.0034285714285714197,2.0064120022181406e-05,0.0034285714285714197
clean,no_overlap,GI_bleeding,binary,0.021214285714285713,0.022357142857142857,0.0011428571428571434,0.0,0.0,0.0,0.007828749047377412,0.0011428571428571122,0.007931109192747242,0.0011428571428571122,0.0011428571428571434,7.661906129435652e-06,0.0011428571428571434
clean,no_overlap,Hospitalization,binary,0.225,0.2277142857142857,0.002714285714285697,0.0,0.0,0.0,0.006486202196968257,0.00271428571428578,0.006500001406683439,0.00271428571428578,0.002714285714285697,5.258822042614598e-06,0.002714285714285697
clean,no_overlap,Hyperkalemia,binary,0.048357142857142855,0.04692857142857143,-0.0014285714285714249,0.0,0.0,0.0,-0.006706649050410733,0.0014285714285714457,0.006659393032247086,0.0014285714285714457,-0.0014285714285714249,5.622530098706136e-06,0.0014285714285714249
clean,no_overlap,Hyponatremia,binary,0.07871428571428571,0.07978571428571428,0.0010714285714285704,0.0,0.0,0.0,0.003966373229427741,0.001071428571428501,0.003978682424801599,0.001071428571428501,0.0010714285714285704,1.966520638886605e-06,0.0010714285714285704
clean,no_overlap,QT_arrhythmia,binary,0.015928571428571427,0.016428571428571428,0.0005000000000000004,0.0,0.0,0.0,0.003963169370816795,0.000500000000000056,0.0039936341675199,0.000500000000000056,0.0005000000000000004,1.963408101231446e-06,0.0005000000000000004
clean,no_overlap,active_drug_count,count,5.868714285714286,6.035785714285714,0.1670714285714281,0.0,0.0,0.0,0.0748687072595652,0.16707142857142843,0.07586842541372629,0.029571428571428582,,,0.0748687072595652
clean,no_overlap,ddi_renal_double_hit,binary,0.14135714285714285,0.14064285714285715,-0.0007142857142856951,0.0,0.0,0.0,-0.0020524191338894267,0.0007142857142856673,0.0020502499232967117,0.0007142857142856673,-0.0007142857142856951,5.265529689012065e-07,0.0007142857142856951
clean,no_overlap,ddi_renal_triple_whammy,binary,0.06814285714285714,0.06457142857142857,-0.0035714285714285726,0.0,0.0,0.0,-0.014348910175324216,0.0035714285714285587,0.014172848014145726,0.0035714285714285587,-0.0035714285714285726,2.5737980164745335e-05,0.0035714285714285726
clean,no_overlap,ddi_cns_depression_synergy,binary,0.033357142857142856,0.0375,0.004142857142857143,0.0,0.0,0.0,0.02241213384645784,0.004142857142857115,0.02307132369007049,0.004142857142857115,0.004142857142857143,6.281463472572425e-05,0.004142857142857143
clean,no_overlap,ddi_bleeding_dual,binary,0.08407142857142857,0.13207142857142856,0.04799999999999999,0.0,0.0,0.0,0.15506801609742446,0.04800000000000004,0.17297614756505403,0.04800000000000004,0.04799999999999999,0.003010187221990193,0.04799999999999999
clean,no_overlap,ddi_bleeding_triple,binary,0.0245,0.036642857142857144,0.012142857142857143,0.0,0.0,0.0,0.07057897826750456,0.012142857142857122,0.07854602412809372,0.012142857142857122,0.012142857142857143,0.0006259266435411472,0.012142857142857143
clean,no_overlap,ddi_serotonergic_synergy,binary,0.027428571428571427,0.028857142857142856,0.0014285714285714284,0.0,0.0,0.0,0.008638149222841724,0.0014285714285713347,0.008746606974612553,0.0014285714285713347,0.0014285714285714284,9.32800223365669e-06,0.0014285714285714284
clean,no_overlap,ddi_qt_multidrug_load,count,0.702,0.7152857142857143,0.013285714285714345,0.0,0.0,0.0,0.017285087604464566,0.013285714285714123,0.017409929947071075,0.005357142857142838,,,0.017285087604464566
clean,no_overlap,ddi_hepatic_triple_hit,binary,0.0015,0.002357142857142857,0.0008571428571428571,0.0,0.0,0.0,0.019537781846460964,0.0008571428571428896,0.022147950603640422,0.0008571428571428896,0.0008571428571428571,4.811094120603054e-05,0.0008571428571428571
clean,no_overlap,cumulative_adr_burden,continuous,1.8654971428571427,1.8925057142857142,0.027008571428571493,0.0,0.0,0.0,0.017333819808380817,0.028799999999999895,0.01857845461255397,0.01314285714285715,,,0.017333819808380817
clean,no_overlap,severe_adr_burden,binary,0.10335714285714286,0.10557142857142857,0.0022142857142857103,0.0,0.0,0.0,0.007239542610874551,0.002214285714285724,0.007273671176643688,0.002214285714285724,0.0022142857142857103,6.551396323531541e-06,0.0022142857142857103
clean,no_overlap,statin,binary,0.3097857142857143,0.3195,0.00971428571428573,0.0,0.0,0.0,0.020920266863884627,0.009714285714285675,0.021008169246180222,0.009714285714285675,0.00971428571428573,5.470284380730203e-05,0.00971428571428573
clean,no_overlap,macrolide,binary,0.12271428571428572,0.12721428571428572,0.004500000000000004,0.0,0.0,0.0,0.01360870256794995,0.0045000000000000595,0.013714956143166743,0.0045000000000000595,0.004500000000000004,2.314962420708346e-05,0.004500000000000004
clean,no_overlap,azole_antifungal,binary,0.07835714285714286,0.08185714285714285,0.0034999999999999892,0.0,0.0,0.0,0.012893559376380048,0.0034999999999999476,0.013024090868361591,0.0034999999999999476,0.0034999999999999892,2.078114224496883e-05,0.0034999999999999892
clean,no_overlap,metformin,binary,0.29328571428571426,0.291,-0.00228571428571428,0.0,0.0,0.0,-0.005026351643807716,0.0022857142857142243,0.005020587642434661,0.0022857142857142243,-0.00228571428571428,3.158012512297038e-06,0.00228571428571428
clean,no_overlap,digoxin,binary,0.09071428571428572,0.08814285714285715,-0.0025714285714285717,0.0,0.0,0.0,-0.009011222581209328,0.002571428571428558,0.008953368067939886,0.002571428571428558,-0.0025714285714285717,1.0150379223416235e-05,0.0025714285714285717
clean,no_overlap,triptan,binary,0.08885714285714286,0.09464285714285714,0.005785714285714283,0.0,0.0,0.0,0.02004347651811022,0.005785714285714283,0.020333754388867833,0.005785714285714283,0.005785714285714283,5.022014283813966e-05,0.005785714285714283
clean,no_overlap,lithium,binary,0.052571428571428575,0.05035714285714286,-0.0022142857142857172,0.0,0.0,0.0,-0.010022112933905895,0.002214285714285724,0.009921687179516102,0.002214285714285724,-0.0022142857142857172,1.255594708594876e-05,0.0022142857142857172
clean,no_overlap,potassium_supplement,binary,0.13014285714285714,0.12957142857142856,-0.0005714285714285838,0.0,0.0,0.0,-0.0016999412282041838,0.0005714285714285561,0.0016983524255285104,0.0005714285714285561,-0.0005714285714285838,3.6122501600595563e-07,0.0005714285714285838
clean,no_overlap,hypertension,binary,0.5300714285714285,0.5297142857142857,-0.00035714285714283367,0.0,0.0,0.0,-0.0007155657394234635,0.0003571428571428892,0.0007155810735146554,0.0003571428571428892,-0.00035714285714283367,6.400428408886267e-08,0.00035714285714283367
clean,no_overlap,atrial_fibrillation,binary,0.13657142857142857,0.137,0.0004285714285714448,0.0,0.0,0.0,0.0012472215848757888,0.0004285714285714448,0.0012480445287867063,0.0004285714285714448,0.0004285714285714448,1.944452035324652e-07,0.0004285714285714448
clean,no_overlap,epilepsy,binary,0.032857142857142856,0.03585714285714286,0.0030000000000000027,0.0,0.0,0.0,0.01647097072594511,0.0030000000000000027,0.01682910586416497,0.0030000000000000027,0.0030000000000000027,3.39197205301891e-05,0.0030000000000000027
clean,no_overlap,hypothyroidism,binary,0.15,0.15464285714285714,0.004642857142857143,0.0,0.0,0.0,0.012921064063040034,0.004642857142857171,0.01300260078026017,0.004642857142857171,0.004642857142857143,2.0869054877631918e-05,0.004642857142857143
clean,no_overlap,obesity,binary,0.33685714285714285,0.3262857142857143,-0.010571428571428565,0.0,0.0,0.0,-0.022456651642903117,0.010571428571428565,0.022366974946565636,0.010571428571428565,-0.010571428571428565,6.303170632066283e-05,0.010571428571428565
clean,no_overlap,nephrotoxin_load,count,1.0979285714285714,1.100642857142857,0.002714285714285669,0.0,0.0,0.0,0.0031932825086661235,0.010571428571428593,0.012421180565566988,0.004928571428571421,,,0.0031932825086661235
clean,no_overlap,hepatic_drug_load,count,0.9044285714285715,0.9247857142857143,0.02035714285714285,0.0,0.0,0.0,0.023716304498611313,0.02035714285714274,0.02381909653444042,0.009857142857142787,,,0.023716304498611313
clean,no_overlap,qt_drug_load_v3,count,0.7927142857142857,0.8034285714285714,0.010714285714285676,0.0,0.0,0.0,0.013072351064221641,0.01071428571428562,0.013139789144282883,0.003928571428571392,,,0.013072351064221641
clean,no_overlap,cns_depressant_load,count,0.6017857142857143,0.6191428571428571,0.01735714285714285,0.0,0.0,0.0,0.024167971446056303,0.017642857142857293,0.02475882567152742,0.00907142857142862,,,0.024167971446056303
clean,no_overlap,bleeding_risk_load,count,1.2585,1.3611428571428572,0.10264285714285726,0.0,0.0,0.0,0.10207653585886031,0.10264285714285704,0.10457483947455494,0.04128571428571426,,,0.10207653585886031
clean,no_overlap,serotonergic_load,count,0.6242142857142857,0.6429285714285714,0.018714285714285683,0.0,0.0,0.0,0.025943145137851446,0.020857142857142907,0.02896348267149608,0.013214285714285734,,,0.025943145137851446
clean,no_overlap,cyp_inhibitor_load,count,0.20107142857142857,0.20907142857142857,0.008000000000000007,0.0,0.0,0.0,0.018755911478326052,0.009571428571428564,0.022537797445609194,0.008785714285714286,,,0.018755911478326052
clean,no_overlap,ddi_statin_cyp_inhibitor,binary,0.05821428571428571,0.06314285714285714,0.004928571428571428,0.0,0.0,0.0,0.020645214690738576,0.004928571428571504,0.02104893947376291,0.004928571428571504,0.004928571428571428,5.328620300304541e-05,0.004928571428571428
clean,no_overlap,ddi_metformin_renal_risk,binary,0.030642857142857142,0.02907142857142857,-0.0015714285714285708,0.0,0.0,0.0,-0.009233307621755121,0.001571428571428668,0.009117759014851025,0.001571428571428668,-0.0015714285714285708,1.0657712695717725e-05,0.0015714285714285708
clean,no_overlap,ddi_lithium_renal_risk,binary,0.005071428571428571,0.004071428571428571,-0.001,0.0,0.0,0.0,-0.014824529203520677,0.0010000000000000009,0.014077932940265334,0.0010000000000000009,-0.001,2.752410500315232e-05,0.001
clean,no_overlap,ddi_digoxin_electrolyte_risk,binary,0.008142857142857143,0.008642857142857143,0.0005000000000000004,0.0,0.0,0.0,0.005480837126592295,0.000500000000000056,0.0055636145456777145,0.000500000000000056,0.0005000000000000004,3.7554695643734755e-06,0.0005000000000000004
clean,no_overlap,ddi_serotonergic_high_load,binary,0.11492857142857144,0.1215,0.006571428571428561,0.0,0.0,0.0,0.020354749962340067,0.006571428571428672,0.020604241274735126,0.006571428571428672,0.006571428571428561,5.179001232513258e-05,0.006571428571428561
clean,no_overlap,drug_disease_nsaid_ckd,binary,0.025214285714285713,0.023142857142857142,-0.0020714285714285713,0.0,0.0,0.0,-0.013485881555797006,0.002071428571428613,0.01321271445629299,0.002071428571428613,-0.0020714285714285713,2.27393806795181e-05,0.0020714285714285713
clean,no_overlap,drug_disease_nsaid_heart_failure,binary,0.023,0.021,-0.0019999999999999983,0.0,0.0,0.0,-0.013635131177623534,0.0020000000000000018,0.013341934241030296,0.0020000000000000018,-0.0019999999999999983,2.32463529310083e-05,0.0019999999999999983
clean,no_overlap,drug_disease_qt_baseline_risk,binary,0.040785714285714286,0.040928571428571425,0.00014285714285713902,0.0,0.0,0.0,0.0007216495468530237,0.00014285714285711126,0.000722254247607397,0.00014285714285711126,0.00014285714285713902,6.509728183863144e-08,0.00014285714285713902
clean,no_overlap,drug_disease_hepatic_liver_disease,binary,0.039857142857142855,0.038142857142857145,-0.0017142857142857099,0.0,0.0,0.0,-0.008855099906510283,0.0017142857142856682,0.00876318936872991,0.0017142857142856682,-0.0017142857142857099,9.802165646910737e-06,0.0017142857142857099
clean,no_overlap,drug_disease_anticoagulant_frailty,binary,0.012142857142857143,0.014214285714285714,0.0020714285714285713,0.0,0.0,0.0,0.018164958964355004,0.002071428571428613,0.018913088168976074,0.002071428571428613,0.0020714285714285713,4.1284314688550114e-05,0.0020714285714285713
clean,no_overlap,muscle_injury,binary,0.031,0.03314285714285714,0.002142857142857141,0.0,0.0,0.0,0.012162432466121118,0.002142857142857113,0.012363757650309448,0.002142857142857113,0.002142857142857141,1.849324228827534e-05,0.002142857142857141
clean,no_overlap,lactate_accumulation,binary,0.014857142857142857,0.014285714285714285,-0.0005714285714285717,0.0,0.0,0.0,-0.004768694984246564,0.0005714285714286671,0.004723290914803476,0.0005714285714286671,-0.0005714285714285717,2.842719839591415e-06,0.0005714285714285717
clean,no_overlap,serotonin_toxicity,binary,0.015642857142857142,0.014642857142857143,-0.0009999999999999992,0.0,0.0,0.0,-0.008188665067448168,0.0010000000000000009,0.008058711564760977,0.0010000000000000009,-0.0009999999999999992,8.383139547080642e-06,0.0009999999999999992
clean,no_overlap,digoxin_toxicity,binary,0.010285714285714285,0.009428571428571429,-0.0008571428571428567,0.0,0.0,0.0,-0.008676265677049027,0.0008571428571427786,0.008495345825381532,0.0008571428571427786,-0.0008571428571428567,9.412458745951502e-06,0.0008571428571428567
clean,no_overlap,lithium_toxicity,binary,0.006857142857142857,0.008214285714285714,0.0013571428571428571,0.0,0.0,0.0,0.015693480757277913,0.0013571428571428346,0.016445538730925035,0.0013571428571428346,0.0013571428571428571,3.082519477704053e-05,0.0013571428571428571
clean,no_overlap,Serotonin_syndrome,binary,0.0025,0.0027142857142857142,0.00021428571428571417,0.0,0.0,0.0,0.004202218558620731,0.0002142857142857224,0.004291081494186668,0.0002142857142857224,0.00021428571428571417,2.2079404701259785e-06,0.00021428571428571417
clean,no_overlap,Rhabdomyolysis,binary,0.003357142857142857,0.0037142857142857142,0.0003571428571428571,0.0,0.0,0.0,0.0060169234121437605,0.00035714285714283367,0.006174293614854981,0.00035714285714283367,0.0003571428571428571,4.5272989763819605e-06,0.0003571428571428571
clean,no_overlap,Lactic_acidosis,binary,0.0055,0.004857142857142857,-0.0006428571428571429,0.0,0.0,0.0,-0.008956560780489604,0.0006428571428570562,0.008692220510514936,0.0006428571428570562,-0.0006428571428571429,1.0033711533617836e-05,0.0006428571428571429
clean,noisy_documentation,age,continuous,65.81977857142859,65.81977857142859,0.0,0.0,0.0,0.0,0.0,0.0,0.0,0.0,,,0.0
clean,noisy_documentation,alcohol_use,binary,0.129,0.129,0.0,0.0,0.0,0.0,0.0,0.0,0.0,0.0,0.0,0.0,0.0
clean,noisy_documentation,baseline_alt_ast,continuous,24.89476428571429,24.89476428571429,0.0,0.0,0.0,0.0,0.0,0.0,0.0,0.0,,,0.0
clean,noisy_documentation,baseline_egfr,continuous,74.49969285714286,74.49969285714286,0.0,0.0,0.0,0.0,0.0,0.0,0.0,0.0,,,0.0
clean,noisy_documentation,baseline_mood_vulnerability,binary,0.11507142857142857,0.11507142857142857,0.0,0.0,0.0,0.0,0.0,0.0,0.0,0.0,0.0,0.0,0.0
clean,noisy_documentation,baseline_potassium,continuous,4.269931428571429,4.269931428571429,0.0,0.0,0.0,0.0,0.0,0.0,0.0,0.0,,,0.0
clean,noisy_documentation,baseline_qt_risk,binary,0.06907142857142858,0.06907142857142858,0.0,0.0,0.0,0.0,0.0,0.0,0.0,0.0,0.0,0.0,0.0
clean,noisy_documentation,baseline_sodium,continuous,138.95499285714286,138.95499285714286,0.0,0.0,0.0,0.0,0.0,0.0,0.0,0.0,,,0.0
clean,noisy_documentation,ckd,binary,0.09121428571428572,0.09121428571428572,0.0,0.0,0.0,0.0,0.0,0.0,0.0,0.0,0.0,0.0,0.0
clean,noisy_documentation,depression_history,binary,0.12007142857142857,0.12007142857142857,0.0,0.0,0.0,0.0,0.0,0.0,0.0,0.0,0.0,0.0,0.0
clean,noisy_documentation,diabetes,binary,0.17085714285714285,0.17085714285714285,0.0,0.0,0.0,0.0,0.0,0.0,0.0,0.0,0.0,0.0,0.0
clean,noisy_documentation,frailty,binary,0.03578571428571429,0.03578571428571429,0.0,0.0,0.0,0.0,0.0,0.0,0.0,0.0,0.0,0.0,0.0
clean,noisy_documentation,heart_failure,binary,0.08185714285714285,0.08185714285714285,0.0,0.0,0.0,0.0,0.0,0.0,0.0,0.0,0.0,0.0,0.0
clean,noisy_documentation,infection,binary,0.08292857142857143,0.08292857142857143,0.0,0.0,0.0,0.0,0.0,0.0,0.0,0.0,0.0,0.0,0.0
clean,noisy_documentation,liver_disease,binary,0.06092857142857143,0.06092857142857143,0.0,0.0,0.0,0.0,0.0,0.0,0.0,0.0,0.0,0.0,0.0
clean,noisy_documentation,monitoring_intensity,continuous,0.38979985714285714,0.38979985714285714,0.0,0.0,0.0,0.0,0.0,0.0,0.0,0.0,,,0.0
clean,noisy_documentation,polypharmacy_burden,count,4.926785714285714,4.926785714285714,0.0,0.0,0.0,0.0,0.0,0.0,0.0,0.0,,,0.0
clean,noisy_documentation,sex_female,binary,0.5417142857142857,0.5417142857142857,0.0,0.0,0.0,0.0,0.0,0.0,0.0,0.0,0.0,0.0,0.0
clean,noisy_documentation,acei_arb,binary,0.5342857142857143,0.5342857142857143,0.0,0.0,0.0,0.0,0.0,0.0,0.0,0.0,0.0,0.0,0.0
clean,noisy_documentation,aminoglycoside,binary,0.06664285714285714,0.06664285714285714,0.0,0.0,0.0,0.0,0.0,0.0,0.0,0.0,0.0,0.0,0.0
clean,noisy_documentation,antibiotic_hepatic_risk,binary,0.2077142857142857,0.2077142857142857,0.0,0.0,0.0,0.0,0.0,0.0,0.0,0.0,0.0,0.0,0.0
clean,noisy_documentation,anticholinergic,binary,0.15492857142857142,0.15492857142857142,0.0,0.0,0.0,0.0,0.0,0.0,0.0,0.0,0.0,0.0,0.0
clean,noisy_documentation,anticoagulant,binary,0.2725,0.2725,0.0,0.0,0.0,0.0,0.0,0.0,0.0,0.0,0.0,0.0,0.0
clean,noisy_documentation,antiplatelet,binary,0.29714285714285715,0.29714285714285715,0.0,0.0,0.0,0.0,0.0,0.0,0.0,0.0,0.0,0.0,0.0
clean,noisy_documentation,benzodiazepine,binary,0.1972142857142857,0.1972142857142857,0.0,0.0,0.0,0.0,0.0,0.0,0.0,0.0,0.0,0.0,0.0
clean,noisy_documentation,beta_blocker,binary,0.32785714285714285,0.32785714285714285,0.0,0.0,0.0,0.0,0.0,0.0,0.0,0.0,0.0,0.0,0.0
clean,noisy_documentation,contrast_agent,binary,0.18292857142857144,0.18292857142857144,0.0,0.0,0.0,0.0,0.0,0.0,0.0,0.0,0.0,0.0,0.0
clean,noisy_documentation,corticosteroid,binary,0.17064285714285715,0.17064285714285715,0.0,0.0,0.0,0.0,0.0,0.0,0.0,0.0,0.0,0.0,0.0
clean,noisy_documentation,diuretic,binary,0.44471428571428573,0.44471428571428573,0.0,0.0,0.0,0.0,0.0,0.0,0.0,0.0,0.0,0.0,0.0
clean,noisy_documentation,hepatotoxic_drug_A,binary,0.10692857142857143,0.10692857142857143,0.0,0.0,0.0,0.0,0.0,0.0,0.0,0.0,0.0,0.0,0.0
clean,noisy_documentation,herbal_exposure,binary,0.15214285714285714,0.15214285714285714,0.0,0.0,0.0,0.0,0.0,0.0,0.0,0.0,0.0,0.0,0.0
clean,noisy_documentation,nsaid,binary,0.2615,0.2615,0.0,0.0,0.0,0.0,0.0,0.0,0.0,0.0,0.0,0.0,0.0
clean,noisy_documentation,opioid,binary,0.1707142857142857,0.1707142857142857,0.0,0.0,0.0,0.0,0.0,0.0,0.0,0.0,0.0,0.0,0.0
clean,noisy_documentation,ppi,binary,0.382,0.382,0.0,0.0,0.0,0.0,0.0,0.0,0.0,0.0,0.0,0.0,0.0
clean,noisy_documentation,qt_prolonging_drug,binary,0.1362857142857143,0.1362857142857143,0.0,0.0,0.0,0.0,0.0,0.0,0.0,0.0,0.0,0.0,0.0
clean,noisy_documentation,snri,binary,0.10792857142857143,0.10792857142857143,0.0,0.0,0.0,0.0,0.0,0.0,0.0,0.0,0.0,0.0,0.0
clean,noisy_documentation,ssri,binary,0.25671428571428573,0.25671428571428573,0.0,0.0,0.0,0.0,0.0,0.0,0.0,0.0,0.0,0.0,0.0
clean,noisy_documentation,thiazide,binary,0.19257142857142856,0.19257142857142856,0.0,0.0,0.0,0.0,0.0,0.0,0.0,0.0,0.0,0.0,0.0
clean,noisy_documentation,valproate_like_drug,binary,0.07892857142857143,0.07892857142857143,0.0,0.0,0.0,0.0,0.0,0.0,0.0,0.0,0.0,0.0,0.0
clean,noisy_documentation,anticholinergic_burden,binary,0.0945,0.0945,0.0,0.0,0.0,0.0,0.0,0.0,0.0,0.0,0.0,0.0,0.0
clean,noisy_documentation,cardiac_repolarization_delay,binary,0.17842857142857144,0.17842857142857144,0.0,0.0,0.0,0.0,0.0,0.0,0.0,0.0,0.0,0.0,0.0
clean,noisy_documentation,cholestatic_pattern,binary,0.11064285714285714,0.11064285714285714,0.0,0.0,0.0,0.0,0.0,0.0,0.0,0.0,0.0,0.0,0.0
clean,noisy_documentation,cns_sedation,binary,0.15614285714285714,0.15614285714285714,0.0,0.0,0.0,0.0,0.0,0.0,0.0,0.0,0.0,0.0,0.0
clean,noisy_documentation,coagulation_impairment,binary,0.15121428571428572,0.15121428571428572,0.0,0.0,0.0,0.0,0.0,0.0,0.0,0.0,0.0,0.0,0.0
clean,noisy_documentation,electrolyte_disturbance,binary,0.09028571428571429,0.09028571428571429,0.0,0.0,0.0,0.0,0.0,0.0,0.0,0.0,0.0,0.0,0.0
clean,noisy_documentation,fatigue_pathway,binary,0.09742857142857143,0.09742857142857143,0.0,0.0,0.0,0.0,0.0,0.0,0.0,0.0,0.0,0.0,0.0
clean,noisy_documentation,gastric_mucosal_injury,binary,0.10328571428571429,0.10328571428571429,0.0,0.0,0.0,0.0,0.0,0.0,0.0,0.0,0.0,0.0,0.0
clean,noisy_documentation,gastric_protection,binary,0.11178571428571428,0.11178571428571428,0.0,0.0,0.0,0.0,0.0,0.0,0.0,0.0,0.0,0.0,0.0
clean,noisy_documentation,hepatic_metabolic_stress,binary,0.13785714285714284,0.13785714285714284,0.0,0.0,0.0,0.0,0.0,0.0,0.0,0.0,0.0,0.0,0.0
clean,noisy_documentation,hepatocellular_injury,binary,0.07657142857142857,0.07657142857142857,0.0,0.0,0.0,0.0,0.0,0.0,0.0,0.0,0.0,0.0,0.0
clean,noisy_documentation,monoamine_disruption,binary,0.08242857142857143,0.08242857142857143,0.0,0.0,0.0,0.0,0.0,0.0,0.0,0.0,0.0,0.0,0.0
clean,noisy_documentation,nephrotoxic_stress,binary,0.12228571428571429,0.12228571428571429,0.0,0.0,0.0,0.0,0.0,0.0,0.0,0.0,0.0,0.0,0.0
clean,noisy_documentation,oxidative_hepatic_stress,binary,0.08728571428571429,0.08728571428571429,0.0,0.0,0.0,0.0,0.0,0.0,0.0,0.0,0.0,0.0,0.0
clean,noisy_documentation,platelet_inhibition,binary,0.11242857142857143,0.11242857142857143,0.0,0.0,0.0,0.0,0.0,0.0,0.0,0.0,0.0,0.0,0.0
clean,noisy_documentation,potassium_retention,binary,0.14142857142857143,0.14142857142857143,0.0,0.0,0.0,0.0,0.0,0.0,0.0,0.0,0.0,0.0,0.0
clean,noisy_documentation,psychomotor_impairment,binary,0.10821428571428572,0.10821428571428572,0.0,0.0,0.0,0.0,0.0,0.0,0.0,0.0,0.0,0.0,0.0
clean,noisy_documentation,reduced_renal_perfusion,binary,0.175,0.175,0.0,0.0,0.0,0.0,0.0,0.0,0.0,0.0,0.0,0.0,0.0
clean,noisy_documentation,serotonergic_shift,binary,0.13985714285714285,0.13985714285714285,0.0,0.0,0.0,0.0,0.0,0.0,0.0,0.0,0.0,0.0,0.0
clean,noisy_documentation,sleep_disruption,binary,0.08792857142857143,0.08792857142857143,0.0,0.0,0.0,0.0,0.0,0.0,0.0,0.0,0.0,0.0,0.0
clean,noisy_documentation,sodium_water_imbalance,binary,0.11271428571428571,0.11271428571428571,0.0,0.0,0.0,0.0,0.0,0.0,0.0,0.0,0.0,0.0,0.0
clean,noisy_documentation,tubular_injury,binary,0.10028571428571428,0.10028571428571428,0.0,0.0,0.0,0.0,0.0,0.0,0.0,0.0,0.0,0.0,0.0
clean,noisy_documentation,volume_depletion,binary,0.12114285714285715,0.12114285714285715,0.0,0.0,0.0,0.0,0.0,0.0,0.0,0.0,0.0,0.0,0.0
clean,noisy_documentation,alt_ast_rise,binary,0.05928571428571429,0.05335714285714286,-0.005928571428571429,0.0,0.0,0.0,-0.025717993495598945,0.005928571428571394,0.025104186850371548,0.005928571428571394,-0.005928571428571429,8.269929217369571e-05,0.005928571428571429
clean,noisy_documentation,anhedonia_like_symptom,binary,0.04314285714285714,0.04314285714285714,0.0,0.0,0.0,0.0,0.0,0.0,0.0,0.0,0.0,0.0,0.0
clean,noisy_documentation,bilirubin_rise,binary,0.021642857142857144,0.021642857142857144,0.0,0.0,0.0,0.0,0.0,0.0,0.0,0.0,0.0,0.0,0.0
clean,noisy_documentation,cognitive_slowing,binary,0.06921428571428571,0.06921428571428571,0.0,0.0,0.0,0.0,0.0,0.0,0.0,0.0,0.0,0.0,0.0
clean,noisy_documentation,confusion_state,binary,0.069,0.05128571428571429,-0.017714285714285717,0.0,0.0,0.0,-0.0745593769785525,0.017714285714285682,0.0698914835781604,0.017714285714285682,-0.017714285714285717,0.0006963019425258957,0.017714285714285717
clean,noisy_documentation,creatinine_rise,binary,0.14635714285714285,0.13364285714285715,-0.012714285714285706,0.0,0.0,0.0,-0.03664811340718751,0.012714285714285678,0.03597053522009316,0.012714285714285678,-0.012714285714285706,0.00016787902989410814,0.012714285714285706
clean,noisy_documentation,dehydration,binary,0.11621428571428571,0.11621428571428571,0.0,0.0,0.0,0.0,0.0,0.0,0.0,0.0,0.0,0.0,0.0
clean,noisy_documentation,dizziness,binary,0.14307142857142857,0.09378571428571429,-0.04928571428571428,0.0,0.0,0.0,-0.15297864143467532,0.049285714285714266,0.14075774047241388,0.049285714285714266,-0.04928571428571428,0.002927167512365981,0.04928571428571428
clean,noisy_documentation,fatigue_symptom,binary,0.1977142857142857,0.1977142857142857,0.0,0.0,0.0,0.0,0.0,0.0,0.0,0.0,0.0,0.0,0.0
clean,noisy_documentation,gi_irritation,binary,0.09971428571428571,0.09971428571428571,0.0,0.0,0.0,0.0,0.0,0.0,0.0,0.0,0.0,0.0,0.0
clean,noisy_documentation,hyperkalemia_state,binary,0.060714285714285714,0.06035714285714286,-0.0003571428571428545,0.0,0.0,0.0,-0.0014976009863140933,0.00035714285714283367,0.0014955387321317856,0.00035714285714283367,-0.0003571428571428545,2.803513141549902e-07,0.0003571428571428545
clean,noisy_documentation,hyponatremia_state,binary,0.06921428571428571,0.06735714285714285,-0.0018571428571428628,0.0,0.0,0.0,-0.007362782131397408,0.0018571428571427795,0.007316823637429496,0.0018571428571427795,-0.0018571428571428628,6.776422921093983e-06,0.0018571428571428628
clean,noisy_documentation,hypotension,binary,0.10335714285714286,0.10335714285714286,0.0,0.0,0.0,0.0,0.0,0.0,0.0,0.0,0.0,0.0,0.0
clean,noisy_documentation,jaundice,binary,0.011142857142857144,0.011142857142857144,0.0,0.0,0.0,0.0,0.0,0.0,0.0,0.0,0.0,0.0,0.0
clean,noisy_documentation,mood_lowering,binary,0.08978571428571429,0.05842857142857143,-0.03135714285714286,0.0,0.0,0.0,-0.11992381075070832,0.03135714285714286,0.10968848543647251,0.03135714285714286,-0.03135714285714286,0.001803880677236665,0.03135714285714286
clean,noisy_documentation,nausea,binary,0.10635714285714286,0.10635714285714286,0.0,0.0,0.0,0.0,0.0,0.0,0.0,0.0,0.0,0.0,0.0
clean,noisy_documentation,occult_bleeding,binary,0.027071428571428573,0.027071428571428573,0.0,0.0,0.0,0.0,0.0,0.0,0.0,0.0,0.0,0.0,0.0
clean,noisy_documentation,overt_bleeding,binary,0.025142857142857144,0.025142857142857144,0.0,0.0,0.0,0.0,0.0,0.0,0.0,0.0,0.0,0.0,0.0
clean,noisy_documentation,qt_prolongation_state,binary,0.048857142857142856,0.04385714285714286,-0.0049999999999999975,0.0,0.0,0.0,-0.023782061364216747,0.0050000000000000044,0.023194397510023744,0.0050000000000000044,-0.0049999999999999975,7.072102807381708e-05,0.0049999999999999975
clean,noisy_documentation,sedation_state,binary,0.12957142857142856,0.12957142857142856,0.0,0.0,0.0,0.0,0.0,0.0,0.0,0.0,0.0,0.0,0.0
clean,noisy_documentation,sleep_disturbance_symptom,binary,0.11521428571428571,0.11521428571428571,0.0,0.0,0.0,0.0,0.0,0.0,0.0,0.0,0.0,0.0,0.0
clean,noisy_documentation,adr_reported,binary,0.04285714285714286,0.04285714285714286,0.0,0.0,0.0,0.0,0.0,0.0,0.0,0.0,0.0,0.0,0.0
clean,noisy_documentation,creatinine_tested,binary,0.4868571428571429,0.4868571428571429,0.0,0.0,0.0,0.0,0.0,0.0,0.0,0.0,0.0,0.0,0.0
clean,noisy_documentation,ecg_performed,binary,0.243,0.243,0.0,0.0,0.0,0.0,0.0,0.0,0.0,0.0,0.0,0.0,0.0
clean,noisy_documentation,electrolyte_abnormality_recorded,binary,0.10642857142857143,0.10642857142857143,0.0,0.0,0.0,0.0,0.0,0.0,0.0,0.0,0.0,0.0,0.0
clean,noisy_documentation,electrolytes_tested,binary,0.4242142857142857,0.4242142857142857,0.0,0.0,0.0,0.0,0.0,0.0,0.0,0.0,0.0,0.0,0.0
clean,noisy_documentation,elevated_alt_ast_recorded,binary,0.028428571428571428,0.028428571428571428,0.0,0.0,0.0,0.0,0.0,0.0,0.0,0.0,0.0,0.0,0.0
clean,noisy_documentation,elevated_creatinine_recorded,binary,0.09357142857142857,0.09357142857142857,0.0,0.0,0.0,0.0,0.0,0.0,0.0,0.0,0.0,0.0,0.0
clean,noisy_documentation,fall_reported,binary,0.05828571428571429,0.05828571428571429,0.0,0.0,0.0,0.0,0.0,0.0,0.0,0.0,0.0,0.0,0.0
clean,noisy_documentation,hospital_contact,binary,0.27085714285714285,0.27085714285714285,0.0,0.0,0.0,0.0,0.0,0.0,0.0,0.0,0.0,0.0,0.0
clean,noisy_documentation,lft_tested,binary,0.3292857142857143,0.3292857142857143,0.0,0.0,0.0,0.0,0.0,0.0,0.0,0.0,0.0,0.0,0.0
clean,noisy_documentation,mood_screening_done,binary,0.17685714285714285,0.17685714285714285,0.0,0.0,0.0,0.0,0.0,0.0,0.0,0.0,0.0,0.0,0.0
clean,noisy_documentation,qt_recorded,binary,0.018357142857142857,0.018357142857142857,0.0,0.0,0.0,0.0,0.0,0.0,0.0,0.0,0.0,0.0,0.0
clean,noisy_documentation,AKI,binary,0.131,0.123,-0.008000000000000007,0.0,0.0,0.0,-0.024027707909259573,0.008000000000000007,0.02371070411094612,0.008000000000000007,-0.008000000000000007,7.21663798803826e-05,0.008000000000000007
clean,noisy_documentation,DILI,binary,0.018,0.023642857142857143,0.005642857142857144,0.0,0.0,0.0,0.0395273450882782,0.005642857142857172,0.04244309632156619,0.005642857142857172,0.005642857142857144,0.0001958144760603026,0.005642857142857144
clean,noisy_documentation,Delirium,binary,0.03692857142857143,0.031142857142857142,-0.005785714285714286,0.0,0.0,0.0,-0.03191275467579896,0.005785714285714283,0.030679373032511687,0.005785714285714283,-0.005785714285714286,0.00012741904146568368,0.005785714285714286
clean,noisy_documentation,Depression,binary,0.08464285714285714,0.056,-0.028642857142857144,0.0,0.0,0.0,-0.11219884984366625,0.02864285714285708,0.1029024919867428,0.02864285714285708,-0.028642857142857144,0.0015788923783984022,0.028642857142857144
clean,noisy_documentation,Falls,binary,0.07785714285714286,0.06307142857142857,-0.014785714285714291,0.0,0.0,0.0,-0.0577970952198948,0.014785714285714291,0.05518156017731634,0.014785714285714291,-0.014785714285714291,0.0004179295383321827,0.014785714285714291
clean,noisy_documentation,GI_bleeding,binary,0.021214285714285713,0.026571428571428572,0.005357142857142859,0.0,0.0,0.0,0.03508465838801161,0.005357142857142838,0.03717707434100356,0.005357142857142838,0.005357142857142859,0.00015413542278682217,0.005357142857142859
clean,noisy_documentation,Hospitalization,binary,0.225,0.19942857142857143,-0.02557142857142858,0.0,0.0,0.0,-0.06257142868306016,0.02557142857142858,0.061236855357700404,0.02557142857142858,-0.02557142857142858,0.0004891573240574983,0.02557142857142858
clean,noisy_documentation,Hyperkalemia,binary,0.048357142857142855,0.051,0.0026428571428571412,0.0,0.0,0.0,0.012163593832454992,0.002642857142857169,0.012319877109657084,0.002642857142857169,0.0026428571428571412,1.8495516168180997e-05,0.0026428571428571412
clean,noisy_documentation,Hyponatremia,binary,0.07871428571428571,0.07607142857142857,-0.0026428571428571412,0.0,0.0,0.0,-0.009890543389407569,0.002642857142857169,0.009814083314511352,0.002642857142857169,-0.0026428571428571412,1.2228105560366524e-05,0.0026428571428571412
clean,noisy_documentation,QT_arrhythmia,binary,0.015928571428571427,0.019571428571428573,0.0036428571428571456,0.0,0.0,0.0,0.027591370100739122,0.00364285714285717,0.029096477506213376,0.00364285714285717,0.0036428571428571456,9.530706185544057e-05,0.0036428571428571456
clean,noisy_documentation,active_drug_count,count,5.868714285714286,5.868714285714286,0.0,0.0,0.0,0.0,0.0,0.0,0.0,0.0,,,0.0
clean,noisy_documentation,ddi_renal_double_hit,binary,0.14135714285714285,0.14135714285714285,0.0,0.0,0.0,0.0,0.0,0.0,0.0,0.0,0.0,0.0,0.0
clean,noisy_documentation,ddi_renal_triple_whammy,binary,0.06814285714285714,0.06814285714285714,0.0,0.0,0.0,0.0,0.0,0.0,0.0,0.0,0.0,0.0,0.0
clean,noisy_documentation,ddi_cns_depression_synergy,binary,0.033357142857142856,0.033357142857142856,0.0,0.0,0.0,0.0,0.0,0.0,0.0,0.0,0.0,0.0,0.0
clean,noisy_documentation,ddi_bleeding_dual,binary,0.08407142857142857,0.08407142857142857,0.0,0.0,0.0,0.0,0.0,0.0,0.0,0.0,0.0,0.0,0.0
clean,noisy_documentation,ddi_bleeding_triple,binary,0.0245,0.0245,0.0,0.0,0.0,0.0,0.0,0.0,0.0,0.0,0.0,0.0,0.0
clean,noisy_documentation,ddi_serotonergic_synergy,binary,0.027428571428571427,0.027428571428571427,0.0,0.0,0.0,0.0,0.0,0.0,0.0,0.0,0.0,0.0,0.0
clean,noisy_documentation,ddi_qt_multidrug_load,count,0.702,0.702,0.0,0.0,0.0,0.0,0.0,0.0,0.0,0.0,,,0.0
clean,noisy_documentation,ddi_hepatic_triple_hit,binary,0.0015,0.0015,0.0,0.0,0.0,0.0,0.0,0.0,0.0,0.0,0.0,0.0,0.0
clean,noisy_documentation,cumulative_adr_burden,continuous,1.8654971428571427,1.8654971428571427,0.0,0.0,0.0,0.0,0.0,0.0,0.0,0.0,,,0.0
clean,noisy_documentation,severe_adr_burden,binary,0.10335714285714286,0.10335714285714286,0.0,0.0,0.0,0.0,0.0,0.0,0.0,0.0,0.0,0.0,0.0
clean,noisy_documentation,statin,binary,0.3097857142857143,0.3097857142857143,0.0,0.0,0.0,0.0,0.0,0.0,0.0,0.0,0.0,0.0,0.0
clean,noisy_documentation,macrolide,binary,0.12271428571428572,0.12271428571428572,0.0,0.0,0.0,0.0,0.0,0.0,0.0,0.0,0.0,0.0,0.0
clean,noisy_documentation,azole_antifungal,binary,0.07835714285714286,0.07835714285714286,0.0,0.0,0.0,0.0,0.0,0.0,0.0,0.0,0.0,0.0,0.0
clean,noisy_documentation,metformin,binary,0.29328571428571426,0.29328571428571426,0.0,0.0,0.0,0.0,0.0,0.0,0.0,0.0,0.0,0.0,0.0
clean,noisy_documentation,digoxin,binary,0.09071428571428572,0.09071428571428572,0.0,0.0,0.0,0.0,0.0,0.0,0.0,0.0,0.0,0.0,0.0
clean,noisy_documentation,triptan,binary,0.08885714285714286,0.08885714285714286,0.0,0.0,0.0,0.0,0.0,0.0,0.0,0.0,0.0,0.0,0.0
clean,noisy_documentation,lithium,binary,0.052571428571428575,0.052571428571428575,0.0,0.0,0.0,0.0,0.0,0.0,0.0,0.0,0.0,0.0,0.0
clean,noisy_documentation,potassium_supplement,binary,0.13014285714285714,0.13014285714285714,0.0,0.0,0.0,0.0,0.0,0.0,0.0,0.0,0.0,0.0,0.0
clean,noisy_documentation,hypertension,binary,0.5300714285714285,0.5300714285714285,0.0,0.0,0.0,0.0,0.0,0.0,0.0,0.0,0.0,0.0,0.0
clean,noisy_documentation,atrial_fibrillation,binary,0.13657142857142857,0.13657142857142857,0.0,0.0,0.0,0.0,0.0,0.0,0.0,0.0,0.0,0.0,0.0
clean,noisy_documentation,epilepsy,binary,0.032857142857142856,0.032857142857142856,0.0,0.0,0.0,0.0,0.0,0.0,0.0,0.0,0.0,0.0,0.0
clean,noisy_documentation,hypothyroidism,binary,0.15,0.15,0.0,0.0,0.0,0.0,0.0,0.0,0.0,0.0,0.0,0.0,0.0
clean,noisy_documentation,obesity,binary,0.33685714285714285,0.33685714285714285,0.0,0.0,0.0,0.0,0.0,0.0,0.0,0.0,0.0,0.0,0.0
clean,noisy_documentation,nephrotoxin_load,count,1.0979285714285714,1.0979285714285714,0.0,0.0,0.0,0.0,0.0,0.0,0.0,0.0,,,0.0
clean,noisy_documentation,hepatic_drug_load,count,0.9044285714285715,0.9044285714285715,0.0,0.0,0.0,0.0,0.0,0.0,0.0,0.0,,,0.0
clean,noisy_documentation,qt_drug_load_v3,count,0.7927142857142857,0.7927142857142857,0.0,0.0,0.0,0.0,0.0,0.0,0.0,0.0,,,0.0
clean,noisy_documentation,cns_depressant_load,count,0.6017857142857143,0.6017857142857143,0.0,0.0,0.0,0.0,0.0,0.0,0.0,0.0,,,0.0
clean,noisy_documentation,bleeding_risk_load,count,1.2585,1.2585,0.0,0.0,0.0,0.0,0.0,0.0,0.0,0.0,,,0.0
clean,noisy_documentation,serotonergic_load,count,0.6242142857142857,0.6242142857142857,0.0,0.0,0.0,0.0,0.0,0.0,0.0,0.0,,,0.0
clean,noisy_documentation,cyp_inhibitor_load,count,0.20107142857142857,0.20107142857142857,0.0,0.0,0.0,0.0,0.0,0.0,0.0,0.0,,,0.0
clean,noisy_documentation,ddi_statin_cyp_inhibitor,binary,0.05821428571428571,0.05821428571428571,0.0,0.0,0.0,0.0,0.0,0.0,0.0,0.0,0.0,0.0,0.0
clean,noisy_documentation,ddi_metformin_renal_risk,binary,0.030642857142857142,0.030642857142857142,0.0,0.0,0.0,0.0,0.0,0.0,0.0,0.0,0.0,0.0,0.0
clean,noisy_documentation,ddi_lithium_renal_risk,binary,0.005071428571428571,0.005071428571428571,0.0,0.0,0.0,0.0,0.0,0.0,0.0,0.0,0.0,0.0,0.0
clean,noisy_documentation,ddi_digoxin_electrolyte_risk,binary,0.008142857142857143,0.008142857142857143,0.0,0.0,0.0,0.0,0.0,0.0,0.0,0.0,0.0,0.0,0.0
clean,noisy_documentation,ddi_serotonergic_high_load,binary,0.11492857142857144,0.11492857142857144,0.0,0.0,0.0,0.0,0.0,0.0,0.0,0.0,0.0,0.0,0.0
clean,noisy_documentation,drug_disease_nsaid_ckd,binary,0.025214285714285713,0.025214285714285713,0.0,0.0,0.0,0.0,0.0,0.0,0.0,0.0,0.0,0.0,0.0
clean,noisy_documentation,drug_disease_nsaid_heart_failure,binary,0.023,0.023,0.0,0.0,0.0,0.0,0.0,0.0,0.0,0.0,0.0,0.0,0.0
clean,noisy_documentation,drug_disease_qt_baseline_risk,binary,0.040785714285714286,0.040785714285714286,0.0,0.0,0.0,0.0,0.0,0.0,0.0,0.0,0.0,0.0,0.0
clean,noisy_documentation,drug_disease_hepatic_liver_disease,binary,0.039857142857142855,0.039857142857142855,0.0,0.0,0.0,0.0,0.0,0.0,0.0,0.0,0.0,0.0,0.0
clean,noisy_documentation,drug_disease_anticoagulant_frailty,binary,0.012142857142857143,0.012142857142857143,0.0,0.0,0.0,0.0,0.0,0.0,0.0,0.0,0.0,0.0,0.0
clean,noisy_documentation,muscle_injury,binary,0.031,0.0335,0.0025000000000000022,0.0,0.0,0.0,0.01415156370575648,0.0024999999999999467,0.014424383925360917,0.0024999999999999467,0.0025000000000000022,2.5038160555733e-05,0.0025000000000000022
clean,noisy_documentation,lactate_accumulation,binary,0.014857142857142857,0.02157142857142857,0.006714285714285714,0.0,0.0,0.0,0.050225271241841535,0.006714285714285673,0.0554986682489312,0.006714285714285673,0.006714285714285714,0.00031689946764344766,0.006714285714285714
clean,noisy_documentation,serotonin_toxicity,binary,0.015642857142857142,0.020785714285714286,0.0051428571428571435,0.0,0.0,0.0,0.038465407825817144,0.005142857142857116,0.0414448023330562,0.005142857142857116,0.0051428571428571435,0.00018548787450083939,0.0051428571428571435
clean,noisy_documentation,digoxin_toxicity,binary,0.010285714285714285,0.018214285714285714,0.007928571428571429,0.0,0.0,0.0,0.06693406421739412,0.007928571428571507,0.07858194888478715,0.007928571428571507,0.007928571428571429,0.0005667370676852848,0.007928571428571429
clean,noisy_documentation,lithium_toxicity,binary,0.006857142857142857,0.014857142857142857,0.008,0.0,0.0,0.0,0.07725497591280883,0.008000000000000007,0.09694212304545453,0.008000000000000007,0.008,0.0007625759976120825,0.008
clean,noisy_documentation,Serotonin_syndrome,binary,0.0025,0.012571428571428572,0.010071428571428571,0.0,0.0,0.0,0.11665650003107401,0.01007142857142862,0.2016808302267667,0.01007142857142862,0.010071428571428571,0.0018504310440071313,0.010071428571428571
clean,noisy_documentation,Rhabdomyolysis,binary,0.003357142857142857,0.013,0.009642857142857142,0.0,0.0,0.0,0.1072194191258203,0.009642857142857175,0.166705927601096,0.009642857142857175,0.009642857142857142,0.0015293804006697438,0.009642857142857142
clean,noisy_documentation,Lactic_acidosis,binary,0.0055,0.014857142857142857,0.009357142857142857,0.0,0.0,0.0,0.0933240785456643,0.009357142857142953,0.12652009854195798,0.009357142857142953,0.009357142857142857,0.0011277881066869256,0.009357142857142857
clean,multihospital,age,continuous,65.81977857142859,66.06699285714286,0.2472142857142785,0.0,0.0,0.0,0.0206836000942458,0.25554285714285724,0.021318769124445677,0.012499999999999983,,,0.0206836000942458
clean,multihospital,alcohol_use,binary,0.129,0.12721428571428572,-0.0017857142857142794,0.0,0.0,0.0,-0.005343124456670538,0.0017857142857142794,0.005327310869847708,0.0017857142857142794,-0.0017857142857142794,3.5686221702864993e-06,0.0017857142857142794
clean,multihospital,baseline_alt_ast,continuous,24.89476428571429,24.908814285714282,0.014049999999990348,0.0,0.0,0.0,0.0014112911277772986,0.15089285714285736,0.015071796718145453,0.0118571428571429,,,0.0014112911277772986
clean,multihospital,baseline_egfr,continuous,74.49969285714286,74.73013571428572,0.2304428571428616,0.0,0.0,0.0,0.011599996909461108,0.24185714285714274,0.012120786057255943,0.010357142857142843,,,0.011599996909461108
clean,multihospital,baseline_mood_vulnerability,binary,0.11507142857142857,0.1135,-0.0015714285714285708,0.0,0.0,0.0,-0.004939160867212521,0.001571428571428557,0.004924439249607789,0.001571428571428557,-0.0015714285714285708,3.049416484008662e-06,0.0015714285714285708
clean,multihospital,baseline_potassium,continuous,4.269931428571429,4.262906428571429,-0.007024999999999615,0.0,0.0,0.0,-0.01957737831560071,0.010846428571428578,0.030111859821199308,0.01835714285714285,,,0.01957737831560071
clean,multihospital,baseline_qt_risk,binary,0.06907142857142858,0.07064285714285715,0.0015714285714285708,0.0,0.0,0.0,0.006164764219925526,0.001571428571428557,0.006197082048008036,0.001571428571428557,0.0015714285714285708,4.750587808610143e-06,0.0015714285714285708
clean,multihospital,baseline_sodium,continuous,138.95499285714286,138.9769857142857,0.021992857142834055,0.0,0.0,0.0,0.008745233893948295,0.0416499999999999,0.01657329644658478,0.01021428571428562,,,0.008745233893948295
clean,multihospital,ckd,binary,0.09121428571428572,0.09314285714285714,0.0019285714285714184,0.0,0.0,0.0,0.006666884631935753,0.0019285714285715017,0.006698438154133431,0.0019285714285715017,0.0019285714285714184,5.5559491939073625e-06,0.0019285714285714184
clean,multihospital,depression_history,binary,0.12007142857142857,0.11457142857142857,-0.005499999999999991,0.0,0.0,0.0,-0.017091830794920954,0.00550000000000006,0.016920731763057358,0.00550000000000006,-0.005499999999999991,3.651662720672005e-05,0.005499999999999991
clean,multihospital,diabetes,binary,0.17085714285714285,0.172,0.00114285714285714,0.0,0.0,0.0,0.0030323956598298616,0.0011428571428572232,0.003036411973290415,0.0011428571428572232,0.00114285714285714,1.149427066725339e-06,0.00114285714285714
clean,multihospital,frailty,binary,0.03578571428571429,0.036,0.00021428571428570853,0.0,0.0,0.0,0.0011519314237483417,0.0002142857142857224,0.0011535902933676797,0.0002142857142857224,0.00021428571428570853,1.6586843305362113e-07,0.00021428571428570853
clean,multihospital,heart_failure,binary,0.08185714285714285,0.07728571428571429,-0.00457142857142856,0.0,0.0,0.0,-0.016892495254592334,0.00457142857142856,0.01667510270059342,0.00457142857142856,-0.00457142857142856,3.567152421070645e-05,0.00457142857142856
clean,multihospital,infection,binary,0.08292857142857143,0.08421428571428571,0.001285714285714279,0.0,0.0,0.0,0.004645873899236407,0.0012857142857142234,0.004662198881060389,0.0012857142857142234,0.001285714285714279,2.6980278804975867e-06,0.001285714285714279
clean,multihospital,liver_disease,binary,0.06092857142857143,0.05771428571428571,-0.003214285714285718,0.0,0.0,0.0,-0.013607179170328658,0.003214285714285725,0.01343769150952992,0.003214285714285725,-0.003214285714285718,2.3146008981762855e-05,0.003214285714285718
clean,multihospital,monitoring_intensity,continuous,0.38979985714285714,0.3935648571428571,0.003764999999999963,0.0,0.0,0.0,0.019103786630143553,0.004028857142857142,0.020658776460296648,0.01371428571428579,,,0.019103786630143553
clean,multihospital,polypharmacy_burden,count,4.926785714285714,4.908,-0.018785714285713517,0.0,0.0,0.0,-0.008365585902641103,0.030071428571428638,0.013335294686780677,0.006642857142857117,,,0.008365585902641103
clean,multihospital,sex_female,binary,0.5417142857142857,0.5353571428571429,-0.006357142857142839,0.0,0.0,0.0,-0.01275247546683881,0.006357142857142839,0.012758765836656421,0.006357142857142839,-0.006357142857142839,2.032751840700341e-05,0.006357142857142839
clean,multihospital,acei_arb,binary,0.5342857142857143,0.5495714285714286,0.015285714285714347,0.0,0.0,0.0,0.030683098467712656,0.015285714285714236,0.030643557087229538,0.015285714285714236,0.015285714285714347,0.00011765862038532089,0.015285714285714347
clean,multihospital,aminoglycoside,binary,0.06664285714285714,0.06757142857142857,0.0009285714285714314,0.0,0.0,0.0,0.0037112123610157956,0.0009285714285715008,0.0037231847310377525,0.0009285714285715008,0.0009285714285714314,1.721644038612147e-06,0.0009285714285714314
clean,multihospital,antibiotic_hepatic_risk,binary,0.2077142857142857,0.21278571428571427,0.00507142857142856,0.0,0.0,0.0,0.012445888398909729,0.0050714285714285046,0.012501329933501963,0.0050714285714285046,0.00507142857142856,1.936214517670831e-05,0.00507142857142856
clean,multihospital,anticholinergic,binary,0.15492857142857142,0.15578571428571428,0.0008571428571428619,0.0,0.0,0.0,0.002366199425849292,0.0008571428571428896,0.0023688673540538884,0.0008571428571428896,0.0008571428571428619,6.99862240103699e-07,0.0008571428571428619
clean,multihospital,anticoagulant,binary,0.2725,0.2794285714285714,0.006928571428571395,0.0,0.0,0.0,0.015500664155764758,0.006928571428571506,0.015561230884291215,0.006928571428571506,0.006928571428571395,3.0032622468153776e-05,0.006928571428571395
clean,multihospital,antiplatelet,binary,0.29714285714285715,0.316,0.01885714285714285,0.0,0.0,0.0,0.04090722419810234,0.018857142857142795,0.04126289667062917,0.018857142857142795,0.01885714285714285,0.0002091124923851665,0.01885714285714285
clean,multihospital,benzodiazepine,binary,0.1972142857142857,0.20014285714285715,0.002928571428571447,0.0,0.0,0.0,0.007339726091390757,0.0029285714285715025,0.007360152583371667,0.0029285714285715025,0.002928571428571447,6.7339062924059e-06,0.002928571428571447
clean,multihospital,beta_blocker,binary,0.32785714285714285,0.3327857142857143,0.004928571428571449,0.0,0.0,0.0,0.010479135138687203,0.004928571428571393,0.01049900001290933,0.004928571428571393,0.004928571428571449,1.3726252831663737e-05,0.004928571428571449
clean,multihospital,contrast_agent,binary,0.18292857142857144,0.18942857142857142,0.006499999999999978,0.0,0.0,0.0,0.016699331563319358,0.00649999999999995,0.016812897801474422,0.00649999999999995,0.006499999999999978,3.485748736789919e-05,0.006499999999999978
clean,multihospital,corticosteroid,binary,0.17064285714285715,0.18328571428571427,0.012642857142857122,0.0,0.0,0.0,0.033132382144643,0.012642857142857178,0.033607048981412965,0.012642857142857178,0.012642857142857122,0.0001372059580066285,0.012642857142857122
clean,multihospital,diuretic,binary,0.44471428571428573,0.4555,0.010785714285714287,0.0,0.0,0.0,0.021680906503393264,0.010785714285714287,0.02170451676175723,0.010785714285714287,0.010785714285714287,5.875200612378466e-05,0.010785714285714287
clean,multihospital,hepatotoxic_drug_A,binary,0.10692857142857143,0.10928571428571429,0.002357142857142863,0.0,0.0,0.0,0.007591113671688412,0.0023571428571428354,0.007627740753500309,0.0023571428571428354,0.002357142857142863,7.203149567371948e-06,0.002357142857142863
clean,multihospital,herbal_exposure,binary,0.15214285714285714,0.1495,-0.0026428571428571412,0.0,0.0,0.0,-0.007384916866695492,0.002642857142857169,0.0073584537214407605,0.002642857142857169,-0.0026428571428571412,6.817106176610255e-06,0.0026428571428571412
clean,multihospital,nsaid,binary,0.2615,0.25985714285714284,-0.001642857142857168,0.0,0.0,0.0,-0.003742236647070972,0.001642857142857057,0.0037384252722439787,0.001642857142857057,-0.001642857142857168,1.7505379972574363e-06,0.001642857142857168
clean,multihospital,opioid,binary,0.1707142857142857,0.1757857142857143,0.005071428571428588,0.0,0.0,0.0,0.013400356045066017,0.005071428571428616,0.013478553548658068,0.005071428571428616,0.005071428571428588,2.244585382436587e-05,0.005071428571428588
clean,multihospital,ppi,binary,0.382,0.3891428571428571,0.0071428571428571175,0.0,0.0,0.0,0.014675588724139873,0.0071428571428571175,0.014700971827633396,0.0071428571428571175,0.0071428571428571175,2.6920458561126293e-05,0.0071428571428571175
clean,multihospital,qt_prolonging_drug,binary,0.1362857142857143,0.1367857142857143,0.0005000000000000004,0.0,0.0,0.0,0.0014562126403714192,0.000500000000000056,0.0014573363098487535,0.000500000000000056,0.0005000000000000004,2.65069394572579e-07,0.0005000000000000004
clean,multihospital,snri,binary,0.10792857142857143,0.11614285714285714,0.008214285714285716,0.0,0.0,0.0,0.026045376192578407,0.00821428571428573,0.026472915620321454,0.00821428571428573,0.008214285714285716,8.479772952987028e-05,0.008214285714285716
clean,multihospital,ssri,binary,0.25671428571428573,0.27185714285714285,0.015142857142857125,0.0,0.0,0.0,0.034346336275761086,0.015142857142857236,0.03466609427563806,0.015142857142857236,0.015142857142857125,0.0001474309048818674,0.015142857142857125
clean,multihospital,thiazide,binary,0.19257142857142856,0.201,0.008428571428571452,0.0,0.0,0.0,0.021201465254478677,0.008428571428571341,0.02137499338287146,0.008428571428571341,0.008428571428571452,5.618495337852839e-05,0.008428571428571452
clean,multihospital,valproate_like_drug,binary,0.07892857142857143,0.08364285714285714,0.0047142857142857125,0.0,0.0,0.0,0.017251811665673425,0.004714285714285671,0.01748445595149125,0.004714285714285671,0.0047142857142857125,3.720515253416066e-05,0.0047142857142857125
clean,multihospital,anticholinergic_burden,binary,0.0945,0.09371428571428571,-0.0007857142857142924,0.0,0.0,0.0,-0.002691010118982771,0.0007857142857142785,0.0026859907820737314,0.0007857142857142785,-0.0007857142857142924,9.051926782120006e-07,0.0007857142857142924
clean,multihospital,cardiac_repolarization_delay,binary,0.17842857142857144,0.1712142857142857,-0.007214285714285729,0.0,0.0,0.0,-0.018995101629428576,0.007214285714285618,0.01884249788225921,0.007214285714285618,-0.007214285714285729,4.510033384359812e-05,0.007214285714285729
clean,multihospital,cholestatic_pattern,binary,0.11064285714285714,0.10957142857142857,-0.0010714285714285704,0.0,0.0,0.0,-0.00342284515185611,0.001071428571428612,0.0034155719131189802,0.001071428571428612,-0.0010714285714285704,1.4644844787188734e-06,0.0010714285714285704
clean,multihospital,cns_sedation,binary,0.15614285714285714,0.15742857142857142,0.001285714285714279,0.0,0.0,0.0,0.0035360868720116403,0.0012857142857143344,0.0035420031496039965,0.0012857142857143344,0.001285714285714279,1.5629876264778696e-06,0.001285714285714279
clean,multihospital,coagulation_impairment,binary,0.15121428571428572,0.15814285714285714,0.006928571428571423,0.0,0.0,0.0,0.019161857898592007,0.006928571428571395,0.019339634259843107,0.006928571428571395,0.006928571428571423,4.5896150856380904e-05,0.006928571428571423
clean,multihospital,electrolyte_disturbance,binary,0.09028571428571429,0.09542857142857143,0.0051428571428571435,0.0,0.0,0.0,0.017720501400761157,0.005142857142857116,0.01794495750634653,0.005142857142857116,0.0051428571428571435,3.925349693457438e-05,0.0051428571428571435
clean,multihospital,fatigue_pathway,binary,0.09742857142857143,0.09621428571428571,-0.0012142857142857233,0.0,0.0,0.0,-0.004106286482187637,0.0012142857142857233,0.004094839911441061,0.0012142857142857233,-0.0012142857142857233,2.107702190875594e-06,0.0012142857142857233
clean,multihospital,gastric_mucosal_injury,binary,0.10328571428571429,0.10221428571428572,-0.0010714285714285704,0.0,0.0,0.0,-0.0035287122942916204,0.001071428571428612,0.0035205948587186276,0.001071428571428612,-0.0010714285714285704,1.5564777983947042e-06,0.0010714285714285704
clean,multihospital,gastric_protection,binary,0.11178571428571428,0.1105,-0.001285714285714279,0.0,0.0,0.0,-0.004090615088514913,0.0012857142857142234,0.004080303232201514,0.0012857142857142234,-0.001285714285714279,2.091643112209229e-06,0.001285714285714279
clean,multihospital,hepatic_metabolic_stress,binary,0.13785714285714284,0.13885714285714285,0.0010000000000000009,0.0,0.0,0.0,0.0028962497998069243,0.0010000000000000009,0.0029006527869279704,0.0010000000000000009,0.0010000000000000009,1.048532638619321e-06,0.0010000000000000009
clean,multihospital,hepatocellular_injury,binary,0.07657142857142857,0.08214285714285714,0.005571428571428574,0.0,0.0,0.0,0.02061346629165032,0.0055714285714285605,0.020952292015726546,0.0055714285714285605,0.005571428571428574,5.311878547328364e-05,0.005571428571428574
clean,multihospital,monoamine_disruption,binary,0.08242857142857143,0.08592857142857142,0.0034999999999999892,0.0,0.0,0.0,0.012605802384166831,0.0035000000000000586,0.012726506884629289,0.0035000000000000586,0.0034999999999999892,1.9863804180670686e-05,0.0034999999999999892
clean,multihospital,nephrotoxic_stress,binary,0.12228571428571429,0.12714285714285714,0.0048571428571428515,0.0,0.0,0.0,0.014701430251795301,0.004857142857142782,0.014825741761189004,0.004857142857142782,0.0048571428571428515,2.7016545699717117e-05,0.0048571428571428515
clean,multihospital,oxidative_hepatic_stress,binary,0.08728571428571429,0.08307142857142857,-0.004214285714285712,0.0,0.0,0.0,-0.015097429451589695,0.004214285714285726,0.01493086493323833,0.004214285714285726,-0.004214285714285712,2.8492584656105184e-05,0.004214285714285712
clean,multihospital,platelet_inhibition,binary,0.11242857142857143,0.10471428571428572,-0.007714285714285715,0.0,0.0,0.0,-0.024798650688036977,0.0077142857142856736,0.024420565515708936,0.0077142857142856736,-0.007714285714285715,7.687426349017173e-05,0.007714285714285715
clean,multihospital,potassium_retention,binary,0.14142857142857143,0.14457142857142857,0.0031428571428571417,0.0,0.0,0.0,0.008977813650411783,0.003142857142857114,0.009019196470484016,0.003142857142857114,0.0031428571428571417,1.0075113821293442e-05,0.0031428571428571417
clean,multihospital,psychomotor_impairment,binary,0.10821428571428572,0.10964285714285714,0.001428571428571418,0.0,0.0,0.0,0.00458538639519901,0.0014285714285714457,0.004598639929181186,0.0014285714285714457,0.001428571428571418,2.6282240485863404e-06,0.001428571428571418
clean,multihospital,reduced_renal_perfusion,binary,0.175,0.17635714285714285,0.0013571428571428623,0.0,0.0,0.0,0.0035663056801529336,0.0013571428571428346,0.0035717377726386867,0.0013571428571428346,0.0013571428571428623,1.5898152606537192e-06,0.0013571428571428623
clean,multihospital,serotonergic_shift,binary,0.13985714285714285,0.1435,0.003642857142857142,0.0,0.0,0.0,0.010446504664194526,0.003642857142857059,0.010503027943356657,0.003642857142857059,0.003642857142857142,1.3641134299309087e-05,0.003642857142857142
clean,multihospital,sleep_disruption,binary,0.08792857142857143,0.08757142857142858,-0.00035714285714284755,0.0,0.0,0.0,-0.0012622970189144216,0.0003571428571429447,0.001261137775091345,0.0003571428571429447,-0.00035714285714284755,1.9917426667415963e-07,0.00035714285714284755
clean,multihospital,sodium_water_imbalance,binary,0.11271428571428571,0.11557142857142857,0.0028571428571428636,0.0,0.0,0.0,0.00898524913035499,0.0028571428571427804,0.009034637448890825,0.0028571428571427804,0.0028571428571428636,1.0091867958344244e-05,0.0028571428571428636
clean,multihospital,tubular_injury,binary,0.10028571428571428,0.10107142857142858,0.0007857142857142924,0.0,0.0,0.0,0.002611193322783896,0.0007857142857142785,0.002615729348991986,0.0007857142857142785,0.0007857142857142924,8.522918160863214e-07,0.0007857142857142924
clean,multihospital,volume_depletion,binary,0.12114285714285715,0.12185714285714286,0.000714285714285709,0.0,0.0,0.0,0.0021863173535057534,0.0007142857142857784,0.00218909150077027,0.0007142857142857784,0.000714285714285709,5.974979900801839e-07,0.000714285714285709
clean,multihospital,alt_ast_rise,binary,0.05928571428571429,0.05714285714285714,-0.0021428571428571477,0.0,0.0,0.0,-0.009151808627578905,0.002142857142857113,0.009073802476037835,0.002142857142857113,-0.0021428571428571477,1.0469787788110066e-05,0.0021428571428571477
clean,multihospital,anhedonia_like_symptom,binary,0.04314285714285714,0.04242857142857143,-0.0007142857142857159,0.0,0.0,0.0,-0.003529544497615525,0.0007142857142856673,0.003515555522117097,0.0007142857142856673,-0.0007142857142857159,1.5572230070415836e-06,0.0007142857142857159
clean,multihospital,bilirubin_rise,binary,0.021642857142857144,0.023428571428571427,0.0017857142857142828,0.0,0.0,0.0,0.012031886284708398,0.0017857142857142794,0.012271734947338539,0.0017857142857142794,0.0017857142857142828,1.8099761372853047e-05,0.0017857142857142828
clean,multihospital,cognitive_slowing,binary,0.06921428571428571,0.06864285714285714,-0.00057142857142857,0.0,0.0,0.0,-0.0022556467587346914,0.0005714285714285561,0.0022513303499783403,0.0005714285714285561,-0.00057142857142857,6.359936750129286e-07,0.00057142857142857
clean,multihospital,confusion_state,binary,0.069,0.072,0.002999999999999989,0.0,0.0,0.0,0.011719510033153697,0.0030000000000000027,0.011836460928559455,0.0030000000000000027,0.002999999999999989,1.71689796574562e-05,0.002999999999999989
clean,multihospital,creatinine_rise,binary,0.14635714285714285,0.14835714285714285,0.0020000000000000018,0.0,0.0,0.0,0.005642382822907423,0.0020000000000000018,0.005658286439115799,0.0020000000000000018,0.0020000000000000018,3.979554995205484e-06,0.0020000000000000018
clean,multihospital,dehydration,binary,0.11621428571428571,0.11421428571428571,-0.0020000000000000018,0.0,0.0,0.0,-0.0062641176954103955,0.0020000000000000018,0.006240605771533148,0.0020000000000000018,-0.0020000000000000018,4.904902807014279e-06,0.0020000000000000018
clean,multihospital,dizziness,binary,0.14307142857142857,0.1432142857142857,0.00014285714285713902,0.0,0.0,0.0,0.0004079086524512855,0.00014285714285722229,0.0004079934506449049,0.00014285714285722229,0.00014285714285713902,2.079868343929359e-08,0.00014285714285713902
clean,multihospital,fatigue_symptom,binary,0.1977142857142857,0.19192857142857142,-0.005785714285714283,0.0,0.0,0.0,-0.014608448778328226,0.005785714285714283,0.014526916110626965,0.005785714285714283,-0.005785714285714283,2.6675224341395597e-05,0.005785714285714283
clean,multihospital,gi_irritation,binary,0.09971428571428571,0.09421428571428571,-0.005500000000000005,0.0,0.0,0.0,-0.018587589817160122,0.00550000000000006,0.018356666540552877,0.00550000000000006,-0.005500000000000005,4.318881783204362e-05,0.005500000000000005
clean,multihospital,hyperkalemia_state,binary,0.060714285714285714,0.060714285714285714,0.0,0.0,0.0,0.0,0.0,0.0,0.0,0.0,0.0,0.0,0.0
clean,multihospital,hyponatremia_state,binary,0.06921428571428571,0.06964285714285715,0.00042857142857143093,0.0,0.0,0.0,0.0016860847380655007,0.0004285714285714448,0.0016884977624838646,0.0004285714285714448,0.00042857142857143093,3.553604906241604e-07,0.00042857142857143093
clean,multihospital,hypotension,binary,0.10335714285714286,0.10185714285714285,-0.0015000000000000013,0.0,0.0,0.0,-0.00494324896448732,0.0014999999999999458,0.0049273256357906855,0.0014999999999999458,-0.0015000000000000013,3.054469576175688e-06,0.0015000000000000013
clean,multihospital,jaundice,binary,0.011142857142857144,0.011142857142857144,0.0,0.0,0.0,0.0,0.0,0.0,0.0,0.0,0.0,0.0,0.0
clean,multihospital,mood_lowering,binary,0.08978571428571429,0.08635714285714285,-0.0034285714285714336,0.0,0.0,0.0,-0.012098268413930434,0.0034285714285713365,0.011993274034055897,0.0034285714285713365,-0.0034285714285714336,1.829639750095392e-05,0.0034285714285714336
clean,multihospital,nausea,binary,0.10635714285714286,0.104,-0.002357142857142863,0.0,0.0,0.0,-0.007683468007211036,0.0023571428571428354,0.007645758548283438,0.0023571428571428354,-0.002357142857142863,7.379489582275394e-06,0.002357142857142863
clean,multihospital,occult_bleeding,binary,0.027071428571428573,0.028142857142857143,0.0010714285714285704,0.0,0.0,0.0,0.006539340230515825,0.001071428571428612,0.006601872878977743,0.001071428571428612,0.0010714285714285704,5.345640445029987e-06,0.0010714285714285704
clean,multihospital,overt_bleeding,binary,0.025142857142857144,0.02407142857142857,-0.0010714285714285739,0.0,0.0,0.0,-0.006915847992757001,0.001071428571428612,0.006843612650072664,0.001071428571428612,-0.0010714285714285739,5.979008437034903e-06,0.0010714285714285739
clean,multihospital,qt_prolongation_state,binary,0.048857142857142856,0.048285714285714286,-0.00057142857142857,0.0,0.0,0.0,-0.0026581764238949464,0.0005714285714285561,0.0026507882868597827,0.0005714285714285561,-0.00057142857142857,8.832410243476681e-07,0.00057142857142857
clean,multihospital,sedation_state,binary,0.12957142857142856,0.12892857142857142,-0.0006428571428571395,0.0,0.0,0.0,-0.001916252152303429,0.0006428571428571672,0.001914226310471165,0.0006428571428571672,-0.0006428571428571395,4.5900278081086347e-07,0.0006428571428571395
clean,multihospital,sleep_disturbance_symptom,binary,0.11521428571428571,0.12242857142857143,0.007214285714285715,0.0,0.0,0.0,0.022296719807612043,0.007214285714285729,0.02259545657320198,0.007214285714285729,0.007214285714285715,6.214367529924834e-05,0.007214285714285715
clean,multihospital,adr_reported,binary,0.04285714285714286,0.04378571428571429,0.0009285714285714314,0.0,0.0,0.0,0.00456123069348669,0.0009285714285715008,0.004584746503081244,0.0009285714285715008,0.0009285714285714314,2.6006372872499988e-06,0.0009285714285714314
clean,multihospital,creatinine_tested,binary,0.4868571428571429,0.49057142857142855,0.00371428571428567,0.0,0.0,0.0,0.007430515748502306,0.00371428571428567,0.0074311391032508,0.00371428571428567,0.00371428571428567,6.901491183245573e-06,0.00371428571428567
clean,multihospital,ecg_performed,binary,0.243,0.2532857142857143,0.010285714285714287,0.0,0.0,0.0,0.023814786283441403,0.010285714285714342,0.023981888522249823,0.010285714285714342,0.010285714285714287,7.088690864603606e-05,0.010285714285714287
clean,multihospital,electrolyte_abnormality_recorded,binary,0.10642857142857143,0.11071428571428571,0.004285714285714282,0.0,0.0,0.0,0.013776296026907022,0.004285714285714337,0.013897268916494407,0.004285714285714337,0.004285714285714282,2.372354160541483e-05,0.004285714285714282
clean,multihospital,electrolytes_tested,binary,0.4242142857142857,0.42942857142857144,0.005214285714285727,0.0,0.0,0.0,0.010542237048134164,0.005214285714285616,0.010550468299137567,0.005214285714285616,0.005214285714285727,1.3892029225820706e-05,0.005214285714285727
clean,multihospital,elevated_alt_ast_recorded,binary,0.028428571428571428,0.027,-0.0014285714285714284,0.0,0.0,0.0,-0.008702765355337497,0.0014285714285714457,0.008595815284654118,0.0014285714285714457,-0.0014285714285714284,9.468105693439892e-06,0.0014285714285714284
clean,multihospital,elevated_creatinine_recorded,binary,0.09357142857142857,0.09357142857142857,0.0,0.0,0.0,0.0,0.0,0.0,0.0,0.0,0.0,0.0,0.0
clean,multihospital,fall_reported,binary,0.05828571428571429,0.05735714285714286,-0.0009285714285714314,0.0,0.0,0.0,-0.003978369858329843,0.0009285714285713897,0.0039634617904265885,0.0009285714285713897,-0.0009285714285714314,1.9784405486112364e-06,0.0009285714285714314
clean,multihospital,hospital_contact,binary,0.27085714285714285,0.27264285714285713,0.0017857142857142794,0.0,0.0,0.0,0.004014096646473996,0.0017857142857142794,0.004018236679135485,0.0017857142857142794,0.0017857142857142794,2.0141161485844007e-06,0.0017857142857142794
clean,multihospital,lft_tested,binary,0.3292857142857143,0.33285714285714285,0.0035714285714285587,0.0,0.0,0.0,0.007589171565993529,0.0035714285714285587,0.007599530205484133,0.0035714285714285587,0.0035714285714285587,7.1993631518304894e-06,0.0035714285714285587
clean,multihospital,mood_screening_done,binary,0.17685714285714285,0.1772142857142857,0.0003571428571428614,0.0,0.0,0.0,0.0009356664948360259,0.0003571428571429447,0.0009360370934008948,0.0003571428571429447,0.0003571428571428614,1.0943396514720546e-07,0.0003571428571428614
clean,multihospital,qt_recorded,binary,0.018357142857142857,0.019071428571428573,0.0007142857142857159,0.0,0.0,0.0,0.005270952549043843,0.0007142857142856673,0.0053209927242656475,0.0007142857142856673,0.0007142857142857159,3.47305036225206e-06,0.0007142857142857159
clean,multihospital,AKI,binary,0.131,0.134,0.0030000000000000027,0.0,0.0,0.0,0.00884876832057842,0.0030000000000000027,0.008891514041604796,0.0030000000000000027,0.0030000000000000027,9.787578022241758e-06,0.0030000000000000027
clean,multihospital,DILI,binary,0.018,0.018714285714285715,0.0007142857142857159,0.0,0.0,0.0,0.005321011556000127,0.0007142857142856673,0.005372543838172555,0.0007142857142856673,0.0007142857142857159,3.5393396461683624e-06,0.0007142857142857159
clean,multihospital,Delirium,binary,0.03692857142857143,0.03742857142857143,0.0005000000000000004,0.0,0.0,0.0,0.0026427200563416673,0.000500000000000056,0.002651303842316123,0.000500000000000056,0.0005000000000000004,8.730009725378088e-07,0.0005000000000000004
clean,multihospital,Depression,binary,0.08464285714285714,0.08321428571428571,-0.0014285714285714318,0.0,0.0,0.0,-0.005152094454666864,0.0014285714285714457,0.0051322938646755235,0.0014285714285714457,-0.0014285714285714318,3.3180243622563913e-06,0.0014285714285714318
clean,multihospital,Falls,binary,0.07785714285714286,0.07764285714285714,-0.0002142857142857224,0.0,0.0,0.0,-0.0008002371756536201,0.0002142857142857224,0.0007997327561930205,0.0002142857142857224,-0.0002142857142857224,8.004745272635177e-08,0.0002142857142857224
clean,multihospital,GI_bleeding,binary,0.021214285714285713,0.02457142857142857,0.003357142857142857,0.0,0.0,0.0,0.022447918815078006,0.0033571428571428363,0.023297633253695507,0.0033571428571428363,0.003357142857142857,6.303595932378601e-05,0.003357142857142857
clean,multihospital,Hospitalization,binary,0.225,0.22421428571428573,-0.0007857142857142785,0.0,0.0,0.0,-0.0018827478581744444,0.0007857142857142785,0.0018815793545661956,0.0007857142857142785,-0.0007857142857142785,4.4309222405858567e-07,0.0007857142857142785
clean,multihospital,Hyperkalemia,binary,0.048357142857142855,0.0485,0.00014285714285714596,0.0,0.0,0.0,0.0006654730282236286,0.00014285714285711126,0.0006659393032245533,0.00014285714285711126,0.00014285714285714596,5.535680698699725e-08,0.00014285714285714596
clean,multihospital,Hyponatremia,binary,0.07871428571428571,0.07771428571428571,-0.0010000000000000009,0.0,0.0,0.0,-0.0037242834286495105,0.0010000000000000009,0.003713436929815073,0.0010000000000000009,-0.0010000000000000009,1.7337907621876284e-06,0.0010000000000000009
clean,multihospital,QT_arrhythmia,binary,0.015928571428571427,0.017214285714285713,0.0012857142857142859,0.0,0.0,0.0,0.010071602816945899,0.0012857142857143344,0.010269345002193269,0.0012857142857143344,0.0012857142857142859,1.2682455769393605e-05,0.0012857142857142859
clean,multihospital,active_drug_count,count,5.868714285714286,6.044714285714286,0.17600000000000016,0.0,0.0,0.0,0.0783276401861853,0.176,0.07992295862309608,0.025285714285714245,,,0.0783276401861853
clean,multihospital,ddi_renal_double_hit,binary,0.14135714285714285,0.1447142857142857,0.003357142857142864,0.0,0.0,0.0,0.009588953393301318,0.0033571428571428363,0.00963617463949512,0.0033571428571428363,0.003357142857142864,1.1493466336733992e-05,0.003357142857142864
clean,multihospital,ddi_renal_triple_whammy,binary,0.06814285714285714,0.06842857142857142,0.00028571428571427804,0.0,0.0,0.0,0.00113272821849251,0.0002857142857142225,0.0011338278411314113,0.0002857142857142225,0.00028571428571427804,1.603842096690425e-07,0.00028571428571427804
clean,multihospital,ddi_cns_depression_synergy,binary,0.033357142857142856,0.0385,0.0051428571428571435,0.0,0.0,0.0,0.02763575518274028,0.005142857142857116,0.028640263891122033,0.005142857142857116,0.0051428571428571435,9.552737081842803e-05,0.0051428571428571435
clean,multihospital,ddi_bleeding_dual,binary,0.08407142857142857,0.091,0.006928571428571423,0.0,0.0,0.0,0.024517475549112832,0.006928571428571395,0.02496828320507462,0.006928571428571395,0.006928571428571423,7.514495751644967e-05,0.006928571428571423
clean,multihospital,ddi_bleeding_triple,binary,0.0245,0.024785714285714286,0.000285714285714285,0.0,0.0,0.0,0.0018429127553398605,0.00028571428571433355,0.001848141744190753,0.00028571428571433355,0.000285714285714285,4.245428868530611e-07,0.000285714285714285
clean,multihospital,ddi_serotonergic_synergy,binary,0.027428571428571427,0.03271428571428572,0.005285714285714289,0.0,0.0,0.0,0.03095343025104551,0.005285714285714227,0.03236244580606821,0.005285714285714227,0.005285714285714289,0.00011988564717367849,0.005285714285714289
clean,multihospital,ddi_qt_multidrug_load,count,0.702,0.7465714285714286,0.044571428571428595,0.0,0.0,0.0,0.05729714575613974,0.04457142857142843,0.058407506919206716,0.020500000000000018,,,0.05729714575613974
clean,multihospital,ddi_hepatic_triple_hit,binary,0.0015,0.0024285714285714284,0.0009285714285714283,0.0,0.0,0.0,0.02097315779060153,0.0009285714285715008,0.023993613153944746,0.0009285714285715008,0.0009285714285714283,5.550080603589712e-05,0.0009285714285714283
clean,multihospital,cumulative_adr_burden,continuous,1.8654971428571427,1.8903628571428568,0.024865714285714047,0.0,0.0,0.0,0.01599571576575798,0.025182857142857142,0.016245089182048738,0.011571428571428566,,,0.01599571576575798
clean,multihospital,severe_adr_burden,binary,0.10335714285714286,0.10571428571428572,0.002357142857142863,0.0,0.0,0.0,0.007704290432079835,0.0023571428571429465,0.007742940284814508,0.0023571428571429465,0.002357142857142863,7.4195422671655695e-06,0.002357142857142863
clean,multihospital,statin,binary,0.3097857142857143,0.31364285714285717,0.0038571428571428923,0.0,0.0,0.0,0.008327348833380863,0.0038571428571427813,0.008341478965394958,0.0038571428571427813,0.0038571428571428923,8.667983653166044e-06,0.0038571428571428923
clean,multihospital,macrolide,binary,0.12271428571428572,0.138,0.015285714285714291,0.0,0.0,0.0,0.04541086478804854,0.015285714285714347,0.046587311343454854,0.015285714285714347,0.015285714285714291,0.0002577644809408316,0.015285714285714291
clean,multihospital,azole_antifungal,binary,0.07835714285714286,0.08378571428571428,0.0054285714285714215,0.0,0.0,0.0,0.019889883595614527,0.005428571428571338,0.020200630734601616,0.005428571428571338,0.0054285714285714215,4.945454164058502e-05,0.0054285714285714215
clean,multihospital,metformin,binary,0.29328571428571426,0.30178571428571427,0.008500000000000008,0.0,0.0,0.0,0.018593280294097347,0.008500000000000063,0.018670310295304537,0.008500000000000063,0.008500000000000008,4.321113517968779e-05,0.008500000000000008
clean,multihospital,digoxin,binary,0.09071428571428572,0.09507142857142857,0.004357142857142851,0.0,0.0,0.0,0.01501044531817713,0.004357142857142837,0.01517098478178704,0.004357142857142837,0.004357142857142851,2.8164942108062363e-05,0.004357142857142851
clean,multihospital,triptan,binary,0.08885714285714286,0.08842857142857143,-0.00042857142857143093,0.0,0.0,0.0,-0.0015078466114197284,0.0004285714285714448,0.0015062040288050824,0.0004285714285714448,-0.00042857142857143093,2.842002664114586e-07,0.00042857142857143093
clean,multihospital,lithium,binary,0.052571428571428575,0.05285714285714286,0.000285714285714285,0.0,0.0,0.0,0.0012785784708999252,0.0002857142857142225,0.0012802177005824338,0.0002857142857142225,0.000285714285714285,2.043455168088083e-07,0.000285714285714285
clean,multihospital,potassium_supplement,binary,0.13014285714285714,0.13585714285714287,0.005714285714285727,0.0,0.0,0.0,0.01682836624516308,0.005714285714285783,0.016983524255285765,0.005714285714285783,0.005714285714285727,3.5399102165088866e-05,0.005714285714285727
clean,multihospital,hypertension,binary,0.5300714285714285,0.5309285714285714,0.0008571428571428896,0.0,0.0,0.0,0.0017174847047146191,0.0008571428571428341,0.0017173945764349726,0.0008571428571428341,0.0008571428571428896,3.687189879240417e-07,0.0008571428571428896
clean,multihospital,atrial_fibrillation,binary,0.13657142857142857,0.13314285714285715,-0.0034285714285714197,0.0,0.0,0.0,-0.010037782498390312,0.0034285714285714475,0.009984356230293328,0.0034285714285714475,-0.0034285714285714197,1.2594612021372812e-05,0.0034285714285714197
clean,multihospital,epilepsy,binary,0.032857142857142856,0.03685714285714286,0.0040000000000000036,0.0,0.0,0.0,0.021809420083062414,0.0040000000000000036,0.022438807818886623,0.0040000000000000036,0.0040000000000000036,5.948080636096356e-05,0.0040000000000000036
clean,multihospital,hypothyroidism,binary,0.15,0.14764285714285713,-0.002357142857142863,0.0,0.0,0.0,-0.006622854438579919,0.0023571428571428354,0.006601320396131986,0.0023571428571428354,-0.002357142857142863,5.4827640357190364e-06,0.002357142857142863
clean,multihospital,obesity,binary,0.33685714285714285,0.3359285714285714,-0.0009285714285714453,0.0,0.0,0.0,-0.0019653351317605043,0.0009285714285713897,0.001964666718279333,0.0009285714285713897,-0.0009285714285714453,4.828174213195426e-07,0.0009285714285714453
clean,multihospital,nephrotoxin_load,count,1.0979285714285714,1.1192857142857142,0.021357142857142852,0.0,0.0,0.0,0.025020199573655942,0.021500000000000075,0.025261995609700466,0.009642857142857175,,,0.025020199573655942
clean,multihospital,hepatic_drug_load,count,0.9044285714285715,0.9411428571428572,0.0367142857142857,0.0,0.0,0.0,0.04253233174089372,0.03671428571428559,0.042957949539306685,0.01571428571428568,,,0.04253233174089372
clean,multihospital,qt_drug_load_v3,count,0.7927142857142857,0.8416428571428571,0.04892857142857143,0.0,0.0,0.0,0.05888117079071337,0.04892857142857132,0.060005037092225565,0.02121428571428574,,,0.05888117079071337
clean,multihospital,cns_depressant_load,count,0.6017857142857143,0.6153571428571428,0.013571428571428568,0.0,0.0,0.0,0.018895179225841205,0.013571428571428679,0.01904525051655954,0.00642857142857145,,,0.018895179225841205
clean,multihospital,bleeding_risk_load,count,1.2585,1.3104285714285715,0.051928571428571546,0.0,0.0,0.0,0.052499451315148195,0.05192857142857135,0.052905990464858325,0.02114285714285713,,,0.052499451315148195
clean,multihospital,serotonergic_load,count,0.6242142857142857,0.6522142857142857,0.028000000000000025,0.0,0.0,0.0,0.03863102933192561,0.02900000000000008,0.040271143714477445,0.017571428571428627,,,0.03863102933192561
clean,multihospital,cyp_inhibitor_load,count,0.20107142857142857,0.22178571428571428,0.020714285714285713,0.0,0.0,0.0,0.04767739760758842,0.020714285714285685,0.048775830292736286,0.01828571428571435,,,0.04767739760758842
clean,multihospital,ddi_statin_cyp_inhibitor,binary,0.05821428571428571,0.065,0.006785714285714291,0.0,0.0,0.0,0.028224803795452634,0.006785714285714284,0.02898042391315138,0.006785714285714284,0.006785714285714291,9.960741275899911e-05,0.006785714285714291
clean,multihospital,ddi_metformin_renal_risk,binary,0.030642857142857142,0.03428571428571429,0.0036428571428571456,0.0,0.0,0.0,0.020555528559373926,0.003642857142857059,0.021136623170789223,0.003642857142857059,0.0036428571428571456,5.283748269753008e-05,0.0036428571428571456
clean,multihospital,ddi_lithium_renal_risk,binary,0.005071428571428571,0.003857142857142857,-0.0012142857142857142,0.0,0.0,0.0,-0.01821522263742864,0.0012142857142857233,0.017094632856036587,0.0012142857142857233,-0.0012142857142857142,4.159907315827812e-05,0.0012142857142857142
clean,multihospital,ddi_digoxin_electrolyte_risk,binary,0.008142857142857143,0.008928571428571428,0.0007857142857142854,0.0,0.0,0.0,0.008541027839082692,0.0007857142857142785,0.008742822857492493,0.0007857142857142785,0.0007857142857142854,9.12167279725577e-06,0.0007857142857142854
clean,multihospital,ddi_serotonergic_high_load,binary,0.11492857142857144,0.1255,0.010571428571428565,0.0,0.0,0.0,0.03251056797225468,0.010571428571428565,0.033145953355008154,0.010571428571428565,0.010571428571428565,0.00013211979512877878,0.010571428571428565
clean,multihospital,drug_disease_nsaid_ckd,binary,0.025214285714285713,0.026571428571428572,0.0013571428571428588,0.0,0.0,0.0,0.008545474409533757,0.0013571428571428346,0.008656606023088194,0.0013571428571428346,0.0013571428571428588,9.128993063237177e-06,0.0013571428571428588
clean,multihospital,drug_disease_nsaid_heart_failure,binary,0.023,0.02157142857142857,-0.0014285714285714284,0.0,0.0,0.0,-0.009678048297352275,0.0014285714285714457,0.00952995302930746,0.0014285714285714457,-0.0014285714285714284,1.1709763901458412e-05,0.0014285714285714284
clean,multihospital,drug_disease_qt_baseline_risk,binary,0.040785714285714286,0.04185714285714286,0.0010714285714285704,0.0,0.0,0.0,0.005383201331499712,0.001071428571428501,0.00541690685705632,0.001071428571428501,0.0010714285714285704,3.622428124095637e-06,0.0010714285714285704
clean,multihospital,drug_disease_hepatic_liver_disease,binary,0.039857142857142855,0.038642857142857145,-0.0012142857142857094,0.0,0.0,0.0,-0.006253137540584053,0.0012142857142857233,0.0062072591361839,0.0012142857142857233,-0.0012142857142857094,4.887855657148945e-06,0.0012142857142857094
clean,multihospital,drug_disease_anticoagulant_frailty,binary,0.012142857142857143,0.011142857142857144,-0.0009999999999999992,0.0,0.0,0.0,-0.009322190652655885,0.0010000000000000009,0.009130456357436551,0.0010000000000000009,-0.0009999999999999992,1.0865971309134725e-05,0.0009999999999999992
clean,multihospital,muscle_injury,binary,0.031,0.034,0.0030000000000000027,0.0,0.0,0.0,0.016918802712231163,0.0030000000000000027,0.017309260710433486,0.0030000000000000027,0.0030000000000000027,3.579047574798176e-05,0.0030000000000000027
clean,multihospital,lactate_accumulation,binary,0.014857142857142857,0.015428571428571429,0.0005714285714285717,0.0,0.0,0.0,0.004679210767928256,0.0005714285714285561,0.004723290914802558,0.0005714285714285561,0.0005714285714285717,2.7370216462181815e-06,0.0005714285714285717
clean,multihospital,serotonin_toxicity,binary,0.015642857142857142,0.014571428571428572,-0.0010714285714285704,0.0,0.0,0.0,-0.008783786069557476,0.001071428571428612,0.008634333819387082,0.001071428571428612,-0.0010714285714285704,9.646167894405934e-06,0.0010714285714285704
clean,multihospital,digoxin_toxicity,binary,0.010285714285714285,0.01,-0.000285714285714285,0.0,0.0,0.0,-0.0028514514534522866,0.0002857142857142225,0.002831781941793477,0.0002857142857142225,-0.000285714285714285,1.0163781224756913e-06,0.000285714285714285
clean,multihospital,lithium_toxicity,binary,0.006857142857142857,0.008357142857142856,0.0014999999999999996,0.0,0.0,0.0,0.017264533126002634,0.0014999999999999458,0.018176648071022053,0.0014999999999999458,0.0014999999999999996,3.731536720076893e-05,0.0014999999999999996
clean,multihospital,Serotonin_syndrome,binary,0.0025,0.0025,0.0,0.0,0.0,0.0,0.0,0.0,0.0,0.0,0.0,0.0,0.0
clean,multihospital,Rhabdomyolysis,binary,0.003357142857142857,0.003142857142857143,-0.00021428571428571417,0.0,0.0,0.0,-0.003764949765198689,0.0002142857142857224,0.0037045761689133727,0.0002142857142857224,-0.00021428571428571417,1.772169607389022e-06,0.00021428571428571417
clean,multihospital,Lactic_acidosis,binary,0.0055,0.004428571428571428,-0.0010714285714285713,0.0,0.0,0.0,-0.015245024299306244,0.001071428571428501,0.01448703418419256,0.001071428571428501,-0.0010714285714285713,2.910602324421454e-05,0.0010714285714285713
